alphalocalization,bioSteps,bioThreshold,diffusion,diffusionsteps,distance,entropy,gravityHierarchyExponent,gravityInflexion,gravityRadius,growthrate,hierarchyRole,id,laAccessibility,laBw,laCloseness,laDroadCoef,laPopCoef,maxNewLinksNumber,meanBwCentrality,meanClosenessCentrality,meanPathLength,meanRelativeSpeed,moran,nwHeuristic,nwLength,nwUpdateTime,replication,rsquared,slope,totalTime
2.0,60.0,0.5,0.1,2.0,0.7846092397083471,0.9082638905071032,3.0,10.0,200.0,1000.0,0.5,3,1.0,0.0,0.0,0.5,0.5,10.0,0.060130620824262446,0.06509425520955836,0.35725917115521005,0.8451350862924644,0.16936886711310364,2,390.3186643927139,5.0,1003343277,0.4511543595614008,-1.7661423697660192,10.0
2.0,60.0,0.5,0.1,2.0,0.7972900879699726,0.9343567107233566,3.0,10.0,200.0,1000.0,0.5,3,1.0,0.0,0.0,0.5,0.5,10.0,0.04154636387416954,0.031134244094549297,0.39146760062974173,0.819387087848848,0.1433292555821199,2,629.1767411832449,5.0,-1074625722,0.6016420290617429,-1.152204905498379,10.0
2.0,60.0,0.5,0.1,2.0,0.8057988707147558,0.9382508575706315,3.0,10.0,200.0,1000.0,0.5,3,1.0,0.0,0.0,0.5,0.5,10.0,0.04706584418195853,0.04333787956552117,0.4231108624761796,0.8106142642878048,0.11570373599466283,2,528.7514876587571,5.0,-2086665346,0.48028607285793806,-1.2154581828850564,10.0
2.0,60.0,0.5,0.1,2.0,0.8768312636744328,0.9232088812830923,3.0,10.0,200.0,1000.0,0.5,3,1.0,0.0,0.0,0.5,0.5,10.0,0.04807768374735758,0.04109638921727167,0.43981231414526983,0.8478792127687578,0.17317601839023683,2,505.5040216802288,5.0,1324538596,0.49210741276964864,-1.3469774993109795,10.0
2.0,60.0,0.5,0.1,2.0,0.8404739084456415,0.9367512936468436,3.0,10.0,200.0,1000.0,0.5,3,1.0,0.0,0.0,0.5,0.5,10.0,0.042285412381832935,0.035331850694662124,0.41906740707239787,0.8222102878144677,0.11713606731466264,2,563.1989552929753,5.0,1833693792,0.6040156932169355,-1.1591978137456018,10.0
2.0,60.0,0.5,0.1,2.0,0.9161620472176815,0.9442063837551047,3.0,10.0,200.0,1000.0,0.5,3,1.0,0.0,0.0,0.5,0.5,10.0,0.04582642343836374,0.03575196341662704,0.4207228757649704,0.8198596173929369,0.10655283470486346,2,610.6070825256912,5.0,-933266411,0.5418576322546922,-1.088735687560793,10.0
2.0,60.0,0.5,0.1,2.0,0.9405290691763297,0.9274407217593983,3.0,10.0,200.0,1000.0,0.5,3,1.0,0.0,0.0,0.5,0.5,10.0,0.04514733054556063,0.04574288578060813,0.47349091502491875,0.8397731389996284,0.13237717742190416,2,497.9669957204714,5.0,-1175977749,0.5544198390806423,-1.266121292188824,10.0
2.0,60.0,0.5,0.1,2.0,0.7984278003924912,0.9261736595506348,3.0,10.0,200.0,1000.0,0.5,3,1.0,0.0,0.0,0.5,0.5,10.0,0.06013426147333369,0.06695281191392383,0.4202658062960176,0.822029259677371,0.129809108761388,2,384.24985998081416,5.0,285357168,0.6030711308439525,-1.2566894606500076,10.0
2.0,60.0,0.5,0.1,2.0,0.9260385185264798,0.9419174032977685,3.0,10.0,200.0,1000.0,0.5,3,1.0,0.0,0.0,0.5,0.5,10.0,0.06152929857515921,0.05096784190332139,0.5207451928303347,0.791877595498073,0.10167394748028458,2,480.09809607324536,5.0,511548935,0.596969939557377,-1.059348035409404,10.0
2.0,60.0,0.5,0.1,2.0,0.8546321546615966,0.9273857188219876,3.0,10.0,200.0,1000.0,0.5,3,1.0,0.0,0.0,0.5,0.5,10.0,0.030613830613830613,0.03047935440773115,0.33588000746997987,0.8574429243098493,0.16880950149102383,2,718.2111034780908,5.0,1303936905,0.5138113535103191,-1.41201043672089,10.0
2.0,30.0,0.5,0.1,2.0,0.9174010452998878,0.9382429553260669,3.0,10.0,200.0,1000.0,0.5,2,1.0,0.0,0.0,0.5,0.5,10.0,0.0382734539893549,0.02714978965943703,0.4551083669346649,0.8362905553809058,0.12918096694089493,2,713.9806020125955,5.0,468340748,0.5257254535475883,-1.159082847990713,10.0
2.0,30.0,0.5,0.1,2.0,0.8049715093671733,0.9346674140944942,3.0,10.0,200.0,1000.0,0.5,2,1.0,0.0,0.0,0.5,0.5,10.0,0.038780263828189936,0.030273881243532953,0.3953771918186723,0.8053986295085199,0.11815722161244124,2,673.132750943555,5.0,-2058224743,0.5574281819862235,-1.1723828965732734,10.0
2.0,30.0,0.5,0.1,2.0,0.8360633869206897,0.9388322777622066,3.0,10.0,200.0,1000.0,0.5,2,1.0,0.0,0.0,0.5,0.5,10.0,0.03419130884868125,0.030164885430296214,0.3796759088724546,0.8565376699891938,0.13187436329682992,2,807.1960815917912,5.0,1649588154,0.6091975197039811,-1.0753766834853176,10.0
2.0,30.0,0.5,0.1,2.0,0.8619352639946326,0.9313116827427381,3.0,10.0,200.0,1000.0,0.5,2,1.0,0.0,0.0,0.5,0.5,10.0,0.03363550102765027,0.027466707940459235,0.4035735021284084,0.8410370264644189,0.17363131989163286,2,713.151015182264,5.0,-1919134055,0.6019907349198922,-1.2098437617323772,10.0
2.0,30.0,0.5,0.1,2.0,0.8918387566338009,0.9369719024419909,3.0,10.0,200.0,1000.0,0.5,2,1.0,0.0,0.0,0.5,0.5,10.0,0.039617813751369975,0.034704269124734156,0.423384009685117,0.8376605587776363,0.15550774284249871,2,646.2740524291397,5.0,-996441651,0.5723131920464769,-1.1197772609759902,10.0
2.0,30.0,0.5,0.1,2.0,0.8692926443158817,0.9324099411791879,3.0,10.0,200.0,1000.0,0.5,2,1.0,0.0,0.0,0.5,0.5,10.0,0.03517183234281189,0.03026574494825769,0.3909160913912761,0.8309839573930446,0.11789116248860529,2,694.2766635273658,5.0,1995315941,0.5860609460789944,-1.2045417815937087,10.0
2.0,30.0,0.5,0.1,2.0,0.784490015184613,0.940775692802708,3.0,10.0,200.0,1000.0,0.5,2,1.0,0.0,0.0,0.5,0.5,10.0,0.04105976208975804,0.03314739132788547,0.4372205602886814,0.800162944293822,0.15171451241588935,2,640.609222571318,5.0,-405606085,0.5128013146131668,-1.0868707282009087,10.0
2.0,30.0,0.5,0.1,2.0,0.906572377791792,0.918658120098116,3.0,10.0,200.0,1000.0,0.5,2,1.0,0.0,0.0,0.5,0.5,10.0,0.03619846121697373,0.02625184824952351,0.43440057553130546,0.8439157778264503,0.20614785821677667,2,725.7600874452633,5.0,1998631950,0.38832662551744207,-1.8292815890954373,10.0
2.0,30.0,0.5,0.1,2.0,0.8464457075897324,0.9414022785329517,3.0,10.0,200.0,1000.0,0.5,2,1.0,0.0,0.0,0.5,0.5,10.0,0.03448471926083866,0.02607042463248284,0.38353529413511367,0.8564949609846888,0.15289879648864302,2,769.3126299465337,5.0,805010228,0.38061242818753976,-1.2686967570740741,10.0
2.0,30.0,0.5,0.1,2.0,0.8052456700632988,0.9272342101349341,3.0,10.0,200.0,1000.0,0.5,2,1.0,0.0,0.0,0.5,0.5,10.0,0.03254968916907452,0.027977523564368785,0.3667287789551325,0.8599932032941213,0.17322662532488445,2,707.963803981223,5.0,-308008799,0.4116859007480381,-1.5337961799736979,10.0
2.0,30.0,0.5,0.1,2.0,0.8119411449097268,0.9347414792323646,3.0,10.0,200.0,1000.0,0.5,2,1.0,0.0,0.0,0.5,0.5,10.0,0.03459200353846953,0.026240053579117736,0.3984885525886097,0.8333254141661106,0.1300245415447395,2,774.6271883091052,5.0,1926172103,0.592177050946481,-1.105776422322715,10.0
2.0,30.0,0.5,0.1,2.0,0.8207688914523161,0.9263044656287691,3.0,10.0,200.0,1000.0,0.5,2,1.0,0.0,0.0,0.5,0.5,10.0,0.044689716203094844,0.0433174988776107,0.4540000114235113,0.7889476504451487,0.13936944195141346,2,480.32685225528485,5.0,667628786,0.578537536894013,-1.2563733322145356,10.0
2.0,30.0,0.5,0.1,2.0,0.9137003638987855,0.9380193368815616,3.0,10.0,200.0,1000.0,0.5,2,1.0,0.0,0.0,0.5,0.5,10.0,0.03417077985924105,0.02949643976049802,0.3992103925553965,0.8609577778460886,0.12177095344364683,2,748.7692352735493,5.0,-707951026,0.6225002993670434,-1.1021961779653644,10.0
2.0,30.0,0.5,0.1,2.0,0.815077966989328,0.9465930702961991,3.0,10.0,200.0,1000.0,0.5,2,1.0,0.0,0.0,0.5,0.5,10.0,0.031154682169080072,0.025120114818080377,0.3755389204968578,0.84307855083782,0.13758796016406236,2,775.4154024937586,5.0,947799656,0.519629563417468,-0.9977841074406963,10.0
2.0,30.0,0.5,0.1,2.0,0.8255825265161402,0.945895547684992,3.0,10.0,200.0,1000.0,0.5,2,1.0,0.0,0.0,0.5,0.5,10.0,0.035340104521260754,0.026507977082975,0.38607556199069676,0.8481306031338928,0.13151677128792155,2,808.570072785018,5.0,-1133957019,0.5208032986996526,-1.0171349573695394,10.0
2.0,30.0,0.5,0.1,2.0,0.8194123237446632,0.9416057937754226,3.0,10.0,200.0,1000.0,0.5,2,1.0,0.0,0.0,0.5,0.5,10.0,0.03277461866218934,0.027326183416636653,0.40756471875233546,0.8333597887411264,0.12424740720704538,2,756.477614840634,5.0,1032617447,0.5403908943290573,-1.1016047313736874,10.0
2.0,30.0,0.5,0.1,2.0,0.7753548708003584,0.9372450705669816,3.0,10.0,200.0,1000.0,0.5,2,1.0,0.0,0.0,0.5,0.5,10.0,0.03628418108604451,0.042615365195715266,0.29824393033025776,0.8539449504974473,0.13510252477425333,2,554.4982160695139,5.0,-2103382286,0.5455060287697141,-1.1736500178119078,10.0
2.0,30.0,0.5,0.1,2.0,0.856268524927449,0.9197131311024579,3.0,10.0,200.0,1000.0,0.5,2,1.0,0.0,0.0,0.5,0.5,10.0,0.0454027912644466,0.04473199722480895,0.4460499094253428,0.8106927992760211,0.17235476971005206,2,496.9270526982717,5.0,1758093181,0.5722149604989192,-1.32906722404652,10.0
2.0,30.0,0.5,0.1,2.0,0.8326746845198432,0.9377875692212873,3.0,10.0,200.0,1000.0,0.5,2,1.0,0.0,0.0,0.5,0.5,10.0,0.03082104967554558,0.022361609146210198,0.3838078081869824,0.7934584810712118,0.15276360036876765,2,784.098705925523,5.0,1417213814,0.6116853577499237,-1.1410774164175086,10.0
2.0,30.0,0.5,0.1,2.0,0.7991357977708515,0.9392217369312055,3.0,10.0,200.0,1000.0,0.5,2,1.0,0.0,0.0,0.5,0.5,10.0,0.036336849383977333,0.03430270405513719,0.3478233825957841,0.852673556828206,0.14616097116977653,2,657.811926007021,5.0,724402372,0.5069091549308148,-1.1219939231032503,10.0
2.0,30.0,0.5,0.1,2.0,0.7827529845404441,0.9295015302286305,3.0,10.0,200.0,1000.0,0.5,2,1.0,0.0,0.0,0.5,0.5,10.0,0.03732247781881171,0.026567604286860298,0.3444410308796451,0.833032988063185,0.1360386758100825,2,712.3330458547775,5.0,2041248000,0.5509593505053205,-1.277953447067498,10.0
2.0,30.0,0.5,0.1,2.0,0.8022416772245646,0.9379848350947414,3.0,10.0,200.0,1000.0,0.5,2,1.0,0.0,0.0,0.5,0.5,10.0,0.035115055489704776,0.030274699057743434,0.367401343286475,0.8515883679209797,0.12191529268819377,2,714.5863914041464,5.0,-1451786342,0.5589790591038035,-1.1066980536707036,10.0
2.0,30.0,0.5,0.1,2.0,0.7769088786244257,0.9237654405419115,3.0,10.0,200.0,1000.0,0.5,2,1.0,0.0,0.0,0.5,0.5,10.0,0.04191178416667268,0.05016894874378249,0.3480730587115232,0.8321068017740586,0.13786537780357674,2,499.53618044451974,5.0,745468825,0.5466665193113386,-1.3082553178551939,10.0
2.0,30.0,0.5,0.1,2.0,0.7977567167183323,0.9300743089135323,3.0,10.0,200.0,1000.0,0.5,2,1.0,0.0,0.0,0.5,0.5,10.0,0.03369701141513222,0.035165701140154104,0.3711311585518185,0.8574189057452871,0.13886854701291618,2,656.0809048334336,5.0,2138216999,0.43762005045616753,-1.3532631984796732,10.0
2.0,30.0,0.5,0.1,2.0,0.8342918643733568,0.9339102728359674,3.0,10.0,200.0,1000.0,0.5,2,1.0,0.0,0.0,0.5,0.5,10.0,0.03371036547319144,0.024477306640425932,0.41601452657521065,0.8295815618339156,0.13795320937385916,2,774.6331133771071,5.0,-1916407824,0.5113034910370704,-1.2237045540097558,10.0
2.0,30.0,0.5,0.1,2.0,0.8073655586766073,0.9318450543955087,3.0,10.0,200.0,1000.0,0.5,2,1.0,0.0,0.0,0.5,0.5,10.0,0.03618745844452537,0.04015367602474064,0.3467259441824475,0.8447309454616425,0.17929650593849733,2,619.2146921342614,5.0,-1197898912,0.45570727206642553,-1.3490097436676007,10.0
2.0,30.0,0.5,0.1,2.0,0.8490023402946059,0.9482634655256722,3.0,10.0,200.0,1000.0,0.5,2,1.0,0.0,0.0,0.5,0.5,10.0,0.033643480098287736,0.022803436730270916,0.4248936203056481,0.828361596029694,0.1536652332522176,2,836.6044019078385,5.0,-93197718,0.5399871422615923,-0.9983574626748325,10.0
2.0,30.0,0.5,0.1,2.0,0.9097109264088314,0.9429426019265341,3.0,10.0,200.0,1000.0,0.5,2,1.0,0.0,0.0,0.5,0.5,10.0,0.031069534651779415,0.023357253088745287,0.42779843202738627,0.8566305340447002,0.10263110431494371,2,833.9361306317252,5.0,1633366579,0.6681612763882586,-1.0021241771354514,10.0
2.0,30.0,0.5,0.1,2.0,0.9033161895818757,0.9402355322489884,3.0,10.0,200.0,1000.0,0.5,2,1.0,0.0,0.0,0.5,0.5,10.0,0.03312555260831123,0.03239977160947827,0.40047567972121506,0.8596290141245508,0.13318474792036217,2,740.1798441789958,5.0,-1735574223,0.5568925427062676,-1.1240261219698235,10.0
2.0,30.0,0.5,0.1,2.0,0.8110894541953556,0.9308213041114447,3.0,10.0,200.0,1000.0,0.5,2,1.0,0.0,0.0,0.5,0.5,10.0,0.04159712963214909,0.036543562086902355,0.42016142270386136,0.8123910093857294,0.1437683989908282,2,585.4218733818215,5.0,741335955,0.5396847355196653,-1.2728489546912378,10.0
2.0,30.0,0.5,0.1,2.0,0.8727688308121925,0.9577962525215549,3.0,10.0,200.0,1000.0,0.5,0,0.0,0.0,0.0,0.5,0.5,10.0,0.037691545250039774,0.027238613068320462,0.4063526589371197,0.8414981378832304,0.15513442939069555,2,713.4123734846063,5.0,211920527,0.41261993495499344,-0.975706143739622,10.0
2.0,30.0,0.5,0.1,2.0,0.8803008138198254,0.9598497555814913,3.0,10.0,200.0,1000.0,0.5,0,0.0,0.0,0.0,0.5,0.5,10.0,0.0398955131658164,0.032613573947342635,0.39559366868986456,0.8536943809407749,0.1336015888363257,2,706.4450090731126,5.0,1216610137,0.5880528780539759,-0.8478749267580598,10.0
2.0,30.0,0.5,0.1,2.0,0.8927055244524246,0.9562206676246182,3.0,10.0,200.0,1000.0,0.5,0,0.0,0.0,0.0,0.5,0.5,10.0,0.038475750970642326,0.029699412797314938,0.42238171180578543,0.8328169230750946,0.13401860245074546,2,684.0450626881889,5.0,118542098,0.5443549866671145,-0.9344365211110622,10.0
2.0,30.0,0.5,0.1,2.0,0.7882796136367806,0.9493972803208756,3.0,10.0,200.0,1000.0,0.5,0,0.0,0.0,0.0,0.5,0.5,10.0,0.03290706869438976,0.02965352291312397,0.37806010211376906,0.8638711402601156,0.18844666381408132,2,754.157877313456,5.0,-707001170,0.21393168494267353,-1.5136519101576418,10.0
2.0,30.0,0.5,0.1,2.0,0.8300871975563101,0.9540047223868959,3.0,10.0,200.0,1000.0,0.5,0,0.0,0.0,0.0,0.5,0.5,10.0,0.03765916751436264,0.034936792436809236,0.41243972906505155,0.8214326398480015,0.14823853365792344,2,660.6953540645982,5.0,-1286698748,0.5517340578136384,-0.9672638525211346,10.0
2.0,30.0,0.5,0.1,2.0,0.8515668001965571,0.9633100765486575,3.0,10.0,200.0,1000.0,0.5,0,0.0,0.0,0.0,0.5,0.5,10.0,0.029622374278041423,0.022834225060464324,0.3723854219429799,0.8279894698597551,0.11716835015753384,2,891.1124819636298,5.0,1861781238,0.5476895230349458,-0.8093669320191157,10.0
2.0,30.0,0.5,0.1,2.0,0.7919536205138957,0.9457614059371501,3.0,10.0,200.0,1000.0,0.5,0,0.0,0.0,0.0,0.5,0.5,10.0,0.03159959885200383,0.03447907694478797,0.34230195778631456,0.8653153120467565,0.19826152748284315,2,647.8478289503099,5.0,1569973479,0.2795230693758533,-1.5333953431618912,10.0
2.0,30.0,0.5,0.1,2.0,0.8846344424303155,0.9545275907912639,3.0,10.0,200.0,1000.0,0.5,0,0.0,0.0,0.0,0.5,0.5,10.0,0.03137962259536984,0.02573247457631219,0.37894523426722415,0.8466214250069363,0.13834623361445159,2,772.4592304385656,5.0,1683267454,0.4887470776763582,-1.0048593015463994,10.0
2.0,30.0,0.5,0.1,2.0,0.8641662734946192,0.9443446227110611,3.0,10.0,200.0,1000.0,0.5,0,0.0,0.0,0.0,0.5,0.5,10.0,0.042587101709984906,0.033906635803771804,0.4235780196800583,0.8202014233431509,0.14394509110428166,2,596.4514251403479,5.0,815994322,0.5572420957731394,-1.109989291969151,10.0
2.0,30.0,0.5,0.1,2.0,0.8394863339124593,0.9532327357514363,3.0,10.0,200.0,1000.0,0.5,0,0.0,0.0,0.0,0.5,0.5,10.0,0.033495779097649614,0.03378558997935297,0.3419653664897873,0.8403401722384597,0.15736461854140574,2,643.3784693465092,5.0,-60833161,0.46106889611643115,-1.0486294429652965,10.0
2.0,30.0,0.5,0.1,2.0,0.8640672220034951,0.956288036641097,3.0,10.0,200.0,1000.0,0.5,0,0.0,0.0,0.0,0.5,0.5,10.0,0.0374808909242603,0.030202631948748077,0.4060069769858734,0.8426136968479794,0.11588213367465106,2,711.6030132764226,5.0,1881247481,0.5635188837683445,-0.9025582809591797,10.0
2.0,30.0,0.5,0.1,2.0,0.9115793444436461,0.9637033920231841,3.0,10.0,200.0,1000.0,0.5,0,0.0,0.0,0.0,0.5,0.5,10.0,0.04058484278879016,0.02481896293911268,0.456173312797,0.8350979846980282,0.13694837455338718,2,743.7002889463567,5.0,-1007091269,0.5113601527681225,-0.8102240777290793,10.0
2.0,30.0,0.5,0.1,2.0,0.9467959600182696,0.9612596561810054,3.0,10.0,200.0,1000.0,0.5,0,0.0,0.0,0.0,0.5,0.5,10.0,0.035604042259990816,0.02752649272494684,0.4047509589910673,0.825303486613482,0.12557813252312822,2,791.7292234387246,5.0,1340250231,0.5988691869388822,-0.8294854366833365,10.0
2.0,30.0,0.5,0.1,2.0,0.9932622336875675,0.954692020346767,3.0,10.0,200.0,1000.0,0.5,0,0.0,0.0,0.0,0.5,0.5,10.0,0.03907201656102945,0.02017259879633641,0.5364006786508886,0.7846657826830375,0.1645160616413562,2,838.1242798098341,5.0,878117899,0.47897050090169263,-1.045824139633854,10.0
2.0,30.0,0.5,0.1,2.0,0.796260767311424,0.9594167236864519,3.0,10.0,200.0,1000.0,0.5,0,0.0,0.0,0.0,0.5,0.5,10.0,0.03508929996216787,0.03733161599754804,0.35419860198565184,0.8503766575969848,0.14896328902053046,2,679.5431118598667,5.0,1862994449,0.5540896410674222,-0.8691323979695129,10.0
2.0,30.0,0.5,0.1,2.0,0.8781020147033534,0.9630707377436871,3.0,10.0,200.0,1000.0,0.5,0,0.0,0.0,0.0,0.5,0.5,10.0,0.03151210337276253,0.02383092385140397,0.3922526159724056,0.8558381940259594,0.13690614817631763,2,873.952134859307,5.0,-1125112461,0.4607732044831927,-0.8526911371998805,10.0
2.0,30.0,0.5,0.1,2.0,0.8314292937256696,0.9475417076011686,3.0,10.0,200.0,1000.0,0.5,0,0.0,0.0,0.0,0.5,0.5,10.0,0.031439760239760244,0.02856017369996734,0.37569439191422993,0.8714040210665509,0.1579087641697313,2,750.8056703419024,5.0,-430547949,0.5218559072913926,-1.078991295011933,10.0
2.0,30.0,0.5,0.1,2.0,0.9017122623850123,0.95817748916448,3.0,10.0,200.0,1000.0,0.5,0,0.0,0.0,0.0,0.5,0.5,10.0,0.03226162756931135,0.025982292482246844,0.403049136506044,0.8441777325047607,0.11713366639484006,2,805.5663819067639,5.0,-794973175,0.5362742963751331,-0.8980679219054027,10.0
2.0,30.0,0.5,0.1,2.0,0.8372684963024565,0.9578194427953048,3.0,10.0,200.0,1000.0,0.5,0,0.0,0.0,0.0,0.5,0.5,10.0,0.03475251403944103,0.029667711860794678,0.37622570382247306,0.8473874875071131,0.1435888843611862,2,753.3927446847862,5.0,-1132947363,0.46746478229933214,-0.9388263057799677,10.0
2.0,30.0,0.5,0.1,2.0,0.9211327310604257,0.9610180879887509,3.0,10.0,200.0,1000.0,0.5,0,0.0,0.0,0.0,0.5,0.5,10.0,0.03609177462150773,0.03161393747407775,0.42091985226832435,0.8230388047916563,0.1281273193799729,2,760.010805537243,5.0,-1640301192,0.5770241946658229,-0.8369345870144819,10.0
2.0,30.0,0.5,0.1,2.0,0.9313879212216084,0.9377831307765916,3.0,10.0,200.0,1000.0,0.5,2,1.0,0.0,0.0,0.5,0.5,10.0,0.03467107282074173,0.029127617818698683,0.43968473651706613,0.846542963168556,0.11386995189849725,2,714.9740441775356,5.0,-917440930,0.4805273839591113,-1.2024964204074395,10.0
2.0,30.0,0.5,0.1,2.0,0.96787476896664,0.9455649045677634,3.0,10.0,200.0,1000.0,0.5,2,1.0,0.0,0.0,0.5,0.5,10.0,0.03677536231884058,0.026250627932870245,0.4802176087146111,0.8397083371905174,0.11463070722176949,2,732.9823725354422,5.0,1023335763,0.6286436522469946,-1.0068438585220503,10.0
2.0,30.0,0.5,0.1,2.0,0.8181237071834481,0.9424946205722917,3.0,10.0,200.0,1000.0,0.5,2,1.0,0.0,0.0,0.5,0.5,10.0,0.028188025210084035,0.02027409950628759,0.4083732230684151,0.8591031042720562,0.16557790635826825,2,924.9310460600905,5.0,-1276011893,0.579154287629941,-1.0447555859421438,10.0
2.0,30.0,0.5,0.1,2.0,0.9577236144620074,0.9465252232336662,3.0,10.0,200.0,1000.0,0.5,2,1.0,0.0,0.0,0.5,0.5,10.0,0.033463561624250925,0.023729965134652527,0.4789420680932392,0.8321725510289671,0.1337975596861097,2,818.2797396715047,5.0,725941679,0.6191984405247863,-0.9694057266325243,10.0
2.0,30.0,0.5,0.1,2.0,0.7927718557308243,0.9286093589510858,3.0,10.0,200.0,1000.0,0.5,2,1.0,0.0,0.0,0.5,0.5,10.0,0.03865398587743796,0.031728598435751626,0.4068719679032209,0.8284592780806235,0.15063771284162322,2,636.1675777429729,5.0,2094599835,0.7408975695009471,-1.0670386263949887,10.0
2.0,30.0,0.5,0.1,2.0,0.81285016603553,0.9323923807563089,3.0,10.0,200.0,1000.0,0.5,2,1.0,0.0,0.0,0.5,0.5,10.0,0.03475654138885155,0.03229718464962752,0.37467293787449496,0.8257807996623768,0.13518928762016363,2,645.4102044043078,5.0,1083752285,0.5637764719445476,-1.1632877588395862,10.0
2.0,30.0,0.5,0.1,2.0,0.8324184311520386,0.9351357171891115,3.0,10.0,200.0,1000.0,0.5,2,1.0,0.0,0.0,0.5,0.5,10.0,0.0328131021194605,0.029801588690564346,0.37185679034992974,0.8319028097906437,0.16542876214979313,2,643.5337249869397,5.0,-1717056051,0.37898992895319145,-1.4478976642258177,10.0
2.0,30.0,0.5,0.1,2.0,0.8806961240188297,0.9415027810061487,3.0,10.0,200.0,1000.0,0.5,2,1.0,0.0,0.0,0.5,0.5,10.0,0.03591580172738952,0.03256909446668562,0.3738771937316732,0.85003039145422,0.1290330587056739,2,719.0245303324499,5.0,717276179,0.5945031539584252,-1.060838211786593,10.0
2.0,30.0,0.5,0.1,2.0,0.9632892199595253,0.9275528004848667,3.0,10.0,200.0,1000.0,0.5,2,1.0,0.0,0.0,0.5,0.5,10.0,0.04475717597879005,0.032242868451579865,0.5487236810929885,0.7803800898397752,0.13535821780406584,2,577.397941120817,5.0,1128271590,0.5328215600680158,-1.3491577532395134,10.0
2.0,30.0,0.5,0.1,2.0,0.8086628396878405,0.9301509717789592,3.0,10.0,200.0,1000.0,0.5,2,1.0,0.0,0.0,0.5,0.5,10.0,0.04177974538184462,0.03753470123748833,0.4097823896407785,0.8184752600468537,0.13870800025021798,2,522.9652206287232,5.0,782536811,0.578261463184019,-1.2270391505021567,10.0
2.0,30.0,0.5,0.1,2.0,0.7555917693283417,0.9319478915150804,3.0,10.0,200.0,1000.0,0.5,2,1.0,0.0,0.0,0.5,0.5,10.0,0.033954644563834034,0.03125526015441054,0.33318564403033746,0.8529997811273475,0.17434453718173784,2,673.5266664758797,5.0,266874887,0.3052512456873983,-1.6429770641575105,10.0
2.0,30.0,0.5,0.1,2.0,0.9073144453820842,0.9358063262022481,3.0,10.0,200.0,1000.0,0.5,2,1.0,0.0,0.0,0.5,0.5,10.0,0.03787985137295372,0.034082160532674724,0.41499388680222843,0.8180026674969645,0.11665911038420071,2,638.478185792419,5.0,-1780394623,0.582754881663396,-1.169417152008062,10.0
2.0,30.0,0.5,0.1,2.0,0.8301945842950567,0.9265751661833923,3.0,10.0,200.0,1000.0,0.5,2,1.0,0.0,0.0,0.5,0.5,10.0,0.030702704668033425,0.026920033737264683,0.3945627857347862,0.8683809406867617,0.16804728480199196,2,728.1367750933074,5.0,-743450828,0.46196182353903825,-1.5412933679692233,10.0
2.0,30.0,0.5,0.1,2.0,0.7820721142429425,0.9319125589715272,3.0,10.0,200.0,1000.0,0.5,2,1.0,0.0,0.0,0.5,0.5,10.0,0.041665360265299975,0.04062250277263083,0.41174823892255696,0.8104818679708841,0.12845213899738048,2,598.4329523977559,5.0,386608010,0.5106960218695042,-1.225993945518511,10.0
2.0,30.0,0.5,0.1,2.0,0.7414981682886213,0.924366407914979,3.0,10.0,200.0,1000.0,0.5,2,1.0,0.0,0.0,0.5,0.5,10.0,0.030808611807537325,0.032438523121266674,0.3393834190439684,0.8478286168688796,0.1505802140261901,2,699.0541522570178,5.0,1904172486,0.5859636187048052,-1.383400964634612,10.0
2.0,30.0,0.5,0.1,2.0,0.8036964985429557,0.9399321547353553,3.0,10.0,200.0,1000.0,0.5,2,1.0,0.0,0.0,0.5,0.5,10.0,0.033247164658520886,0.02770176140791045,0.3794398373900913,0.8448445734405946,0.13389048637186207,2,763.5496922667619,5.0,-618378385,0.6035083776287072,-1.0525550448711967,10.0
2.0,30.0,0.5,0.1,2.0,0.7628473575719404,0.9369754681507676,3.0,10.0,200.0,1000.0,0.5,2,1.0,0.0,0.0,0.5,0.5,10.0,0.03088053937632441,0.028822718005827776,0.3539292034361754,0.8517349931674638,0.18721389637650093,2,766.8399010106542,5.0,296777304,0.3650135021126513,-1.3724750326831248,10.0
2.0,30.0,0.5,0.1,2.0,0.863334970049342,0.9345124330727042,3.0,10.0,200.0,1000.0,0.5,2,1.0,0.0,0.0,0.5,0.5,10.0,0.03787774102446734,0.03907203055731142,0.35404380834291066,0.8481042275570896,0.1455060684909877,2,611.8328450648726,5.0,1398996386,0.48127166444951597,-1.243310587121774,10.0
2.0,30.0,0.5,0.1,2.0,0.8739118109373017,0.9417966644423835,3.0,10.0,200.0,1000.0,0.5,2,1.0,0.0,0.0,0.5,0.5,10.0,0.03469002119893109,0.031765614991492996,0.35993120775963033,0.8546586063385392,0.11195403926216516,2,717.6363624372549,5.0,766620958,0.5704270560590492,-1.0858804180878245,10.0
2.0,30.0,0.5,0.1,2.0,0.7998846258085193,0.9323494320539063,3.0,10.0,200.0,1000.0,0.5,2,1.0,0.0,0.0,0.5,0.5,10.0,0.0333647166851115,0.03956885241637657,0.3551638093732121,0.8536147612587169,0.16465494756381638,2,612.1655556406799,5.0,648444007,0.4310175384626535,-1.3419546248922585,10.0
2.0,60.0,0.5,0.1,2.0,0.9626313632682286,0.9410300895021465,3.0,10.0,200.0,1000.0,0.5,1,0.0,0.0,0.0,0.5,0.5,10.0,0.061086943050133236,0.0477199607245426,0.5364976953983162,0.8046353840740665,0.17909375400938582,2,458.78487662266525,5.0,-1315876480,0.4372747619988912,-1.3768263193537302,10.0
2.0,60.0,0.5,0.1,2.0,0.8314614456217605,0.955484432178324,3.0,10.0,200.0,1000.0,0.5,1,0.0,0.0,0.0,0.5,0.5,10.0,0.05164699435682373,0.047368704654903185,0.4111119780925931,0.807626921412051,0.1281137528350217,2,493.47523978998396,5.0,870787210,0.462224300480573,-0.9651593373249833,10.0
2.0,60.0,0.5,0.1,2.0,0.800061451856511,0.942805505937394,3.0,10.0,200.0,1000.0,0.5,1,0.0,0.0,0.0,0.5,0.5,10.0,0.05023722707903176,0.05290461360827859,0.3690635531081535,0.8360865941397103,0.19471461275036692,2,447.4094875143775,5.0,612515666,0.285124242620011,-1.482170079499335,10.0
2.0,60.0,0.5,0.1,2.0,0.8867627822067691,0.9494525155338978,3.0,10.0,200.0,1000.0,0.5,1,0.0,0.0,0.0,0.5,0.5,10.0,0.04722213102195373,0.05656790589260621,0.442435016406108,0.8432337284529582,0.14695856720286957,2,418.84614546916026,5.0,-2020917271,0.4205502944822784,-1.157097484570545,10.0
2.0,60.0,0.5,0.1,2.0,0.8427171366222194,0.9401937298587063,3.0,10.0,200.0,1000.0,0.5,1,0.0,0.0,0.0,0.5,0.5,10.0,0.06018481012658228,0.06412654592880326,0.42792804976260995,0.8115982925680237,0.13791513732326216,2,378.0438451239016,5.0,-362327754,0.5621419276892534,-1.1769601560835592,10.0
2.0,60.0,0.5,0.1,2.0,0.8433910837119769,0.9554077405015103,3.0,10.0,200.0,1000.0,0.5,1,0.0,0.0,0.0,0.5,0.5,10.0,0.04495835583918486,0.04763783887285645,0.38897516739001126,0.8547116666103692,0.15585951528652503,2,483.7423426680137,5.0,-898131609,0.439593047623293,-1.0177445092021535,10.0
2.0,60.0,0.5,0.1,2.0,0.8458618907800567,0.946117442659653,3.0,10.0,200.0,1000.0,0.5,1,0.0,0.0,0.0,0.5,0.5,10.0,0.051324961324961324,0.04789464829422547,0.367232516743058,0.8132624948495328,0.13140668196566524,2,461.0263396571466,5.0,1002618873,0.4909924400903162,-1.1666505837178969,10.0
2.0,60.0,0.5,0.1,2.0,0.8872674400827628,0.9515108007308417,3.0,10.0,200.0,1000.0,0.5,1,0.0,0.0,0.0,0.5,0.5,10.0,0.04059401880273532,0.04127044404389869,0.44019880499789715,0.8490375553622558,0.15978225326194795,2,513.3199532789674,5.0,-613119751,0.5029917894570998,-1.0540990807186965,10.0
2.0,60.0,0.5,0.1,2.0,0.9271400084862281,0.9550888086267286,3.0,10.0,200.0,1000.0,0.5,1,0.0,0.0,0.0,0.5,0.5,10.0,0.044458865094815773,0.03262737341535984,0.4696343830373629,0.8320032318741877,0.12809595939337481,2,637.2746215336394,5.0,674859439,0.5267597308534017,-0.9715938118400306,10.0
2.0,60.0,0.5,0.1,2.0,0.8670112936761918,0.950298183632637,3.0,10.0,200.0,1000.0,0.5,1,0.0,0.0,0.0,0.5,0.5,10.0,0.04466337146779401,0.03954319408010994,0.4575735965910229,0.794135320236881,0.16668667866803993,2,530.6921757780407,5.0,-1576600401,0.4590779477661086,-1.1412732238854217,10.0
2.0,60.0,0.5,0.1,2.0,0.8263209926489162,0.9470315831797641,3.0,10.0,200.0,1000.0,0.5,1,0.0,0.0,0.0,0.5,0.5,10.0,0.03878450866402673,0.03645630593723486,0.4151660864278584,0.8171602655453964,0.1360772784500203,2,581.5535424989181,5.0,84401673,0.3514739199659809,-1.1914385910779364,10.0
2.0,60.0,0.5,0.1,2.0,0.8525787356249641,0.9478543522521672,3.0,10.0,200.0,1000.0,0.5,1,0.0,0.0,0.0,0.5,0.5,10.0,0.06503595053206788,0.06525910605330414,0.5570623848648977,0.7706217795205623,0.1629617010911446,2,413.0761841836615,5.0,-1448654121,0.4276968908687912,-1.1673836105812856,10.0
2.0,60.0,0.5,0.1,2.0,0.9154447160471153,0.9638262605648622,3.0,10.0,200.0,1000.0,0.5,1,0.0,0.0,0.0,0.5,0.5,10.0,0.03656955864836849,0.03789310148430848,0.3878113890917307,0.8385452100464534,0.11323781161381402,2,703.0080392393911,5.0,1889975128,0.6240275792668144,-0.7848567300381153,10.0
2.0,60.0,0.5,0.1,2.0,0.9074666612831831,0.9560534426816475,3.0,10.0,200.0,1000.0,0.5,1,0.0,0.0,0.0,0.5,0.5,10.0,0.04349382610186932,0.03795826345482614,0.4370006795832559,0.8367113179861538,0.12763863500167374,2,608.2742744101403,5.0,-2014146445,0.5051141731686295,-0.9578819748538538,10.0
2.0,60.0,0.5,0.1,2.0,0.8190290462082043,0.9528032788948262,3.0,10.0,200.0,1000.0,0.5,1,0.0,0.0,0.0,0.5,0.5,10.0,0.0568246143686023,0.05758399866306217,0.4008183006703731,0.8411331036905554,0.1701992761471862,2,440.24673968971825,5.0,816528985,0.40510466108489324,-1.079304646496086,10.0
2.0,60.0,0.5,0.1,2.0,0.926624434723595,0.9371707223007646,3.0,10.0,200.0,1000.0,0.5,1,0.0,0.0,0.0,0.5,0.5,10.0,0.04458186516326051,0.05719378416177855,0.4433415974928986,0.8244332434277261,0.17609999330150614,2,440.33827555178084,5.0,-342019912,0.4679227693213449,-1.4021884269413005,10.0
2.0,60.0,0.5,0.1,2.0,0.8672189693381319,0.9490064598706743,3.0,10.0,200.0,1000.0,0.5,1,0.0,0.0,0.0,0.5,0.5,10.0,0.04920204729365035,0.03695860315010424,0.4930673640730311,0.7879740836055015,0.1721906572952821,2,543.8843959700723,5.0,1385740953,0.40244729509609545,-1.1935346888063703,10.0
2.0,60.0,0.5,0.1,2.0,0.8846066227955868,0.9439601955712515,3.0,10.0,200.0,1000.0,0.5,1,0.0,0.0,0.0,0.5,0.5,10.0,0.05886796134797589,0.038909598403994446,0.45780838918358235,0.7952492799799621,0.1563900698389818,2,517.1748296423228,5.0,1699049360,0.5497701026690277,-1.1476942591279768,10.0
2.0,60.0,0.5,0.1,2.0,0.8957362474530792,0.953090747012158,3.0,10.0,200.0,1000.0,0.5,1,0.0,0.0,0.0,0.5,0.5,10.0,0.04116299645350189,0.035440602958596364,0.4159196075799101,0.8507485247687461,0.1444242862428973,2,586.6665003312994,5.0,430246846,0.5620796959831591,-0.9827611269289592,10.0
2.0,60.0,0.5,0.1,2.0,0.8607666356576988,0.950664067678242,3.0,10.0,200.0,1000.0,0.5,1,0.0,0.0,0.0,0.5,0.5,10.0,0.04515100757405608,0.03752058351663019,0.430830592139969,0.8235657272309083,0.15806244505365052,2,572.080809594184,5.0,321665038,0.4176540272564744,-1.1625154332785934,10.0
2.0,30.0,0.5,0.1,2.0,0.8012425279361693,0.9481485624272834,3.0,10.0,200.0,1000.0,0.5,0,0.0,0.0,0.0,0.5,0.5,10.0,0.03435129948205697,0.03407824500533872,0.3217502199061059,0.8476260090179196,0.18951244112991772,2,627.5314473439787,5.0,1720725013,0.36751739144561235,-1.2716418133587624,10.0
2.0,30.0,0.5,0.1,2.0,0.8569474845367384,0.9482781527644207,3.0,10.0,200.0,1000.0,0.5,0,0.0,0.0,0.0,0.5,0.5,10.0,0.03435937422989974,0.03278512330471629,0.3697963017112598,0.8425636050738577,0.14018301961445623,2,630.5242709058078,5.0,1674515854,0.4966140984844671,-1.0866320581706803,10.0
2.0,30.0,0.5,0.1,2.0,0.8446206712069704,0.9599549164197876,3.0,10.0,200.0,1000.0,0.5,0,0.0,0.0,0.0,0.5,0.5,10.0,0.030603249430195573,0.026158268040941863,0.3682975417254124,0.8529790614652768,0.1344594672233636,2,786.1638415113467,5.0,1055844645,0.5877684669565754,-0.8458630517790168,10.0
2.0,30.0,0.5,0.1,2.0,0.8696687018571548,0.951583606360622,3.0,10.0,200.0,1000.0,0.5,0,0.0,0.0,0.0,0.5,0.5,10.0,0.029128887681651502,0.026364008951316947,0.3660974261223568,0.8568430063090681,0.15246523966170963,2,780.0081436100024,5.0,777390362,0.4809880266646228,-1.060365491842522,10.0
2.0,30.0,0.5,0.1,2.0,0.7947006468869365,0.9445325400546694,3.0,10.0,200.0,1000.0,0.5,0,0.0,0.0,0.0,0.5,0.5,10.0,0.033750883579339884,0.04396270600928384,0.31476708017949806,0.8612449695378924,0.1687829550434674,2,597.8888682465463,5.0,1916952082,0.4019776312392904,-1.2654661563079839,10.0
2.0,30.0,0.5,0.1,2.0,0.9335228164916034,0.950580185284832,3.0,10.0,200.0,1000.0,0.5,0,0.0,0.0,0.0,0.5,0.5,10.0,0.03400652804829376,0.01956217926466537,0.44932046264841397,0.8323779586816724,0.17247876743367396,2,874.8681229639737,5.0,337240868,0.5578565637202345,-1.0025811461962713,10.0
2.0,30.0,0.5,0.1,2.0,0.9372143740548042,0.9567892109892923,3.0,10.0,200.0,1000.0,0.5,0,0.0,0.0,0.0,0.5,0.5,10.0,0.03899983888168545,0.026137488243916207,0.447802961490527,0.8290783366339207,0.1502257915139947,2,758.098709467663,5.0,-1961269005,0.6223865820772472,-0.8655582905882403,10.0
2.0,30.0,0.5,0.1,2.0,0.8510441659873959,0.9502010960280347,3.0,10.0,200.0,1000.0,0.5,0,0.0,0.0,0.0,0.5,0.5,10.0,0.03519602389216662,0.03136470378039435,0.37457615415822043,0.8620936249584376,0.13552540140846409,2,663.5834611733665,5.0,972494291,0.5221566407843805,-1.048303785099776,10.0
2.0,30.0,0.5,0.1,2.0,0.835973601753399,0.9563369073626484,3.0,10.0,200.0,1000.0,0.5,0,0.0,0.0,0.0,0.5,0.5,10.0,0.0322081661757302,0.028693274119928055,0.3671503674208163,0.8254040367638726,0.16241351227603315,2,755.8770832738463,5.0,1300563071,0.430372968993173,-1.0312936946977413,10.0
2.0,30.0,0.5,0.1,2.0,0.8675123000061227,0.9620993363419479,3.0,10.0,200.0,1000.0,0.5,0,0.0,0.0,0.0,0.5,0.5,10.0,0.030319546040684847,0.019936781220317123,0.3954163598881977,0.8389522157058562,0.1197890609609184,2,917.8651721302015,5.0,1326752868,0.6525638216000768,-0.7920471633335413,10.0
2.0,30.0,0.5,0.1,2.0,0.9228953768097349,0.955664784199675,3.0,10.0,200.0,1000.0,0.5,0,0.0,0.0,0.0,0.5,0.5,10.0,0.030754273974612955,0.026178521160777717,0.42187006804374527,0.838898271662214,0.14629535792455292,2,763.6468519868673,5.0,-58451557,0.5579201604938928,-0.9326249179589835,10.0
2.0,30.0,0.5,0.1,2.0,0.8602193230056725,0.950887162063165,3.0,10.0,200.0,1000.0,0.5,0,0.0,0.0,0.0,0.5,0.5,10.0,0.028930386572491838,0.023287886837485807,0.3805412553785948,0.8602460398933187,0.1567034537694957,2,798.6520174133068,5.0,-1075443262,0.5053781594383231,-1.056986121978332,10.0
2.0,30.0,0.5,0.1,2.0,0.7925412770302873,0.9441012761504636,3.0,10.0,200.0,1000.0,0.5,0,0.0,0.0,0.0,0.5,0.5,10.0,0.042405132533133286,0.04665716443462536,0.3318498326253291,0.8169558305631384,0.15386025997978914,2,543.3851157964804,5.0,-875138952,0.5492782772867718,-1.1149479321729805,10.0
2.0,30.0,0.5,0.1,2.0,0.849785885396875,0.9550245102478786,3.0,10.0,200.0,1000.0,0.5,0,0.0,0.0,0.0,0.5,0.5,10.0,0.0291171374111939,0.02475764254700431,0.34814646437649244,0.8560392079946346,0.16088442294370578,2,758.6761767485444,5.0,-1344090962,0.46295794034400317,-1.0229435016623503,10.0
2.0,30.0,0.5,0.1,2.0,0.9294865328413792,0.961779095625006,3.0,10.0,200.0,1000.0,0.5,0,0.0,0.0,0.0,0.5,0.5,10.0,0.03355089123770782,0.025532428410565442,0.3932057764682274,0.8541648021104278,0.16452578597915035,2,775.6214690345308,5.0,-1451309018,0.43158536449348456,-0.9252142436143613,10.0
2.0,30.0,0.5,0.1,2.0,0.8288036596462703,0.9391651680505423,3.0,10.0,200.0,1000.0,0.5,0,0.0,0.0,0.0,0.5,0.5,10.0,0.03277231111491401,0.03302821773312255,0.39611861898630363,0.8716038206013439,0.18695768601393375,2,679.6709092518533,5.0,219001396,0.5604104951555882,-1.2128497076949725,10.0
2.0,30.0,0.5,0.1,2.0,0.9476045991867923,0.9581310411560848,3.0,10.0,200.0,1000.0,0.5,0,0.0,0.0,0.0,0.5,0.5,10.0,0.03659650275870419,0.025268802020028822,0.4381256318058767,0.8286868777739899,0.1290436663854181,2,798.3333286597418,5.0,-1208221105,0.5197807014278243,-0.9039551544164464,10.0
2.0,30.0,0.5,0.1,2.0,0.8786732786042605,0.9591399339849919,3.0,10.0,200.0,1000.0,0.5,0,0.0,0.0,0.0,0.5,0.5,10.0,0.031645378506507234,0.02566578024553375,0.3745441273561283,0.873259356342605,0.1564322870504593,2,804.2151493748147,5.0,958284840,0.48286585139261795,-0.9293750710179577,10.0
2.0,30.0,0.5,0.1,2.0,0.9508317919569891,0.9645120240162237,3.0,10.0,200.0,1000.0,0.5,0,0.0,0.0,0.0,0.5,0.5,10.0,0.02931348858963778,0.017979432372503067,0.41645450378359455,0.8305569361019188,0.11618850016399078,2,975.6900480303015,5.0,1759902583,0.6056717864334368,-0.779647940039923,10.0
2.0,60.0,0.5,0.1,2.0,0.9167707948380758,0.9503979152943955,3.0,10.0,200.0,1000.0,0.5,1,0.0,0.0,0.0,0.5,0.5,10.0,0.049657487347877824,0.05862869772816534,0.46123315950940474,0.8316491814749801,0.15368156333795122,2,475.5929452312512,5.0,1991615306,0.5675226625021083,-1.0057566845001065,10.0
2.0,60.0,0.5,0.1,2.0,0.8997172578279521,0.9430304266691051,3.0,10.0,200.0,1000.0,0.5,1,0.0,0.0,0.0,0.5,0.5,10.0,0.047267147267147265,0.048182117319818855,0.3952294394779123,0.8435866089225625,0.15056584842904694,2,500.4526189046661,5.0,-372040369,0.510705482343451,-1.2329007347217327,10.0
2.0,60.0,0.5,0.1,2.0,0.8056267027923733,0.9425659901552664,3.0,10.0,200.0,1000.0,0.5,1,0.0,0.0,0.0,0.5,0.5,10.0,0.04010057577779425,0.04406218718504669,0.3169694352494945,0.8477988552921443,0.17945327619246795,2,530.8711846776728,5.0,891010851,0.4108705757708665,-1.2760991850809118,10.0
2.0,60.0,0.5,0.1,2.0,0.9030491035582308,0.948240369458895,3.0,10.0,200.0,1000.0,0.5,1,0.0,0.0,0.0,0.5,0.5,10.0,0.05684336089938658,0.05477389817617456,0.44066856841848534,0.8221407618279811,0.146203632860377,2,450.11592267082267,5.0,-1196743359,0.4474312565639924,-1.1324170507569091,10.0
2.0,60.0,0.5,0.1,2.0,0.8768174134847698,0.9521687911375478,3.0,10.0,200.0,1000.0,0.5,1,0.0,0.0,0.0,0.5,0.5,10.0,0.04359095542581781,0.04327630535911965,0.43398431779834584,0.8275829045105968,0.1736402393221094,2,520.7949050778744,5.0,-1288024081,0.37996465424525677,-1.1413981158925575,10.0
2.0,60.0,0.5,0.1,2.0,0.7776611572976733,0.9455667182484201,3.0,10.0,200.0,1000.0,0.5,1,0.0,0.0,0.0,0.5,0.5,10.0,0.0463349820709525,0.04947352283605092,0.39025625841997624,0.8253035914393576,0.1782113145970693,2,492.69119147544933,5.0,-946654814,0.419831787167022,-1.2407345344251801,10.0
2.0,60.0,0.5,0.1,2.0,0.8494104396981442,0.95366332583614,3.0,10.0,200.0,1000.0,0.5,1,0.0,0.0,0.0,0.5,0.5,10.0,0.0398049867428986,0.0372464155180124,0.377081827755308,0.8465451050206864,0.12479205076829596,2,581.2264613484646,5.0,1543232131,0.5521273929975193,-0.9795445159856788,10.0
2.0,60.0,0.5,0.1,2.0,0.893141334214288,0.9535702332412848,3.0,10.0,200.0,1000.0,0.5,1,0.0,0.0,0.0,0.5,0.5,10.0,0.06058993356290654,0.04601052051956551,0.4701506448824165,0.7964767140234639,0.1491579057577098,2,496.9139830380831,5.0,905819290,0.6054470718107071,-0.9429384312023497,10.0
2.0,60.0,0.5,0.1,2.0,0.9331065668221231,0.9493635299372285,3.0,10.0,200.0,1000.0,0.5,1,0.0,0.0,0.0,0.5,0.5,10.0,0.05651150347779561,0.06525933077868482,0.4146992204423124,0.8425546753331339,0.14993865474624518,2,422.17833615527206,5.0,534707751,0.5678543854494346,-1.0338840256411175,10.0
2.0,60.0,0.5,0.1,2.0,0.8683979669655834,0.9514713486117676,3.0,10.0,200.0,1000.0,0.5,1,0.0,0.0,0.0,0.5,0.5,10.0,0.04525384980720777,0.044182338810773686,0.44972029828090776,0.8183156775990028,0.1473328301479831,2,501.9052754377523,5.0,-1731949904,0.4742876167417388,-1.0728488491890316,10.0
2.0,60.0,0.5,0.1,2.0,0.7466892200297066,0.939154465198238,3.0,10.0,200.0,1000.0,0.5,1,0.0,0.0,0.0,0.5,0.5,10.0,0.04721623850082237,0.051808191476244284,0.3387395154944381,0.835102030837482,0.19899445057651738,2,482.19887540827983,5.0,1957761689,0.45942878039989865,-1.2920143133659812,10.0
2.0,60.0,0.5,0.1,2.0,0.9221494272533205,0.9565262406792286,3.0,10.0,200.0,1000.0,0.5,1,0.0,0.0,0.0,0.5,0.5,10.0,0.041337453064257186,0.04439160410607982,0.4552818033592338,0.8199958227713112,0.13599603193579823,2,559.5387051210646,5.0,-1748733939,0.4763515696488421,-0.9568663674482509,10.0
2.0,60.0,0.5,0.1,2.0,0.7999243180342351,0.9431974726238599,3.0,10.0,200.0,1000.0,0.5,1,0.0,0.0,0.0,0.5,0.5,10.0,0.045921324860956875,0.05812207429795892,0.317194706516657,0.8438848065105783,0.16266496218886228,2,423.21745074378475,5.0,-1475143601,0.5778804983372727,-1.1143800676967681,10.0
2.0,60.0,0.5,0.1,2.0,0.8447118892632529,0.9470855600042596,3.0,10.0,200.0,1000.0,0.5,1,0.0,0.0,0.0,0.5,0.5,10.0,0.047065081528489906,0.05363230840855325,0.41913223331860433,0.7903265113339473,0.14874653755134454,2,440.8436059479021,5.0,650578259,0.5431159937793102,-1.0811824412314013,10.0
2.0,60.0,0.5,0.1,2.0,0.8786168470884475,0.9327783745028365,3.0,10.0,200.0,1000.0,0.5,1,0.0,0.0,0.0,0.5,0.5,10.0,0.04326241283533745,0.052612726870733,0.4055064337831215,0.8304147045063534,0.23308553863267184,2,488.91318738928976,5.0,1957419397,0.34229271300951775,-1.8421140621834113,10.0
2.0,60.0,0.5,0.1,2.0,0.8776688416249577,0.9541621511337189,3.0,10.0,200.0,1000.0,0.5,1,0.0,0.0,0.0,0.5,0.5,10.0,0.05724539469342795,0.04803013549253419,0.5202126589159434,0.7763021297171083,0.14688005250115935,2,474.66966871961563,5.0,-236820863,0.605549965903678,-0.9277841946591102,10.0
2.0,60.0,0.5,0.1,2.0,0.8884573109709173,0.9410354333053267,3.0,10.0,200.0,1000.0,0.5,1,0.0,0.0,0.0,0.5,0.5,10.0,0.05311812024820962,0.05361981504861146,0.38659511898592913,0.8413051982650238,0.1767212388788756,2,444.39013730815554,5.0,-1800952116,0.5297445957975322,-1.2115854374538557,10.0
2.0,60.0,0.5,0.1,2.0,0.8524621130908926,0.9515543163647026,3.0,10.0,200.0,1000.0,0.5,1,0.0,0.0,0.0,0.5,0.5,10.0,0.044544591117072145,0.054137750521634956,0.34239519173553745,0.8422761697518176,0.1371850776062383,2,489.67104474193656,5.0,2001836312,0.5708249261261369,-0.9845113248955214,10.0
2.0,60.0,0.5,0.1,2.0,0.910206961565128,0.9541749062413132,3.0,10.0,200.0,1000.0,0.5,1,0.0,0.0,0.0,0.5,0.5,10.0,0.04163563344286236,0.02668681124397059,0.4648848562853104,0.8160812955011588,0.14353585484111245,2,692.9142716866907,5.0,-1358864766,0.5369260149795072,-0.9519966563572293,10.0
2.0,60.0,0.5,0.1,2.0,0.907163189703028,0.9452156799438636,3.0,10.0,200.0,1000.0,0.5,1,0.0,0.0,0.0,0.5,0.5,10.0,0.05616099063062731,0.04223532115816227,0.4575517389910889,0.7802870315569383,0.17308946448545243,2,517.7451490984854,5.0,131925217,0.5548515475497217,-1.1233644736473225,10.0
2.0,60.0,0.5,0.1,2.0,0.8531951370524766,0.9601000024536693,3.0,10.0,200.0,1000.0,0.5,1,0.0,0.0,0.0,0.5,0.5,10.0,0.039332450331125826,0.02886362676381848,0.4457762372436098,0.7870083883271229,0.1274612359488382,2,677.8904421941763,5.0,725249105,0.5174786382594225,-0.8662304329693664,10.0
2.0,60.0,0.5,0.1,2.0,0.8130618923810687,0.9469715706529717,3.0,10.0,200.0,1000.0,0.5,1,0.0,0.0,0.0,0.5,0.5,10.0,0.05635846309185708,0.05481967700039412,0.41158613407498673,0.8003727180285568,0.18370731077667862,2,445.19776272242075,5.0,-195794463,0.3747951819517265,-1.263424735475543,10.0
2.0,60.0,0.5,0.1,2.0,0.8139454301061793,0.9498279079434484,3.0,10.0,200.0,1000.0,0.5,1,0.0,0.0,0.0,0.5,0.5,10.0,0.053366350846971,0.06168523295783794,0.41766191984442913,0.8110580660938658,0.13433443090713967,2,425.9494037729761,5.0,148934046,0.38727364720048724,-1.096132332862353,10.0
2.0,60.0,0.5,0.1,2.0,0.8593145569664323,0.945765689901606,3.0,10.0,200.0,1000.0,0.5,1,0.0,0.0,0.0,0.5,0.5,10.0,0.05628237710178412,0.04781630510599833,0.48757411600285283,0.7781323892584348,0.18054786740633544,2,469.19319878562635,5.0,-1375810499,0.4610946169566579,-1.118047530645152,10.0
2.0,60.0,0.5,0.1,2.0,0.8567700107524288,0.9546268981372337,3.0,10.0,200.0,1000.0,0.5,1,0.0,0.0,0.0,0.5,0.5,10.0,0.04031864708500223,0.03953543270261608,0.4161455064183218,0.8473907576198582,0.1356126070756745,2,555.6203584652495,5.0,2049154194,0.4670447238661391,-1.0161138616856058,10.0
2.0,60.0,0.5,0.1,2.0,0.8631905476283837,0.9479447376730159,3.0,10.0,200.0,1000.0,0.5,1,0.0,0.0,0.0,0.5,0.5,10.0,0.04139330169864521,0.03648876125184471,0.4635807171146046,0.8486681614989895,0.17370941224831907,2,544.0735514204828,5.0,1671207817,0.4993480833690811,-1.1171081885477028,10.0
2.0,60.0,0.5,0.1,2.0,0.8474144572200596,0.9465578435599636,3.0,10.0,200.0,1000.0,0.5,1,0.0,0.0,0.0,0.5,0.5,10.0,0.05408303902144888,0.05295804560152819,0.46630965575708655,0.7747993770502193,0.16135671905858756,2,430.2548000943287,5.0,476110814,0.47162559751356264,-1.1569488037082454,10.0
2.0,60.0,0.5,0.1,2.0,0.8881904044003748,0.9536786046006527,3.0,10.0,200.0,1000.0,0.5,1,0.0,0.0,0.0,0.5,0.5,10.0,0.05921912624699003,0.04868465462488583,0.4533821595178437,0.7463188695304763,0.14474790916792954,2,502.56052876555526,5.0,-574870911,0.4876159430698963,-1.0043774650566697,10.0
2.0,60.0,0.5,0.1,2.0,0.9442387676906054,0.9449469369218599,3.0,10.0,200.0,1000.0,0.5,1,0.0,0.0,0.0,0.5,0.5,10.0,0.058807818898176795,0.04882526988471081,0.5725306222053934,0.7721921541981167,0.16066241824855482,2,460.9804674853509,5.0,995520108,0.5015703438140031,-1.1624551660344182,10.0
2.0,60.0,0.5,0.1,2.0,0.894457850467688,0.9537770227561265,3.0,10.0,200.0,1000.0,0.5,1,0.0,0.0,0.0,0.5,0.5,10.0,0.05024457943712602,0.05000402608252598,0.3942709197284465,0.8323621474907275,0.1174899282889799,2,455.9357046255415,5.0,231993283,0.5856649408020036,-0.9477052037990832,10.0
2.0,30.0,0.5,0.1,2.0,0.9012242706309578,0.9592432708714453,3.0,10.0,200.0,1000.0,0.5,0,0.0,0.0,0.0,0.5,0.5,10.0,0.031976278720879686,0.02625395770392614,0.3948632094790187,0.8214007764520143,0.13188734484978645,2,792.9501398062968,5.0,-1643487059,0.6197084440626573,-0.8422249200039129,10.0
2.0,30.0,0.5,0.1,2.0,0.8371800732535385,0.9494689509226323,3.0,10.0,200.0,1000.0,0.5,0,0.0,0.0,0.0,0.5,0.5,10.0,0.02894415247705136,0.024952741574183823,0.3665542548775202,0.8831072041839094,0.15522768444473692,2,805.6234261650898,5.0,1516767001,0.3871744751931915,-1.1776911690222296,10.0
2.0,30.0,0.5,0.1,2.0,0.931416730385326,0.9563501135505447,3.0,10.0,200.0,1000.0,0.5,0,0.0,0.0,0.0,0.5,0.5,10.0,0.04164988485092584,0.027436932072378545,0.48475257039147673,0.8114764758495006,0.13954838424149085,2,710.4346818382373,5.0,-932242438,0.5169316341238626,-0.9421133941954032,10.0
2.0,30.0,0.5,0.1,2.0,0.8995225886151019,0.9569747570553537,3.0,10.0,200.0,1000.0,0.5,0,0.0,0.0,0.0,0.5,0.5,10.0,0.03501002615992639,0.026899122141982427,0.4543025394626564,0.8247606723818013,0.14664997134822227,2,745.1402745626594,5.0,-1990049123,0.5071445867216489,-0.9467641955360929,10.0
2.0,30.0,0.5,0.1,2.0,0.8553037458811777,0.9555021571595765,3.0,10.0,200.0,1000.0,0.5,0,0.0,0.0,0.0,0.5,0.5,10.0,0.031952770434555765,0.031627936078405076,0.37433599011341856,0.839344597583059,0.15663651613186216,2,709.3036396908536,5.0,-1214089243,0.48014516895632653,-0.9600690632235322,10.0
2.0,30.0,0.5,0.1,2.0,0.8499085515675394,0.952581374932365,3.0,10.0,200.0,1000.0,0.5,0,0.0,0.0,0.0,0.5,0.5,10.0,0.03976276736216235,0.034688315721973714,0.3765470658862561,0.8556400337133494,0.15706369741206333,2,660.6232989840205,5.0,583024558,0.49446260248501056,-1.035585120403353,10.0
2.0,30.0,0.5,0.1,2.0,0.8445955573150147,0.9513882013094103,3.0,10.0,200.0,1000.0,0.5,0,0.0,0.0,0.0,0.5,0.5,10.0,0.030660703501754816,0.027161960384777615,0.32753354802679485,0.8384821367851073,0.17113464196109276,2,744.8747364089728,5.0,-929280419,0.4423753384280816,-1.1229598398858576,10.0
2.0,30.0,0.5,0.1,2.0,0.8423159887199028,0.9530901630666537,3.0,10.0,200.0,1000.0,0.5,0,0.0,0.0,0.0,0.5,0.5,10.0,0.03229814389600081,0.025394166868060522,0.3665487048512132,0.851339211136468,0.19075986133397105,2,798.0082381241667,5.0,-930231981,0.4787683115696739,-1.0370833887161415,10.0
2.0,30.0,0.5,0.1,2.0,0.8940414469681105,0.9574369811132823,3.0,10.0,200.0,1000.0,0.5,0,0.0,0.0,0.0,0.5,0.5,10.0,0.034912860534708275,0.0281937353664359,0.4005211069345098,0.8435167449843026,0.1679958533208901,2,745.2103639056057,5.0,986448379,0.5510121863805727,-0.9029031325687636,10.0
2.0,30.0,0.5,0.1,2.0,0.8700049087214876,0.936725334327106,3.0,10.0,200.0,1000.0,0.5,0,0.0,0.0,0.0,0.5,0.5,10.0,0.04356207917913907,0.0428408460016808,0.35448699534856637,0.8333439971296503,0.20537753250016016,2,543.2245624384573,5.0,-38651685,0.4779153192054358,-1.3071873352869048,10.0
2.0,60.0,0.5,0.1,2.0,0.7966237000317488,0.939263277991456,3.0,10.0,200.0,1000.0,0.5,3,1.0,0.0,0.0,0.5,0.5,10.0,0.041516844653101154,0.052978486482754134,0.32679421314362544,0.8425571660441846,0.13369703069093497,2,515.3472733279743,5.0,-115838341,0.5164726184431833,-1.1608804698385904,10.0
2.0,60.0,0.5,0.1,2.0,0.8674320956910467,0.9221354513093363,3.0,10.0,200.0,1000.0,0.5,3,1.0,0.0,0.0,0.5,0.5,10.0,0.0448150277937512,0.04667637099623662,0.5022796425966921,0.7960369434848743,0.185851325658086,2,498.9475906138003,5.0,-250968284,0.5359291813198511,-1.3814559132074131,10.0
2.0,60.0,0.5,0.1,2.0,0.7926716095118139,0.935407221266652,3.0,10.0,200.0,1000.0,0.5,3,1.0,0.0,0.0,0.5,0.5,10.0,0.04641492240313177,0.04741817026520253,0.3755764397603935,0.8373047356526138,0.1249839792395476,2,499.3237588384047,5.0,411898037,0.5822509872565418,-1.144643990858596,10.0
2.0,60.0,0.5,0.1,2.0,0.8699911866413754,0.9382134236594227,3.0,10.0,200.0,1000.0,0.5,3,1.0,0.0,0.0,0.5,0.5,10.0,0.05583132463866408,0.04438276021496331,0.4302717626397672,0.8193547853458804,0.13413890309466295,2,511.65193947488035,5.0,-684880568,0.3799933702690834,-1.2304609754563849,10.0
2.0,60.0,0.5,0.1,2.0,0.8312641212961989,0.9315151218879466,3.0,10.0,200.0,1000.0,0.5,3,1.0,0.0,0.0,0.5,0.5,10.0,0.03927149333354014,0.035869059498868795,0.4001793440105271,0.8408317133782167,0.1462481313644184,2,593.7182052007863,5.0,1937059138,0.5294253084697628,-1.2945162487723405,10.0
2.0,60.0,0.5,0.1,2.0,0.850312103852454,0.9172206652390433,3.0,10.0,200.0,1000.0,0.5,3,1.0,0.0,0.0,0.5,0.5,10.0,0.045286469689208006,0.05247784790775119,0.39543381365989827,0.8645222847962903,0.14229964698823372,2,497.4680979341198,5.0,715735832,0.6054691690016678,-1.3595528509018269,10.0
2.0,60.0,0.5,0.1,2.0,0.9526952719753964,0.9198536740629265,3.0,10.0,200.0,1000.0,0.5,3,1.0,0.0,0.0,0.5,0.5,10.0,0.07070794753086419,0.06547321522200807,0.5076837089635987,0.7854236197314954,0.14455373754535086,2,395.1259613821808,5.0,-1484259843,0.5493672693227928,-1.4349723221895905,10.0
2.0,60.0,0.5,0.1,2.0,0.7485430272023261,0.9246830882994004,3.0,10.0,200.0,1000.0,0.5,3,1.0,0.0,0.0,0.5,0.5,10.0,0.04735127310305799,0.053006867556707894,0.3497755612188396,0.8366479791953415,0.17899475332875783,2,417.4194011957271,5.0,-1991235219,0.4483100156781361,-1.4745842908897957,10.0
2.0,60.0,0.5,0.1,2.0,0.795370049949638,0.9366596109058436,3.0,10.0,200.0,1000.0,0.5,3,1.0,0.0,0.0,0.5,0.5,10.0,0.05901056410234727,0.07061288259965633,0.4345489055310854,0.7874653361740102,0.1383411921579032,2,386.46669345931355,5.0,-233237048,0.43096418794986285,-1.1601013701213363,10.0
2.0,60.0,0.5,0.1,2.0,0.9286362068586235,0.932594563497169,3.0,10.0,200.0,1000.0,0.5,3,1.0,0.0,0.0,0.5,0.5,10.0,0.05326703614899833,0.042932264697242796,0.5296075819518196,0.777956175490224,0.14051975202466843,2,485.9371271452527,5.0,88871110,0.6237646707238683,-1.1551307175095764,10.0
2.0,60.0,0.5,0.1,2.0,0.8336825767792899,0.9329428367711649,3.0,10.0,200.0,1000.0,0.5,3,1.0,0.0,0.0,0.5,0.5,10.0,0.043509431744725865,0.04972283147705402,0.43669055536344364,0.8306776358889814,0.10108664097116588,2,486.40976510913185,5.0,-199943677,0.536553196302993,-1.2313052172491543,10.0
2.0,60.0,0.5,0.1,2.0,0.7968777120676225,0.9204187113009403,3.0,10.0,200.0,1000.0,0.5,3,1.0,0.0,0.0,0.5,0.5,10.0,0.061623968579973334,0.06288264902755215,0.38734036423283924,0.8301822135811999,0.16318243088011472,2,421.3207886339006,5.0,-1095367677,0.48429391760736024,-1.5705997168433754,10.0
2.0,60.0,0.5,0.1,2.0,0.8082874190073923,0.9283723192356056,3.0,10.0,200.0,1000.0,0.5,3,1.0,0.0,0.0,0.5,0.5,10.0,0.054183615851761374,0.05985668901280369,0.3803019853427384,0.7961109695586698,0.13906626491398333,2,419.53026100519594,5.0,-331423849,0.5757569265377889,-1.2384887837458973,10.0
2.0,60.0,0.5,0.1,2.0,0.823604886074586,0.9238471502873511,3.0,10.0,200.0,1000.0,0.5,3,1.0,0.0,0.0,0.5,0.5,10.0,0.05272142250772241,0.057049458040523034,0.4183842532952113,0.7794789814715072,0.11140795023784421,2,419.8680289540921,5.0,315362076,0.6042307011159053,-1.3020006439889984,10.0
2.0,60.0,0.5,0.1,2.0,0.8339049567255229,0.9185602880115042,3.0,10.0,200.0,1000.0,0.5,3,1.0,0.0,0.0,0.5,0.5,10.0,0.06440087145969499,0.06342835347459548,0.43500110477661175,0.8312560444982295,0.14423602222906898,2,377.1317063316761,5.0,1876725674,0.528305134426572,-1.466850082173217,10.0
2.0,60.0,0.5,0.1,2.0,0.8206599156305872,0.9265678159607392,3.0,10.0,200.0,1000.0,0.5,3,1.0,0.0,0.0,0.5,0.5,10.0,0.0587268599568542,0.062400433144154145,0.45514986916337896,0.7996482612699002,0.134341110870686,2,437.8466446332831,5.0,94130606,0.6681756903724995,-1.1596344015269908,10.0
2.0,60.0,0.5,0.1,2.0,0.8464438051078806,0.9339083714154438,3.0,10.0,200.0,1000.0,0.5,3,1.0,0.0,0.0,0.5,0.5,10.0,0.047250053990438245,0.04635417520672144,0.4298145705243512,0.8089217834275129,0.12030000712049196,2,518.8641462588985,5.0,-1919199544,0.6523239221206465,-1.1232210189245473,10.0
2.0,60.0,0.5,0.1,2.0,0.8839539658025016,0.930706085000921,3.0,10.0,200.0,1000.0,0.5,3,1.0,0.0,0.0,0.5,0.5,10.0,0.0499561392192781,0.05174684695409625,0.40547813686352013,0.8419019214055886,0.16908708886676962,2,498.0269846020665,5.0,913319384,0.4670666312338664,-1.4631411862628123,10.0
2.0,60.0,0.5,0.1,2.0,0.7881307552563016,0.9332037210291384,3.0,10.0,200.0,1000.0,0.5,3,1.0,0.0,0.0,0.5,0.5,10.0,0.06136242559006787,0.06408378477490444,0.39714782068666754,0.8128966562635054,0.14704651537336422,2,415.05684139489654,5.0,1694433163,0.609527210515832,-1.1540364864337913,10.0
2.0,60.0,0.5,0.1,2.0,0.831048810081018,0.9368338719084505,3.0,10.0,200.0,1000.0,0.5,3,1.0,0.0,0.0,0.5,0.5,10.0,0.03999604505905136,0.0429919915290259,0.3925634996068414,0.8569034697343124,0.1496680282400646,2,540.2348615920488,5.0,-1552111814,0.41685390148953666,-1.2641296246775988,10.0
2.0,60.0,0.5,0.1,2.0,0.8635491081948846,0.9339589275998249,3.0,10.0,200.0,1000.0,0.5,3,1.0,0.0,0.0,0.5,0.5,10.0,0.052065661755614875,0.047029644158549176,0.45379584503926956,0.7984238511737712,0.12869250459157033,2,452.75448481986007,5.0,-1692317387,0.48881498000736096,-1.2531699437643902,10.0
2.0,60.0,0.5,0.1,2.0,0.908394303325004,0.9283746736227436,3.0,10.0,200.0,1000.0,0.5,3,1.0,0.0,0.0,0.5,0.5,10.0,0.05045871559633028,0.04806577058303047,0.4507258326680774,0.8203723258753165,0.14766221390703987,2,481.0508025562951,5.0,-1853617913,0.5857246263569745,-1.2889828929357172,10.0
2.0,60.0,0.5,0.1,2.0,0.9004228350617245,0.9144816365088437,3.0,10.0,200.0,1000.0,0.5,3,1.0,0.0,0.0,0.5,0.5,10.0,0.045852527886426186,0.04710400787970428,0.4291620641944832,0.8349737117034027,0.1666759877002894,2,461.3693928287164,5.0,-1791152110,0.47866527656268215,-1.5938889703974608,10.0
2.0,60.0,0.5,0.1,2.0,0.8290641810217254,0.9381862231510734,3.0,10.0,200.0,1000.0,0.5,3,1.0,0.0,0.0,0.5,0.5,10.0,0.050726927939317316,0.0460269416286187,0.4206689495171372,0.7761977689122597,0.15227798341935278,2,464.7361634810798,5.0,891063119,0.5989186374504384,-1.0930862042653646,10.0
2.0,60.0,0.5,0.1,2.0,0.9438930003840611,0.9334854853212492,3.0,10.0,200.0,1000.0,0.5,3,1.0,0.0,0.0,0.5,0.5,10.0,0.05197598984651951,0.04762149816578921,0.5360605154555401,0.76284398373655,0.13844334826052593,2,494.19448798667236,5.0,-388975978,0.5601125715283622,-1.2498639325583858,10.0
2.0,60.0,0.5,0.1,2.0,0.8078131299712024,0.9312892307417117,3.0,10.0,200.0,1000.0,0.5,3,1.0,0.0,0.0,0.5,0.5,10.0,0.04530296511070606,0.04407049699342226,0.41338887565565113,0.8088365279959435,0.15693956940825712,2,560.5745086393797,5.0,-155367291,0.5119099598956427,-1.2440769751976573,10.0
2.0,60.0,0.5,0.1,2.0,0.8083872386265919,0.9205036480874464,3.0,10.0,200.0,1000.0,0.5,3,1.0,0.0,0.0,0.5,0.5,10.0,0.056731276680125786,0.06097306669624776,0.45063280813706696,0.7738926785362082,0.14273340890461098,2,430.77232336149655,5.0,659690110,0.4805404249437944,-1.3484079678307341,10.0
2.0,60.0,0.5,0.1,2.0,0.8336865016625203,0.9201932856145135,3.0,10.0,200.0,1000.0,0.5,3,1.0,0.0,0.0,0.5,0.5,10.0,0.048596141051230876,0.06234371778134329,0.34779697528679565,0.8404755181245989,0.21567016025135718,2,435.2272950722658,5.0,620796967,0.5252616792024627,-1.5274106284030047,10.0
2.0,60.0,0.5,0.1,2.0,0.8089678125412095,0.9445789536078669,3.0,10.0,200.0,1000.0,0.5,3,1.0,0.0,0.0,0.5,0.5,10.0,0.05336935014117699,0.05694992083883228,0.42401645014481804,0.8099104623681291,0.13148589432953686,2,458.83159565609986,5.0,-1560831706,0.47202508560426676,-1.059047804526171,10.0
2.0,60.0,0.5,0.1,2.0,0.8194141255915834,0.9331625791997535,3.0,10.0,200.0,1000.0,0.5,3,1.0,0.0,0.0,0.5,0.5,10.0,0.04879271708683473,0.04494149443214891,0.395296193162707,0.8369845950249646,0.19531956190982666,2,497.9216125708896,5.0,675993451,0.20133947889485898,-1.8767394195208151,10.0
2.0,60.0,0.5,0.1,2.0,0.7715544784162135,0.9375433191092024,3.0,10.0,200.0,1000.0,0.5,3,1.0,0.0,0.0,0.5,0.5,10.0,0.04981500221364872,0.06466498113353238,0.33415910535267856,0.8424603548105836,0.13295716186653386,2,448.7681681936439,5.0,1827698297,0.5146349809867501,-1.120192664192716,10.0
2.0,60.0,0.5,0.1,2.0,0.7823003744881957,0.9319968051846718,3.0,10.0,200.0,1000.0,0.5,3,1.0,0.0,0.0,0.5,0.5,10.0,0.057521985538401404,0.06031643669022849,0.4298515380455551,0.7934200678862361,0.1348465309115558,2,429.2426662135321,5.0,-1796496805,0.5583605910673709,-1.1850357123575004,10.0
2.0,60.0,0.5,0.1,2.0,0.8530884404402188,0.9456181250287883,3.0,10.0,200.0,1000.0,0.5,3,1.0,0.0,0.0,0.5,0.5,10.0,0.059951861015490535,0.058845779498567674,0.45259484944182016,0.8124660449858492,0.12672936058466502,2,463.6005106323621,5.0,1306302465,0.48161193358830423,-1.0477605645458272,10.0
2.0,60.0,0.5,0.1,2.0,0.837784150841851,0.9373744498855298,3.0,10.0,200.0,1000.0,0.5,3,1.0,0.0,0.0,0.5,0.5,10.0,0.035741056498710885,0.03494961134728035,0.3992589668986574,0.8557091713574014,0.14214671640550133,2,609.9395244743173,5.0,1272864973,0.5083040066180405,-1.2203239949335063,10.0
2.0,60.0,0.5,0.1,2.0,0.9461807838818834,0.9391621339789639,3.0,10.0,200.0,1000.0,0.5,3,1.0,0.0,0.0,0.5,0.5,10.0,0.05154553049289891,0.040887598816055186,0.5240920437492131,0.8186125263917224,0.11153511441799062,2,568.5728661509703,5.0,1037542727,0.5930231311588235,-1.0919303557655748,10.0
2.0,60.0,0.5,0.1,2.0,0.8201642744524914,0.9245292668113133,3.0,10.0,200.0,1000.0,0.5,3,1.0,0.0,0.0,0.5,0.5,10.0,0.040769378636834816,0.0374320497674383,0.42331958032694533,0.8221263449642695,0.129207636800086,2,556.3575903989889,5.0,-447990797,0.552692210793137,-1.2900724328495914,10.0
2.0,60.0,0.5,0.1,2.0,0.7531749509488238,0.9293981517761949,3.0,10.0,200.0,1000.0,0.5,3,1.0,0.0,0.0,0.5,0.5,10.0,0.05000577231597259,0.04704513396599628,0.42818410126941403,0.7707852592878731,0.13568499406177456,2,480.3144371482375,5.0,410230171,0.4892612679105914,-1.259317113323834,10.0
2.0,60.0,0.5,0.1,2.0,0.8494962726767166,0.9383704875855089,3.0,10.0,200.0,1000.0,0.5,3,1.0,0.0,0.0,0.5,0.5,10.0,0.04303348694316436,0.042340220646014046,0.40117214288765424,0.7913600144815833,0.1534900854916843,2,568.893853315913,5.0,997518952,0.418693791975235,-1.3538772361101314,10.0
2.0,60.0,0.5,0.1,2.0,0.8057360250110766,0.9346417451618079,3.0,10.0,200.0,1000.0,0.5,3,1.0,0.0,0.0,0.5,0.5,10.0,0.04220573345762972,0.042504258371000386,0.37440982259231087,0.8006995866123898,0.11885159538192422,2,543.0577660152156,5.0,2080337217,0.6092449123833309,-1.156255494751027,10.0
2.0,60.0,0.5,0.1,2.0,0.9400545220690394,0.9208985089331319,3.0,10.0,200.0,1000.0,0.5,3,1.0,0.0,0.0,0.5,0.5,10.0,0.06588369652447683,0.05829416736361231,0.45773683717009306,0.8464456268772409,0.17824196845671558,2,454.80380287734437,5.0,-691983524,0.46955265519756095,-1.570890217309022,10.0
