<?xml version="1.0"?>
<!--<!DOCTYPE metadata SYSTEM "http://www.esri.com/metadata/esriprof80.dtd">-->
<metadata xml:lang="en"><Esri><MetaID>{0FC54BFD-DD40-437A-8961-79917F449032}</MetaID><CreaDate>20081128</CreaDate><CreaTime>17370600</CreaTime><SyncOnce>FALSE</SyncOnce><SyncDate>20081128</SyncDate><SyncTime>17370600</SyncTime><ModDate>20081128</ModDate><ModTime>17370600</ModTime><DataProperties><lineage><Process Name="TableToTable_8" ToolSource="D:\Program Files\ArcGIS\ArcToolbox\Toolboxes\Conversion Tools.tbx\TableToTable" Date="20081128" Time="173720">TableToTable "J:\dissemination\Public (free download)\URAU_2004\PGDB\data\URAU_2004.mdb\COMM_AT_2004" "J:\dissemination\Public (free download)\URAU_2004\shape\data" COMM_AT_2004.dbf # "COMM_ID COMM_ID true true false 21 Text 0 0 ,First,#,J:\dissemination\Public (free download)\URAU_2004\PGDB\data\URAU_2004.mdb\COMM_AT_2004,COMM_ID,-1,-1;COMM_NAME COMM_NAME true true false 150 Text 0 0 ,First,#,J:\dissemination\Public (free download)\URAU_2004\PGDB\data\URAU_2004.mdb\COMM_AT_2004,COMM_NAME,-1,-1;NAME_ASCI NAME_ASCI true true false 2147483647 Text 0 0 ,First,#,J:\dissemination\Public (free download)\URAU_2004\PGDB\data\URAU_2004.mdb\COMM_AT_2004,NAME_ASCI,-1,-1;NAME_HTML NAME_HTML true true false 2147483647 Text 0 0 ,First,#,J:\dissemination\Public (free download)\URAU_2004\PGDB\data\URAU_2004.mdb\COMM_AT_2004,NAME_HTML,-1,-1;NAME_SIRE NAME_SIRE true true false 150 Text 0 0 ,First,#,J:\dissemination\Public (free download)\URAU_2004\PGDB\data\URAU_2004.mdb\COMM_AT_2004,NAME_SIRE,-1,-1;TRUE_COMM_FLAG TRUE_COMM_FLAG true true false 1 Text 0 0 ,First,#,J:\dissemination\Public (free download)\URAU_2004\PGDB\data\URAU_2004.mdb\COMM_AT_2004,TRUE_COMM_FLAG,-1,-1;CNTR_CODE CNTR_CODE true true false 3 Text 0 0 ,First,#,J:\dissemination\Public (free download)\URAU_2004\PGDB\data\URAU_2004.mdb\COMM_AT_2004,CNTR_CODE,-1,-1;NSI_CODE NSI_CODE true true false 18 Text 0 0 ,First,#,J:\dissemination\Public (free download)\URAU_2004\PGDB\data\URAU_2004.mdb\COMM_AT_2004,NSI_CODE,-1,-1;NUTS_CODE NUTS_CODE true true false 7 Text 0 0 ,First,#,J:\dissemination\Public (free download)\URAU_2004\PGDB\data\URAU_2004.mdb\COMM_AT_2004,NUTS_CODE,-1,-1;URAU_CITY_CODE URAU_CITY_CODE true true false 9 Text 0 0 ,First,#,J:\dissemination\Public (free download)\URAU_2004\PGDB\data\URAU_2004.mdb\COMM_AT_2004,URAU_CITY_CODE,-1,-1;URAU_KERN_CODE URAU_KERN_CODE true true false 9 Text 0 0 ,First,#,J:\dissemination\Public (free download)\URAU_2004\PGDB\data\URAU_2004.mdb\COMM_AT_2004,URAU_KERN_CODE,-1,-1;URAU_LUZ_CODE URAU_LUZ_CODE true true false 9 Text 0 0 ,First,#,J:\dissemination\Public (free download)\URAU_2004\PGDB\data\URAU_2004.mdb\COMM_AT_2004,URAU_LUZ_CODE,-1,-1" # "J:\dissemination\Public (free download)\URAU_2004\shape\data\COMM_AT_2004.dbf"</Process></lineage></DataProperties></Esri><idinfo><native Sync="TRUE">Microsoft Windows XP Version 5.1 (Build 2600) Service Pack 2; ESRI ArcCatalog 9.2.6.1500</native><descript><langdata Sync="TRUE">en</langdata><abstract>REQUIRED: A brief narrative summary of the data set.</abstract><purpose>REQUIRED: A summary of the intentions with which the data set was developed.</purpose></descript><citation><citeinfo><origin>REQUIRED: The name of an organization or individual that developed the data set.</origin><pubdate>REQUIRED: The date when the data set is published or otherwise made available for release.</pubdate><title Sync="TRUE">COMM_AT_2004</title><ftname Sync="TRUE">COMM_AT_2004</ftname><geoform Sync="TRUE">tabular digital data</geoform><onlink Sync="TRUE">\\s-troi\gisco\dissemination\Public (free download)\URAU_2004\shape\data\COMM_AT_2004.dbf</onlink></citeinfo></citation><timeperd><current>REQUIRED: The basis on which the time period of content information is determined.</current><timeinfo><sngdate><caldate>REQUIRED: The year (and optionally month, or month and day) for which the data set corresponds to the ground.</caldate></sngdate></timeinfo></timeperd><status><progress>REQUIRED: The state of the data set.</progress><update>REQUIRED: The frequency with which changes and additions are made to the data set after the initial data set is completed.</update></status><spdom><bounding><westbc Sync="TRUE">REQUIRED: Western-most coordinate of the limit of coverage expressed in longitude.</westbc><eastbc Sync="TRUE">REQUIRED: Eastern-most coordinate of the limit of coverage expressed in longitude.</eastbc><northbc Sync="TRUE">REQUIRED: Northern-most coordinate of the limit of coverage expressed in latitude.</northbc><southbc Sync="TRUE">REQUIRED: Southern-most coordinate of the limit of coverage expressed in latitude.</southbc></bounding></spdom><keywords><theme><themekt>REQUIRED: Reference to a formally registered thesaurus or a similar authoritative source of theme keywords.</themekt><themekey>REQUIRED: Common-use word or phrase used to describe the subject of the data set.</themekey></theme></keywords><accconst>REQUIRED: Restrictions and legal prerequisites for accessing the data set.</accconst><useconst>REQUIRED: Restrictions and legal prerequisites for using the data set after access is granted.</useconst><natvform Sync="TRUE">dBASE Table</natvform></idinfo><dataIdInfo><envirDesc Sync="TRUE">Microsoft Windows XP Version 5.1 (Build 2600) Service Pack 2; ESRI ArcCatalog 9.2.6.1500</envirDesc><dataLang><languageCode Sync="TRUE" value="en"></languageCode></dataLang><idCitation><resTitle Sync="TRUE">COMM_AT_2004</resTitle><presForm><PresFormCd Sync="TRUE" value="011"></PresFormCd></presForm></idCitation></dataIdInfo><metainfo><langmeta Sync="TRUE">en</langmeta><metstdn Sync="TRUE">FGDC Content Standards for Digital Geospatial Metadata</metstdn><metstdv Sync="TRUE">FGDC-STD-001-1998</metstdv><mettc Sync="TRUE">local time</mettc><metextns><onlink Sync="TRUE">http://www.esri.com/metadata/esriprof80.html</onlink><metprof Sync="TRUE">ESRI Metadata Profile</metprof></metextns><metc><cntinfo><cntorgp><cntper>REQUIRED: The person responsible for the metadata information.</cntper><cntorg>REQUIRED: The organization responsible for the metadata information.</cntorg></cntorgp><cntaddr><addrtype>REQUIRED: The mailing and/or physical address for the organization or individual.</addrtype><city>REQUIRED: The city of the address.</city><state>REQUIRED: The state or province of the address.</state><postal>REQUIRED: The ZIP or other postal code of the address.</postal></cntaddr><cntvoice>REQUIRED: The telephone number by which individuals can speak to the organization or individual.</cntvoice></cntinfo></metc><metd Sync="TRUE">20081128</metd></metainfo><mdLang><languageCode Sync="TRUE" value="en"></languageCode></mdLang><mdStanName Sync="TRUE">ISO 19115 Geographic Information - Metadata</mdStanName><mdStanVer Sync="TRUE">DIS_ESRI1.0</mdStanVer><mdChar><CharSetCd Sync="TRUE" value="004"></CharSetCd></mdChar><mdHrLv><ScopeCd Sync="TRUE" value="005"></ScopeCd></mdHrLv><mdHrLvName Sync="TRUE">dataset</mdHrLvName><distinfo><resdesc Sync="TRUE">Downloadable Data</resdesc><stdorder><digform><digtinfo><transize Sync="TRUE">0.000</transize><dssize Sync="TRUE">0.000</dssize></digtinfo></digform></stdorder></distinfo><distInfo><distributor><distorTran><onLineSrc><orDesc Sync="TRUE">002</orDesc><linkage Sync="TRUE">file://\\s-troi\gisco\dissemination\Public (free download)\URAU_2004\shape\data\COMM_AT_2004.dbf</linkage><protocol Sync="TRUE">Local Area Network</protocol></onLineSrc><transSize Sync="TRUE">0.000</transSize></distorTran><distorFormat><formatName Sync="TRUE">dBASE Table</formatName></distorFormat></distributor></distInfo><eainfo><detailed Name="COMM_AT_2004"><enttyp><enttypl Sync="TRUE">COMM_AT_2004</enttypl><enttypt Sync="TRUE">Table</enttypt><enttypc Sync="TRUE">0</enttypc></enttyp><attr><attrlabl Sync="TRUE">OID</attrlabl><attalias Sync="TRUE">OID</attalias><attrtype Sync="TRUE">OID</attrtype><attwidth Sync="TRUE">4</attwidth><atprecis Sync="TRUE">0</atprecis><attscale Sync="TRUE">0</attscale><attrdef Sync="TRUE">Internal feature number.</attrdef><attrdefs Sync="TRUE">ESRI</attrdefs><attrdomv><udom Sync="TRUE">Sequential unique whole numbers that are automatically generated.</udom></attrdomv></attr><attr><attrlabl Sync="TRUE">COMM_ID</attrlabl><attalias Sync="TRUE">COMM_ID</attalias><attrtype Sync="TRUE">String</attrtype><attwidth Sync="TRUE">21</attwidth></attr><attr><attrlabl Sync="TRUE">COMM_NAME</attrlabl><attalias Sync="TRUE">COMM_NAME</attalias><attrtype Sync="TRUE">String</attrtype><attwidth Sync="TRUE">150</attwidth></attr><attr><attrlabl Sync="TRUE">NAME_ASCI</attrlabl><attalias Sync="TRUE">NAME_ASCI</attalias><attrtype Sync="TRUE">String</attrtype><attwidth Sync="TRUE">254</attwidth></attr><attr><attrlabl Sync="TRUE">NAME_HTML</attrlabl><attalias Sync="TRUE">NAME_HTML</attalias><attrtype Sync="TRUE">String</attrtype><attwidth Sync="TRUE">254</attwidth></attr><attr><attrlabl Sync="TRUE">NAME_SIRE</attrlabl><attalias Sync="TRUE">NAME_SIRE</attalias><attrtype Sync="TRUE">String</attrtype><attwidth Sync="TRUE">150</attwidth></attr><attr><attrlabl Sync="TRUE">TRUE_COMM_</attrlabl><attalias Sync="TRUE">TRUE_COMM_</attalias><attrtype Sync="TRUE">String</attrtype><attwidth Sync="TRUE">1</attwidth></attr><attr><attrlabl Sync="TRUE">CNTR_CODE</attrlabl><attalias Sync="TRUE">CNTR_CODE</attalias><attrtype Sync="TRUE">String</attrtype><attwidth Sync="TRUE">3</attwidth></attr><attr><attrlabl Sync="TRUE">NSI_CODE</attrlabl><attalias Sync="TRUE">NSI_CODE</attalias><attrtype Sync="TRUE">String</attrtype><attwidth Sync="TRUE">18</attwidth></attr><attr><attrlabl Sync="TRUE">NUTS_CODE</attrlabl><attalias Sync="TRUE">NUTS_CODE</attalias><attrtype Sync="TRUE">String</attrtype><attwidth Sync="TRUE">7</attwidth></attr><attr><attrlabl Sync="TRUE">URAU_CITY_</attrlabl><attalias Sync="TRUE">URAU_CITY_</attalias><attrtype Sync="TRUE">String</attrtype><attwidth Sync="TRUE">9</attwidth></attr><attr><attrlabl Sync="TRUE">URAU_KERN_</attrlabl><attalias Sync="TRUE">URAU_KERN_</attalias><attrtype Sync="TRUE">String</attrtype><attwidth Sync="TRUE">9</attwidth></attr><attr><attrlabl Sync="TRUE">URAU_LUZ_C</attrlabl><attalias Sync="TRUE">URAU_LUZ_C</attalias><attrtype Sync="TRUE">String</attrtype><attwidth Sync="TRUE">9</attwidth></attr></detailed></eainfo><mdDateSt Sync="TRUE">20081128</mdDateSt></metadata>
