0.17321587848101994;0.31585399736666675;0.42209372711441123;0.4904612035671141;0.529543317678133;0.5538927002688457;0.5795667614603075;0.6203143793656287;0.6844159721704666;0.7724390297070962;0.8770997009761226;0.9865306191527181;1.0908955855749627;1.1897626405211925;1.2951850233070679;1.428536132275105;1.609539832064052;1.8449639545852259;2.1181209885154635;2.38906910498204;2.604960921274568;2.7232791554058995;2.734718326911329;2.670677288783512;2.5829147635548773;2.515952536911223;2.4865141961862127;2.4798686283962366;2.4594473941912955;2.3840167410666404;2.219550004983847;1.9714363282285052;1.671787732982799;1.372726625791563;1.1097144739326459;0.9034876430318483;0.7578074149950002;0.6637055250001066;0.6062794978646258;0.5710122945848985;0.5471113961984885;0.5278366225303828;0.5091228936340059;0.4877884521846935;0.4599858848063433;0.42052398126383567;0.36467081137289786;0.2904854480755474;0.2006210511985949;0.10033288035130879
0.3179943327150396;0.5786839054396931;0.7725591790854198;0.8974751040424301;0.969645875653407;1.0157550006337341;1.0646013254421098;1.1402420751577769;1.2565997560849425;1.4139974956136203;1.5995849422275679;1.7937179786676674;1.9817487564762668;2.166450734639512;2.372781865044053;2.6368840963665954;2.994731560614771;3.4471670079566574;3.9619820879211156;4.457784666905803;4.846961390158791;5.050458877042023;5.056310758267795;4.91937524064311;4.743326793420788;4.608949040687637;4.5435116513971465;4.5104183932070585;4.441274357687159;4.263897807126802;3.939383220440487;3.472767020086982;2.942764592188923;2.4234227176078726;1.9752945635778156;1.628881299649958;1.3866029700423985;1.2300985672017668;1.1326790032072154;1.0698724762335168;1.0244938671280164;0.986291089772871;0.9488723698869688;0.9064949384825354;0.8518968293664645;0.7759755459969454;0.6700515722751473;0.531797303288334;0.3659668899652568;0.1825524173909855
0.45060258903220685;0.8189898801407526;1.0926359598115147;1.2695581344925548;1.3736185700290844;1.442581359567763;1.5160258034125884;1.6259385999916849;1.7898899808263813;2.007159668115565;2.2603590160344527;2.524908448755847;2.7851011323758934;3.049889834174543;3.3573002524163122;3.759939308015495;4.294548794396113;5.0018398706543366;5.738108904103481;6.43631631968457;6.940231322072459;7.236675810116317;7.209398686338115;6.97407926549465;6.6690537606987075;6.470020446093042;6.359634063898459;6.2793690884191316;6.128343621972126;5.81709799741267;5.31405381931941;4.662471987283768;3.949413171595752;3.2705034886129085;2.6980602801314935;2.2654112372641073;1.9692343363204659;1.7788183529798869;1.6571472117591337;1.573560480343103;1.5084226283585909;1.450719958579895;1.3928214624076616;1.3262568960202847;1.24023711629293;1.1224929647097543;0.963293929160407;0.7601116959939387;0.5213875403192448;0.2594824428449651
0.5656774497438771;1.027327406534702;1.370357957497792;1.593783074513169;1.7286921036917287;1.8222737116021663;1.9223488112753344;2.0661728158044785;2.2730031326452593;2.540540863977134;2.8478213034221573;3.1673224956054558;3.4841520729528135;3.81361182061641;4.204323713137877;4.717580402621118;5.40257287551571;6.270397532740952;7.35684625766748;8.020372969296707;8.633639730720484;8.970124767648434;9.018066420292726;8.539010361368657;8.189474539481507;7.939501632519018;7.7851009028866445;7.644351573529582;7.390652703802006;6.941050530186536;6.286526036098584;5.546170148791785;4.7207639339432745;3.9503406818487727;3.2684872586763323;2.804932116836721;2.500128365942254;2.306764032838021;2.1798762692485556;2.08657074642688;2.008255997032072;1.9350297277599675;1.8578575728728717;1.7649015438277156;1.6417111234723847;1.4747864252165848;1.2554465716855614;0.984767385749017;0.6726237578937441;0.3340301215795543
0.6577605923782822;1.1945479194913138;1.594856971748991;1.8591098894765246;2.024359570171015;2.1447752126937467;2.27349063106533;2.450325767379262;2.6945168234462513;3.0019322564445177;3.3489938015004093;3.70632761085191;4.059928889456163;4.4292353820102175;4.867757500782906;5.440703520549296;6.189249840915183;7.127724902455918;8.121965847382802;9.049261043303721;9.624057368420612;9.946294534817037;9.83670080962285;9.518736586320873;9.158979562930192;8.902867376949994;8.71333056103174;8.474665185020518;8.135097477824774;7.576654117809522;6.832660486922372;6.039005633669938;5.5723837671276755;4.367997738782197;3.697996748598106;3.2574683716906794;2.9819448921933898;2.81221353465253;2.6986614552534713;2.6094988644832977;2.529595803641566;2.4499597991046262;2.3591222278246526;2.240062113156507;2.075866313735384;1.85305261035526;1.5668102837329545;1.2217345682494218;0.8311911853528817;0.4118453360970611
0.7230034671968576;1.3145401945047785;1.759390897177799;2.059139293510795;2.254581328329454;2.4037755596475283;2.5623917619570706;2.7720452425862723;3.048952378593317;3.3858311670325083;3.7540334866071197;4.126509734581579;4.490592552918314;4.868630418929158;5.3128668351630575;5.883674990093539;6.619570726050658;7.500642096687056;8.44763604748885;9.28161846578707;9.868325375213436;10.117819191289739;10.133276660340139;9.747424911472674;9.469133540126174;9.336104614387063;9.018380411038224;8.743348395754426;8.337068657920431;7.740093722459866;6.980213372128727;6.174586181062028;5.374452659334718;4.6170634870216976;4.019916302643506;3.6442155104386105;3.4230462199511633;3.294107685754149;3.2081441801591466;3.1364842194420786;3.0676394473377075;2.993705267606973;2.897454278801253;2.7576643799994485;2.553370061306827;2.2736105350967923;1.9155627004921976;1.4885352207464138;1.0100375142206794;0.49974181577444066
0.7610300125061653;1.3871767106637818;1.8646286784433816;2.1955059262252083;2.4215876946374704;2.601410132833972;2.790626489340237;3.0339856557146065;3.39134514412212;3.748209581946853;4.114479454616683;4.42318576158158;4.766813087095333;5.1211132361159475;5.528333097726317;6.0431856970533335;6.6904125225527;7.45389032653324;8.260489071721862;8.996525187738511;9.489700788995252;9.6956686512009;9.607000701801711;9.402749369570115;9.186941568631328;8.999231104999357;8.809385364970893;8.523552461728846;8.111258034562987;7.530789408664059;6.820610074038812;6.068901119306807;5.3500048173199515;4.742212862893888;4.284966646171147;3.9972548912298187;3.839798369953028;3.7583777295682386;3.7075419022345324;3.6621654109465345;3.6129187463219163;3.552212403312182;3.460732301432946;3.308562156871166;3.074392474026156;2.7427552973114975;2.3127442673373335;1.7974405616947071;1.2195157479738135;0.6033200481926841
0.7757544771240684;1.4196702551369447;1.9206372790759187;2.2809026475647425;2.5407721115650963;2.7558971445935163;2.9789262151585407;3.2560005430386725;3.6546563908158842;4.415482306290576;4.341821311649524;4.614671924539355;4.913956487100495;5.213790971062378;5.545523434106823;5.9550265073842255;6.467224743562134;7.062825212294325;7.706804059680185;8.348447279826491;8.786306625660911;8.882271175204124;8.776988287595755;8.63813984374537;8.498511074052042;8.37026342218797;8.21721944884452;7.981602948357552;7.613048241294955;7.1093355432097205;6.515251920049611;5.9024997840957285;5.34272260305154;4.885614973204937;4.559035780911884;4.361174142705091;4.269678945389839;4.239082590134487;4.229341590603933;4.20947366189879;4.1776971327692385;4.127555912278489;4.042508222322115;3.888889806706076;3.6346527298669127;3.25966978187101;2.7602283883438288;2.1517911887880112;1.4629119792043908;0.7244774630524663
0.7744717853408574;1.4255805467189584;1.9467166637265556;2.3408909177903072;2.645288611852179;2.909569196288034;3.1784158108849176;3.489040586930118;3.882126766408649;4.272438138888868;4.536853140833647;4.766556347622533;5.000634113026787;5.2181561388862026;5.443134045207791;5.717173293522622;6.066178758195938;6.493922508406234;6.972051981106985;7.47645270446287;8.031765484203;7.8736129811715205;7.806188596803052;7.732378581261795;7.660086688784194;7.584241082636303;7.479751655652944;7.300750773670714;7.018323737924279;6.6349334909489475;6.202494484699377;5.7772781543093155;5.407355211997016;5.116498614454322;4.918975770239909;4.815927244034829;4.799590007431132;4.856996987600855;4.897457462615764;4.906340928378059;4.859020822083071;4.803090563480973;4.704444148367016;4.531312273053672;4.247835228625679;3.824812688999306;3.250870820824014;2.5424060103954553;1.7322265641515688;0.8590765552467883
0.7661687619332457;1.4223987357867536;1.9697420899456242;2.4134108864555874;2.7871907365187347;3.1311568536494745;3.4752043025960133;3.8342388896628754;4.201811196963465;4.528287171814789;4.793339093669168;4.983943424164533;5.128894944736686;5.23602588933173;5.3349076012850976;5.463852980075938;5.656932035015199;5.927313477962111;6.267238431846629;6.615724986384743;6.849405288418194;6.925181839411616;6.912276836258413;6.898989999242094;6.876542847776413;6.834774618411625;6.763759049528551;6.671268903378;6.483529691670716;6.2403789216839405;5.963432240886897;5.755244916608578;5.603385090869506;5.513341117240348;5.4940752011532785;5.556809805167042;5.703776283351543;5.914740650844158;6.139430665127225;6.1317190790917415;6.073440318957541;5.93062704662701;5.708030394310394;5.403376053441786;5.000349528522366;4.464409054908809;3.7785033843111933;2.9481161884002565;2.008796545897946;0.9964927321731274
0.760396453717344;1.4299146456575864;2.020917254657024;2.5441504498029675;3.0299192344686707;3.5052302354048317;3.9762898596479985;4.424022763402673;4.811914454450016;5.11026659435591;5.30218240223494;5.3971428797208505;5.411157276349839;5.380608589091845;5.340159790168401;5.334062370247109;5.392880124595495;5.53299717953783;5.745374036611829;5.9838054640424;6.1190180493087;6.219820379375703;6.286799968817144;6.330927664878986;6.341894434837382;6.30282825211492;6.229470196912591;6.1569163856816;6.1421520112981876;5.918736228928768;5.848576742559301;5.88151275275559;6.010510535339526;6.235216908386933;6.597606544332414;7.126737304779079;7.806299328271897;8.531101178114906;9.091654891089435;9.32338285627657;9.141943201150287;8.623840467064483;7.88460526099975;7.049244015253645;6.190724425261203;5.312314487740028;4.372704512375;3.3613110194504485;2.272860738467116;1.1237744088509063
0.7672147299095229;1.467435546129115;2.1301414767629265;2.774010855403543;3.4274061131300795;4.10341466728178;4.771187185771287;5.366039662404067;5.810871274037123;6.07175858308438;6.202184303221371;6.143938965055218;5.989138675986266;5.745874883011234;5.56092384168137;5.43476087223285;5.390650885545462;5.43567858829488;5.550555001200651;5.684737426828843;5.8204924119979164;5.944480251243393;6.072440922981416;6.1853232417113375;6.210600610882171;6.142925780216617;5.998457857638744;5.8772564540290215;5.776786943476079;5.761684451678785;5.876060000869163;6.220307676351724;6.775528885820306;7.65229878797241;8.986223285702824;10.964443828503775;13.35331629570934;15.776858278948689;17.6350969308713;18.403308763082784;17.756304540158354;15.900899015150559;13.409783317590561;10.879621704554465;8.623244558575955;6.7505846798696005;5.19549011204284;3.8241473938611708;2.524671870865542;1.2341335069010304
0.794450522863742;1.5489099232164836;2.3141920177387814;3.1204988802017195;3.9943678502265643;4.931410874623008;5.872862416823194;6.659179112442837;7.181508815814822;7.3802520841077675;7.367560393892411;7.51671841767607;6.766201722095823;6.366705243340863;6.046646850810976;5.805879757378367;5.704223496489766;5.703397803470578;5.761327852773044;5.856565318228855;5.987383701174046;6.159602764951806;6.350464040910774;6.5107599945741335;6.577891913769345;6.405224909706673;6.1653936109175;5.922218364132864;5.767331951320565;5.788409339626712;6.084889748754586;6.806197694598379;8.192114017652894;10.446011269618548;14.294847807373449;20.11749984444646;27.776210075942465;34.86323587665097;40.51494970181264;43.06980085440151;40.82417669939407;34.66021154601232;27.238287862166462;19.949223533773047;13.99408640870783;9.597952786046918;6.592832007438764;4.466084762004694;2.802151436020904;1.3347850732521893
0.8439328414808976;1.674352189939711;2.5657091719288765;3.5603120337263;4.68178477234932;5.90240097327384;7.120296204310116;8.152878028458826;8.712767912156973;8.861217971533357;8.66722548390451;8.205885170096776;7.6724680088636354;7.179561247829522;6.688518778386353;6.416258938814682;6.307463331971899;6.314646753039505;6.364976598703082;6.452420421200058;6.610910523572704;6.858054863356193;7.132105718266708;7.335286481853797;7.350015383828857;7.1404283075137736;6.750013384590192;6.337288335796981;6.087635423219804;6.079426543003616;6.543016615533732;7.798661206850637;10.554286620077441;15.912071667729286;25.35123080561548;40.272682190134915;60.29262723333476;80.49783318056636;96.92035405720159;102.70770256096183;96.19866418812656;79.32995908063728;58.35391371585597;40.06796714825334;24.870055352417133;15.084139659145434;9.082720952021742;5.492060540302476;3.177546886921513;1.449683279095417
0.9092376488833889;1.8269933621658327;2.8491794906674857;4.0272255957238885;5.378010509417923;6.846002198062048;8.285260042948313;9.482842703791649;10.194635755284787;10.29146127182542;9.887124054126959;9.20526878228574;8.496863263155785;7.855966439283756;7.394617274187301;7.138226685485338;7.109377040091545;7.148415734271615;7.234697831387373;7.3118256697004576;7.563015688509602;7.980729385961288;8.372331244286675;8.627274436916592;8.581786938478304;8.262071861779166;7.691128042686188;7.04296060774593;6.594797860774377;6.681035284357122;7.207234700149634;9.408085653464484;14.662410838879977;25.611259323680688;46.115361260142436;79.55823908091207;126.82421876996685;176.06717901648537;217.68125519017414;234.0609292122466;216.57452209914206;171.44325231997811;120.98890475112826;76.75696992752046;44.75750808451419;24.57334626525052;13.205307528733787;7.1031893021311205;3.741452303993644;1.6119766110040075
0.977503369754416;1.9774960065192613;3.110563306868726;4.430744219789626;5.944474720431703;7.569579742111614;9.128006956758195;10.402607162292675;11.300759836513906;11.826955271811338;10.710205171957622;9.940840771776527;9.130723822880142;8.443154487446579;8.029660442804085;7.8412239198986455;7.875694885925483;8.081447591958085;8.034831754042887;8.239606092796947;8.631140226134356;9.232068830140518;10.027166445140939;10.095153887980269;10.04189114311332;9.611769016191595;8.824079799184291;7.91808837597493;7.231784432220586;7.100533926966014;8.173922288379538;11.773564523476791;20.809968841167603;40.71542879384354;79.75394382864448;147.4800027446446;244.89386616064888;360.0000764386795;448.32015301144827;480.706483722437;438.4374915851921;342.87529061289774;231.3446286656452;139.29542081501862;76.39002765934694;38.92333791732018;19.211244192359032;9.427546865918002;4.5563006380403;1.8520395219892631
1.0338465446320124;2.094160276840935;3.2964175822628237;4.689802718454688;6.268191640856296;7.933432842996602;9.493184133672413;10.731153259712334;11.422562923964502;11.479203936022097;11.006325216413288;10.24514675999407;9.44915884055023;8.788002316933413;8.414663121611886;8.908699288164177;8.338207018355932;8.494844294711811;8.71885767272815;9.04976054853126;9.562270403365863;10.332796747836257;11.06317622687344;11.46895043337701;11.425069717473031;10.915443482549486;9.958801357800091;8.879259737852868;7.985348729355234;7.855052164380031;9.387016738826434;14.777282656443186;28.670926938793098;60.173889630801526;125.50861770281469;244.00220669519575;420.62044954474646;645.3798164070126;828.223349650869;879.8421646895524;796.6426950990634;598.2761182942421;388.53971331790916;223.28515365854003;118.20615521658374;57.20782035942164;26.78494777270584;12.360023760003152;5.62274045911934;2.183717671843377
1.0666186028129594;2.1543045143234623;3.3738116259756534;4.763767027492817;6.306922847152391;7.900125897908112;9.361145704178291;10.473250789420378;11.080832528076767;11.13970060676602;10.750891355916151;10.11007926352914;9.426559787040999;8.852396793968506;8.527148611018303;8.415300175176919;8.487455628691652;8.706410385342744;9.656827713045386;9.485406413100394;10.140066538321332;10.996904736856832;11.85856528840196;12.316274388942869;12.395221282584442;11.894789067003295;10.888016125734978;9.712141479401566;9.102976132305027;8.632037859982121;10.76963184552828;18.011187900102442;36.906295908058226;81.05811342594487;173.49917319600567;346.32145954971423;631.5597923503667;982.789802342536;1279.9709707157538;1378.38826531826;1224.7896070664565;891.1604275731418;553.6704703866242;307.7362838935503;158.98603477305232;76.13334974773879;34.54419375581739;15.50726099067041;6.851984109984169;2.5813179186570605
1.0715444418899938;2.152315563655965;3.3413232058857156;4.6654205959967845;6.102253893911802;7.551259407671594;8.850962317017624;9.824848451564849;10.35958419652012;10.43663208175598;10.146224463397097;9.652325306996593;9.184270365250885;8.795875269030832;8.512582515792854;8.345337638567417;8.359341666245742;8.600712777195975;8.971471625771459;9.522026363229765;10.247663201174618;11.142911103054592;11.971653075938148;12.528604557685144;12.617214317370003;12.210116142927479;11.422655297135677;10.197423689434899;9.23863777304429;9.399726340279667;12.084147027101608;20.86213762111344;43.49228786509087;96.77227355071373;209.54861540423798;424.51992611951545;776.6298775444275;1225.7490650653085;1631.4128899382717;1741.8978755126043;1523.556687341189;1087.0293772647992;665.9300715915917;369.1931278086497;186.4278484810131;89.1803849261939;40.70778608782195;18.353729031583505;7.974482341972782;2.9961721834603257
1.0532633565406206;2.101353651355845;3.22815887763672;4.449456842148012;5.74542133880551;7.0588120257366835;8.1800612358103;9.00940603138983;9.441727071796613;9.55282867459225;9.378985657804558;9.048046660816203;8.748028025909962;8.912053911181085;8.503136015873263;8.076294955075875;8.062851074136885;8.229331114131577;8.59063564175701;9.148887788982346;9.899017963124665;10.75822869051512;11.558243117243562;12.073956692091407;12.186908805449411;11.862861053916488;11.088392610655722;10.192684652679576;9.55309227285367;10.01300127951628;13.111616828249865;22.501777166279965;46.89136217212674;101.35252122152235;217.6250672764618;438.6175326886543;795.1954773661985;1267.168839550708;1653.5663480042772;1773.9071917522776;1542.3263374508024;1109.2806212485343;684.698942911006;381.7985823382618;196.16835084362063;94.22425934167416;44.89743870539079;19.819349441024986;8.822759752289441;3.358079853006177
1.0234814258580793;2.028125290556307;3.0823042987722475;4.19166806658953;5.338320292618361;6.483899542164802;7.596302606442206;8.130733652644748;8.53120608683028;8.679287538168376;8.618134176946604;8.435319861943427;8.248775109438746;8.06090244761023;7.877976335736044;7.724820977387554;7.622039206745878;7.724550655259152;8.021697783628902;8.522884793581355;9.203176739145531;9.97847023651288;10.686400320691662;11.157010847691948;11.268115127263568;11.002611900066166;10.485512790333445;9.946355500847524;9.702419587382112;10.426229675482382;13.58161914317263;22.598332706175874;44.821683511853045;95.11893937602204;199.99800458281933;393.5522073437768;684.5114689737801;1059.4023435991144;1384.896203493891;1480.3069567634104;1301.9740703491266;948.891323523214;603.8563264834652;346.58745200151407;184.26553158950213;90.35463393780852;42.722410514080394;20.110084893655305;9.218100712100481;3.613193818411766
0.9960663419547058;1.9620495673972629;2.952714927612603;3.9635244056565475;4.9731051982026155;5.9463975233481134;6.768482035696255;7.390504341756771;7.758322701332056;7.932965710286858;7.9490688909307865;7.874659456341113;7.75197954277939;7.586456116444716;7.405033843386691;7.227517091852488;7.125778466187898;7.149050702690999;7.356365797194317;7.757007360070313;8.321736491043499;8.97158862772718;9.584183094143398;9.990149512012698;10.11156366272897;9.963931517193313;9.702873183470915;9.524666874786288;9.708528173293903;10.480706365371415;13.338158105955385;21.011049329940274;39.67675580340789;81.97690279173904;160.47294083039944;300.4791160248334;510.14192990140367;759.5643620720135;972.7947332085716;1035.5814239375568;923.5577535868291;710.296977445008;461.7018279874248;277.3545780714951;149.59039635434428;77.2038481726761;39.28043247704557;18.958660465260746;9.1448024948622;3.7171070332347638
0.9809580600287676;1.9229921634909588;2.870345358705658;3.8093774281681196;4.71255602940504;5.537977009573849;6.247185115004393;6.809496045741559;7.165837700866527;7.332025714691341;7.369634779099786;7.354219958128436;7.2843906934775;7.154535118674879;6.948888969326185;6.747808944398964;6.6015536682011575;6.564037834644105;6.681085971720726;6.969137847801926;7.4033686263621705;7.918925220687378;8.417417123410507;8.789689488548724;8.903629554029315;8.887797546151058;8.84917060767334;8.940086291792637;9.286518398485104;10.21648761537467;12.595723129782344;18.595805247011874;32.49889393699374;61.72699616444464;117.1054026796149;208.5362145039131;337.53310855432665;483.1934263055429;601.7763367899848;637.9489653711184;577.9985937555145;453.4032392124015;314.8082240466028;195.7717943180721;111.29939468647193;60.37844620287431;32.326551123173076;16.830295478244796;8.626505578567073;3.656207448509819
0.9800011555586083;1.913478298829392;2.837297594785525;3.730830281369013;4.561680207238328;5.293905561629105;5.902289087305619;6.374823665231798;6.706604181253393;6.8053645397674325;6.84785940501436;6.843922570795612;6.787292225792037;6.653884074086858;6.461396646996951;6.251379327382032;6.084478524156458;6.00654685090835;6.05042561237611;6.237536017633;6.552062848421712;6.944284141745767;7.334926799622382;7.627122908510399;7.7939744013885255;7.873501266462762;7.9922831858770875;8.248431576066286;8.736070528622315;9.645145757295419;11.499162274965173;15.729911246259716;25.56245375820202;43.466228728941324;77.4031296271839;128.4798098597193;199.42319774518498;277.99894549773063;335.74690522368877;358.5335155367806;327.49689909563244;266.1821076593634;191.9568249435923;125.03497416000701;75.93656912243988;43.9189256151926;24.948866422856437;14.184399151771709;7.791438065647168;3.430930411738462
0.9871403179845809;1.920064300259668;2.8303468107198726;3.6931476262090297;4.47402938292573;5.136693017846968;5.656612771528887;6.029610484718203;6.245324975515424;6.349752473407739;6.372099104803393;6.357232436847637;6.276314744454336;6.132156800178566;5.934718629512509;5.737210402328631;5.582933532429658;5.489848069911226;5.4875195441173945;5.5906303483476805;5.8144609519248;6.112347465231796;6.416117025336333;6.666034246506717;6.840129331677189;6.983974849752173;7.18114374712564;7.513529457771859;8.031980767966427;8.812744678738484;10.174544602516546;12.90410715420703;18.36024309689663;28.912297183772875;46.95812955349879;74.43066350018894;110.60546146908875;145.77427494152195;174.99158680438154;184.46035105232187;173.63376885840432;145.39424339198075;108.90843929888412;75.5508617113192;49.08401782852764;30.310867212846517;18.66958452749252;11.543687265821138;6.720111454659782;3.072278621028433
0.9926979738740305;1.9228328784162323;2.8175236047465226;3.6504639903970015;4.388439997061151;4.996651137368563;5.449783236665247;5.7408191092242475;5.891994064755475;5.95099843744381;5.9972221594260855;5.9455591156839045;5.838996057787538;5.618145692118008;5.415491659333784;5.219003217761663;5.083160746879138;5.010988265494018;4.968212729371606;5.029948555143131;5.193622867107154;5.429411994181521;5.682933906626583;5.904120603150549;6.077289590996855;6.23513122063985;6.446264225806369;6.772175141282425;7.238381785694565;7.874092953228523;8.80951083065097;10.399137322169878;13.37959323175766;18.823520313636337;27.94102178381119;41.21953009103203;58.179733732688774;74.56356113823755;86.5902365295219;92.66690558646897;87.86227667871871;76.5795000756393;59.63068966174143;43.576504422059266;30.226120609264406;20.385087146410328;13.631169956704468;9.029054192944388;5.577484256791054;2.6275789289395606
0.9887402488821168;1.9065637803383952;2.776463416304486;3.5730910841583334;4.268582894014658;4.834015697665027;5.2468657419041485;5.503602652537631;5.619919585539527;5.643547816786914;5.641257877771194;5.715016523493341;5.36432011987159;5.155386094265153;4.910782561454816;4.727386512524457;4.60417332270875;4.526671536858222;4.500827980794464;4.54193509423843;4.671885667812438;4.870061813399269;5.0951703648513895;5.303133595041735;5.472337472739361;5.624217736140531;5.812162298722429;6.0882255419205995;6.472752371804146;6.9636434910081135;7.59083739670554;8.499069369917827;10.009005370962312;12.613170023058908;16.848607828465255;23.254157852099627;30.328901031858308;37.250225360123636;42.85332301227274;45.35945537903439;44.446355700617836;39.28635945171119;33.0021870605537;25.11864146152007;18.735530167158146;13.670555558515543;9.872884502472232;6.949396374616753;4.477346749622889;2.1639134881930935
0.9722137894204107;1.8668403146051078;2.703363292906935;3.4594736087327607;4.1150174761579565;4.649956410754867;5.04673954548606;5.300959245612817;5.429288158130786;5.420214436325969;5.34431008698274;5.170424626090104;4.961728694144539;4.697634681628773;4.466878108255738;4.289597418753776;4.173502055495333;4.104933762102199;4.082412031318865;4.120136500511931;4.229394817592194;4.403750348324049;4.612644122224271;4.81613631538373;4.988499357186597;5.1388666727641;5.30531883635846;5.529651223270244;5.826363017228555;6.194934793145457;6.6276844179352254;7.1626059877479005;7.914425935816433;9.079458863051398;10.906555809799086;13.443571165975857;16.469318129457953;19.54483923679007;22.59129244668728;23.249606833784352;23.53923353379664;21.122776946440627;18.261403647341744;15.080554425046888;12.033270263941255;9.426700627500443;7.238386105794255;5.335433547790471;3.5396558137016467;1.738576163493402
0.9448554690920233;1.808865864448199;2.609742846266931;3.3291993405674893;3.954831297944011;4.47402464140274;4.872022547514804;5.138842933902392;5.272775802385445;5.283404198653258;5.0810490052670945;4.856065483002034;4.619488431349068;4.329605366790745;4.094856409252221;3.924609629772265;3.8120881608759682;3.746272919627008;3.724735432811301;3.7568751443668624;3.8536208898812183;4.0128394066995146;4.212798482163155;4.41846463430586;4.601565181005771;4.764551356331545;4.941478648122327;5.12538843465316;5.348524098677317;5.605885167019119;5.923320531588497;6.27590381184967;6.681360051770637;7.207366398076088;7.937456273946491;8.945349149773506;10.186526010719964;11.51126965218111;12.615426899556503;13.281773574684433;13.269547063713885;12.584984532123569;11.342263970611292;9.82711189376404;8.286633006000491;6.830637329390282;5.472408315012941;4.153482474812542;2.8047131766052966;1.3900340884650542
0.910862815644363;1.7421228289056518;2.511863316713996;3.2062845847110464;3.8179618199464986;4.33745555109397;4.74768047215855;5.026871831529435;5.157871043610909;5.110424663082448;4.922182104325103;4.645406759655707;4.343705489917944;4.055563411597295;3.8065168491851678;3.627605790268952;3.509602577508175;3.4407338703890678;3.4177358141309138;3.4470791216143786;3.5378029639531166;3.6899199414024877;3.887151155303307;4.100276351701701;4.300843408587202;4.482069946377788;4.660403039544044;4.857557584447445;4.978450005278756;5.175269633137404;5.422355169260893;5.693075559073464;5.966179169161901;6.2489030675743935;6.585580710642271;7.01481287242377;7.545965368917965;8.116473026498753;8.627070148464156;8.952854286220393;8.997025239478917;8.707820737811188;8.012783228835012;7.154803094115798;6.22557583791887;5.2838515268567186;4.331300794946677;3.3385401635920657;2.2741161921993056;1.1319244555925279
0.8744901257041775;1.674756866885752;2.4211930571038587;3.103792608480229;3.7170247599237647;4.249948790944152;4.678937178335206;4.9708536607577365;5.0914857332477705;5.032949231160229;4.821287443398509;4.514795307599035;4.1750224676284065;3.853572170535325;3.585138357244621;3.3845681500990388;3.251158723812216;3.1787175831763617;3.1584415834631474;3.1929251278051423;3.280850729905345;3.4282835564660337;3.6247382694367114;3.848686402631262;4.068324242718792;4.262863724438279;4.432340716805742;4.564444724964226;4.692720853989218;4.840879499219315;5.0442129801568285;5.279143340796969;5.518177474452989;5.7495217294850365;5.987283702983792;6.261547249221114;6.537290149253221;6.804045587189473;7.007748721621798;7.12700761350785;7.087334260371119;6.824645875560054;6.360840215845726;5.7506719347336475;5.081101722559698;4.3755460405812565;3.6288364894696885;2.818954064934817;1.928574539873331;0.9619784472366915
0.8390207700627119;1.6114160986019586;2.3405021332105145;3.0190573469501545;3.641117861267051;4.1921173213072995;4.644516727120652;4.952497294654682;5.077880139308828;5.0060671309587645;4.775199940470447;4.442203426626163;4.0732003261057965;3.716539967836622;3.4134772347339926;3.1832862250361664;3.029461312648474;2.950728757494195;2.9655793410994646;3.004545591164696;3.0908628977091976;3.205111770006976;3.4040982153132306;3.6407587880678873;3.875628724393838;4.077553053077856;4.228854665247941;4.337627031552329;4.4309104243955355;4.548628936219473;4.714944255632718;4.931086036441647;5.176105575556383;5.428555900646775;5.6811152363822215;5.934900985462251;6.178064200840593;6.271688503872749;6.327830128496407;6.297193518973446;6.145057460418425;5.856640364136491;5.448232846388904;4.96056606661448;4.427614052445482;3.8576871139844315;3.234272901385804;2.531126524286512;1.7391903796649681;0.8688375184329185
0.8073112075868994;1.5546521822987878;2.2672923745782554;2.93968428384149;3.5650882011860356;4.12649868201941;4.594862579984633;4.93442071977742;5.0639369463980595;4.9846361465988185;4.724679242759409;4.386047037524046;3.999714017326625;3.6173642185695787;3.278138014042186;3.0207898896422103;2.846004074289677;2.756396138118836;2.7673707733581763;2.9070681480378733;2.877868146773037;3.0026811082987597;3.206075588096967;3.45087589362521;3.6936396320904614;3.8961127688954287;4.037232825946486;4.122117752655107;4.181849468820718;4.259241059977373;4.3902590520704425;4.589496663595847;4.848642760707021;5.140308042141192;5.435415924964733;5.705196159387489;5.8968900172435825;5.990689549261726;5.965667270115723;5.837327131085476;5.601026302393013;5.274704648026393;4.889893163309333;4.47510823320876;4.043439574266492;3.6284354456272214;3.096148599045302;2.4607096452499273;1.6670909657495552;0.8347935075291335
0.7825462011319644;1.5075588830395876;2.1998982574380337;2.854856606710102;3.466499097663065;4.018421845364332;4.483187588892611;4.822727447356658;4.9953955410955295;4.871784181775545;4.624487921854093;4.291368890768858;3.918846057501275;3.519462984505725;3.1715406920581954;2.898014414458863;2.7063760144313553;2.5971257548828657;2.5794504365004145;2.6055842792394017;2.6869512921668317;2.8131748374792886;3.0196329226035807;3.2642126174638317;3.5044459156886494;3.701087830913127;3.8304033572803973;3.895060335500158;3.9248297181943474;3.965463994448989;4.061081880148549;4.239047695306186;4.502697878888366;4.829337483146881;5.160851509029038;5.448915249961835;5.647161357978925;5.732714341048936;5.683402681365897;5.500486813712358;5.213555769227453;4.8667802879899575;4.505240407779244;4.154038883748398;3.81187958258452;3.488282404885238;3.430424092767522;2.421968604414176;1.66713460049217;0.8378938628266319
0.7679516173924482;1.47447713671739;2.141086140182597;2.763418610902328;3.338898953080682;3.856037302391025;4.289419526964073;4.602706792276896;4.731668794752993;4.673050191051964;4.452377315873906;4.146944728867824;3.7892483580083156;3.423842343717634;3.087230883894679;2.814063758857904;2.6117783517829087;2.482596407467962;2.422915452755955;2.4318766052670022;2.505947755274486;2.647974182884757;2.847609906627574;3.0813511735655204;3.3096268619370313;3.4946320577383205;3.612473858028694;3.6633628760254764;3.6728174120363306;3.685396825860419;3.7489741323175783;3.900270470355682;4.152335561863794;4.485592506362505;4.847030497893473;5.146869248241691;5.367624177271947;5.462183886400933;5.404792826113779;5.201256630200237;4.894422448012478;4.547178200736484;4.215350164329205;3.92695209380304;3.6635703061215823;3.3994764002617517;2.9960158932335714;2.43835910206039;1.6916999325816895;0.8554248045196556
0.7653801637330406;1.4590524721196318;2.0966487673746736;2.6738783954856347;3.1939293264067583;3.6541075370679468;4.036633253945204;4.30617960740084;4.431157055247939;4.398973511189836;4.2329121348481005;3.970870735916696;3.6988097993429387;3.3738702369228855;3.0678698833672438;2.764248053453147;2.556427968903704;2.411895628301955;2.3331231295842185;2.3235310368942006;2.3854895608741646;2.5159565048948718;2.7023306820660515;2.91870286075004;3.129696293580971;3.301209132770848;3.413593812581764;3.4619830503081683;3.4652564561343424;3.457714812278504;3.49334781785421;3.614614522262425;3.8427199452202006;4.1606103148810485;4.513075797634241;4.840651616466841;5.079714064751375;5.187386011124319;5.132746870383473;4.92609462052248;4.618804483276232;4.283367539698673;3.9824274743472348;3.747365823237141;3.587746529815765;3.350563083913167;2.9882037500644087;2.4154538198900593;1.7101594038511947;0.8693021133965902
0.7738462663470748;1.4612977904729192;2.0707424441452074;2.5977986917608145;3.052675040304782;3.4442669181021848;3.766887025604;4.000077948734944;4.120181592867467;4.117840877263469;4.00197717595335;3.799791664041557;3.5832761382593894;3.937214583256383;3.013693397726746;2.7377356138788427;2.529414329317459;2.376840922938737;2.286119283618559;2.26395700200323;2.313503128824749;2.4311066517219375;2.602792788996068;2.8028942217608517;2.9981393089656367;3.158436853151496;3.269524608109529;3.3352913831818167;3.3399083028251804;3.3231613542941716;3.328098837523416;3.4279920380334956;3.632976511623872;3.9273493714489724;4.269413279558638;4.597121969930663;4.844827055152127;4.955356528941182;4.9007427483818695;4.693680948704716;4.390099565763385;4.066668694268525;3.789283895423651;3.590958020153466;3.472411508543911;3.4353403235884983;2.9285743524354246;2.3957838484331755;1.704703764720712;0.8704344495974059
0.7892070249819053;1.4761433920672773;2.062085768929798;2.542460300349264;2.9344509424067935;3.2587768996218065;3.5242789485193615;3.723522535381739;3.8413627507337167;3.866313999661356;3.798836071917291;3.6529927434643334;3.4745824075419964;3.2374179965858483;2.9880870888635624;2.7261269513881596;2.521545439936401;2.3663112648904665;2.270899534407275;2.2440895740171793;2.2895830174038823;2.4031041789399428;2.569608131864209;2.7628661249195696;2.9503785922917265;3.1044785536894723;3.2143010838060677;3.2831025863357417;3.318464436904844;3.2733831826761586;3.2816001513276456;3.3741147219001855;3.5672970417729055;3.846555215141986;4.172510815896239;4.485157280918809;4.717026889699289;4.813227655010014;4.745600827970812;4.52987593921596;4.220720962144406;3.8997451673367283;3.6328741770496746;3.44871764195;3.3322835027727558;3.155045725075276;2.8512358253475982;2.3465507024170353;1.679773253854647;0.8602917301785561
0.8054490955556916;1.4950015652656068;2.064248797434072;2.508559145294853;2.8507302719674623;3.1214311739940523;3.341363572080974;3.5143090356142075;3.630923520589986;3.678805581266406;3.652502629050555;3.5537702628508545;3.3931140026100777;3.185878043992087;2.955894270534318;2.7291484967017205;2.529848439709101;2.376762368906755;2.284084940867749;2.2622710890881605;2.3155791558711227;2.4391647146242765;2.6162121459005374;2.8180926006911937;3.0105065525623145;3.164953260543354;3.269537032404063;3.329144085985033;3.3404006176700647;3.3376650570289312;3.3597919111648324;3.46265537706411;3.656330653915921;3.9268919694828868;4.23397565235618;4.517180909115764;4.712049282961387;4.771097606109652;4.678080134847743;4.438560986931932;4.114457563419524;3.781961700701966;3.518125963494525;3.3365058306606588;3.1974520524731194;3.0285992109436832;2.7489645312736086;2.2994682121684122;1.6602104116688443;0.8545779455862469
0.8170667490632336;1.509665772447761;2.0700683707651364;2.493669127477764;2.8068865325184365;3.04635454813739;3.2402725198765907;3.398913659526843;3.5166413828756684;3.580328026789751;3.5815846585871576;3.5646887834236476;3.4320693120093035;3.241876326257821;2.971692254319107;2.75060792787327;2.557536555545873;2.410500810826703;2.326482446772477;2.3176128795102637;2.3893661842946123;2.5368155544403024;2.740706765175739;2.967747851337151;3.1783643525587895;3.3402098947942127;3.439856410033877;3.4829863619834027;3.49332849477648;3.5033369114170796;3.5527283801882032;3.671092931173445;3.869963730038001;4.1317607597393256;4.413295115967135;4.6539470340631155;4.794192171273152;4.797013200995449;4.656338494242296;4.395513697076632;4.043441539745334;3.7112078407349633;3.450255064345456;3.269500568884085;3.129578641302762;2.9621195580952424;2.6981163726587054;2.310900811516772;1.6918557385561948;0.8943154466903054
0.8212154091661414;1.5160601976639192;2.0762314363519647;2.4971498994656134;2.8060337178628965;3.041059830955768;3.2320496279717403;3.390897691072624;3.512519501338484;3.5832376824134777;3.5956531676180243;3.590161560634018;3.8669157804230623;3.262494306271959;3.0137040654845397;2.796435225395965;2.6101735849374434;2.471636830695452;2.3987347724053083;2.4058692145123723;2.501131015639811;2.680597265643557;2.922308211372272;3.1863013099847355;3.4247698934206774;3.5993693948544916;3.696276699475433;3.7305573343115843;3.7369997353231894;3.7556879077129675;3.8193899679467584;3.948944753674137;4.1460810009383415;4.389652097807746;4.633816976537356;4.819844781742561;4.895254994865418;4.833365130203638;4.640096118585123;4.341899543886041;3.999946636256235;3.677884970823673;3.428889564235541;3.253883520806884;3.1148048572376874;2.94728930421575;2.687986205727616;2.308068315179837;1.8556198122899203;0.8835895960002149
0.8182217683742985;1.5148465891933223;2.0836620418540432;2.5198267889837607;2.848486516334161;3.104625120602373;3.314591547729375;3.486984811973641;3.61432272448465;3.6822553965736877;3.6835006918347677;3.645133732579229;3.5099487003498324;3.3207706220678292;3.0762210115274535;2.8681125646977566;2.6909327840898944;2.5612301959355808;2.497436770917757;2.517324413549529;2.6336125532568504;2.844558899782647;3.1255336263089317;3.4288553357704745;3.6971457244148453;3.8854356142018664;3.9805214935555875;4.006110906988361;4.00933793942853;4.032461758391408;4.103428714125737;4.229137950609597;4.408319295831619;4.616071175329994;4.8092688376773705;4.932348086874666;4.943276154182549;4.826943987631229;4.597093509551429;4.29295791468526;3.967206101428587;3.6733281005321543;3.443814013430742;3.2785662261531656;3.141479474051558;2.9718309815509456;2.705039741826793;2.3015817394522036;1.6805523265049078;0.8811993300994012
0.8096722514211345;1.5077351394777392;2.0921128654381658;2.5573627836991597;2.924036560813695;3.2203489345669096;3.465028096770677;3.6596524218635316;3.7921140803259243;3.847557968435329;3.8214879690347745;3.719715696295001;3.560620845742724;3.3640959259401195;3.157144138249362;2.960953728247134;2.7943603879938896;2.6714370542121104;2.6106644318609633;2.635246059858171;2.7639484250685147;2.998059745586338;3.3093192803249876;3.6427751542309816;3.9327855004274577;4.129629556006289;4.220679121095811;4.236130559955671;4.233307512103635;4.26499045044815;4.333105435192549;4.443636580250188;4.581203777131662;4.740308327496472;4.871740118907262;4.929939071418819;4.887126468505756;4.74097355887762;4.510429250987516;4.2298772334780885;3.939768884822496;3.680069240105097;3.4743598706247245;3.3211155723247363;3.1870061224934396;3.014659531050199;2.7373373710030853;2.2942580018684415;1.6603422153592184;0.8557158917454057
0.7948719796230639;1.4912037322647778;2.092160783214823;2.5913280524050846;3.0032437907722445;3.347297749881067;3.632419829102648;3.851070495779814;3.985567129909137;4.021815463235303;3.9611890194081365;3.823619453926265;3.639325625360444;3.437040185445185;3.237896749591481;3.055527628721488;2.899077422234414;2.778454299889262;2.7133669845752015;2.7325265387625923;2.8634391504161143;3.1076156827521317;3.4330647023132026;3.7765323052905346;4.071045271383881;4.265922793959578;4.3501582216836665;4.35535317753789;4.343003460845922;4.367333591343595;4.443044987549905;4.513650032564721;4.617700972368253;4.720573741535617;4.786477765179027;4.784499255270962;4.704463942728414;4.5559885302367915;4.360441184060229;4.132849591427248;3.896768746384324;3.6727029367122084;3.489790846285739;3.3471132608658194;3.218411377164674;3.0454698829186895;2.7606771038070295;2.30724776758877;1.6627362764260838;0.8544848151588006
0.768012818632617;1.4519483743962776;2.060081705987535;2.5849876163379344;3.0346658846727617;3.41962247564528;3.73885144092223;3.97595547421096;4.108351763317619;4.123934877582376;4.033469456127952;3.8690306706530837;3.6702303614639615;3.4685404775798863;3.2804494180555896;3.1112294788750767;2.962239673522124;2.8402420694190447;2.764527820336575;2.770710401819902;2.891209953317736;3.1324390491785965;3.4494590152804427;3.7806332044158824;4.056746195376733;4.240064948705427;4.316127225880766;4.313635039331296;4.2915831807161355;4.301981744987593;4.349756240429778;4.423234324933586;4.4926402174066755;4.542601475022028;4.545929916355905;4.493099194034416;4.392881380091129;4.261943946743342;4.118384064874211;3.9752461295524313;3.7963760248401313;3.613835207438028;3.43885822184182;3.312984478900768;3.1947160480455925;3.0273927618726404;2.7441319349894404;2.290591436503256;1.647503709809995;0.8450948282236441
0.7187273688657684;1.3681485937733282;1.9608502703936315;2.488650872319525;2.954105135466492;3.3594907823492606;3.6951033765040777;3.9378542641878;4.062515815842229;4.061110994060174;3.9520681320757167;3.776624528184838;3.579197787999761;3.3903169636521455;3.2203187627154235;3.06637048032722;2.9245080364771177;2.7994597534311776;2.713132076040498;2.7013437805431373;2.79948463632445;3.014057681660839;3.307664475406316;3.5991687031467907;3.8494010490229758;4.013214555946889;4.08003908168802;4.0758872514698465;4.051015369206416;4.052528901880001;4.093539141290928;4.152675684678872;4.197480679380968;4.199930911669145;4.150746509133193;4.059390585211867;3.9504621969615283;3.8472550663849376;3.7518728295622337;3.6663855441275155;3.584262229430643;3.4021452100010037;3.2690580932958087;3.166750146669078;3.070290699119282;2.920982544435778;2.6536957832145203;2.210986743309367;1.5850189050458596;0.8094091452899015
0.6362424593169963;1.2178257761881057;1.759682792531547;2.25483204174042;2.705059829463472;3.103126512634176;3.4314919627133116;3.6566335006639052;3.762689821926502;3.7462761997571095;3.634916476729025;3.4683480663969037;3.2907618923402477;3.1278667161600358;2.983742548292667;2.8501353889118115;2.7197588273135116;2.5975255541912543;2.5049289453593206;2.4764548633775187;2.5439895897203852;2.714928467096371;2.953835775591038;3.2083952072540436;3.422291972316836;3.5633383071696403;3.6210896232162653;3.618254147147801;3.6008639322171696;3.6069909395927042;3.6456300312958905;3.6924875405509043;3.7116910994960315;3.6790562346176077;3.594334982500333;3.480450788646698;3.370575324062886;3.2873031308904173;3.230531001767014;3.17267816796461;3.100033236065178;3.016758229488311;2.9266083126854863;2.8580441447769296;2.7898053122039643;2.6864230707007004;2.4479745813622102;2.0382147124787684;1.4416656956494596;0.7330307917492401
0.5146788584390998;0.9889732242464923;1.437842049661024;1.8565738336552877;2.2495384789253294;2.6256460032484057;2.911738104889578;3.096323444301341;3.1497095155342203;3.1266953340787147;3.02893164023074;2.8914061598882066;2.7497379185708897;2.6234097923480544;2.5120691975971052;2.405374171869315;2.295769545560639;2.187633044419344;2.100217772424195;2.0626471118915375;2.101119298352027;2.2213831597721074;2.4019551405142137;2.599851054272403;2.7715940535767314;2.8860012226196106;2.933422580705443;2.934501854904815;2.925541546854494;2.9389812443532297;2.975504423405854;3.0105112779908207;3.0119472433029726;2.9615607152949144;2.8654534936568936;2.7503237718005207;2.648536437491349;2.579704590850195;2.5367238805425982;2.504557220923909;2.4688990751681894;2.429161132019904;2.3894025191645123;2.3514373107105913;2.3106065466023793;2.2386336956248636;2.0854869679969976;1.693307950354923;1.1959965224579985;0.6049839647904226
0.35612464787550563;0.6857849857336848;1.001118268180393;1.3001457114105368;1.5890985931855939;1.8746211833499058;2.148426504126098;2.2009289804735492;2.2318331401316818;2.2076645416899874;2.1383106102713567;2.043750311803768;1.9486044524208694;1.8649713093698903;1.7909140826841587;1.7177269524585452;1.6395254921302884;1.5597355791664576;1.492498921445906;1.4585995528769489;1.476245439679479;1.5506319150651482;1.6680332154413018;1.800606427102775;1.9178990135890035;1.9981454417452509;2.03429228186112;2.035448649260039;2.033881507218726;2.048336647902008;2.0773181836484738;2.100452262383;2.0943189045376345;2.0473798871965143;1.967007134887801;1.8752536837618932;1.7966054913537959;1.7442337735644804;1.7166770978656387;1.702274943753622;1.6910119814228464;1.6779594453095905;1.6635023738961496;1.6477656611272702;1.6248103253619408;1.575596068253468;1.4389020004068702;1.1949973919982406;0.8400677178651393;0.42444981466971704
0.17045515156327284;0.3280252647415098;0.47967836609546277;0.624884574293001;0.7676589461686157;0.9127268921989311;1.0157430164405195;1.0741982802578443;1.0778154218337366;1.0644770190079202;1.0310063135065892;0.9866141465870519;0.94232321986398;0.903663282667848;0.869211942158499;0.8344484906692078;0.7964509610613614;0.7569892165388384;0.723054020104778;0.7047144152187618;0.7108026057893664;0.7439467164287457;0.7979507827502449;0.8597613467627327;0.9152749893911435;0.953930775267055;0.9709952766101887;0.9734794011138449;0.9736005049941114;0.9821863221795823;0.9971169815259112;1.0078939108211733;1.0029838386308076;0.9772571146774454;0.9351017424064052;0.8879293841869303;0.8477951291229897;0.8215975019895374;0.8088520602283331;0.8044217377483165;0.8025635627495308;0.800185186960243;0.7966757928455901;0.791787720875144;0.7818690253625683;0.7526348737003344;0.6866743234854598;0.5691309593062511;0.4037236458277964;0.2032237916736728
