74.42142787597754;78.81101856962339;86.2937105171843;94.8267992660192;93.63517921607024;94.94819838042878;95.36791258578799;93.00326719958628;98.28790613914833;99.0962246287274;98.92615647209423;107.26777543080095;116.01891389251531;118.07255750901267;123.09924742539984;123.69484538963427;116.06968349101602;109.76512091222318;97.11460596729961;96.69462565007359;93.87765799020058;94.7088977334467;92.52897755781656;98.14388713501786;101.15963460741227;105.29013355413329;112.27136975467961;117.51314968361288;124.12360793855082;128.66170667675763;119.68338888179774;113.43536387188715;110.2506066785612;101.2733036356357;88.95520220256289;80.81085525867324;68.03824352039611;60.79227369955734;53.29635156879644;46.700694623203894;39.400066110031716;35.519011933707425;32.17034369647826;31.235884228347043;33.64879148894457;40.56855904352649;49.78576654908085;58.310383839632536;65.77042324790544;69.69919220556046
77.75698311359575;81.75666678379132;89.64231232015278;91.78333107031575;95.72693162504582;98.92167892182667;97.92527263192572;97.62554627886446;98.7507207543289;98.0839710460019;101.33510089407382;109.8429563007911;113.6350298962092;116.56305997204542;118.45817344137674;112.96139491413454;111.09435092984992;101.24983594529792;97.24242849644942;93.60247700389684;87.76374207152877;87.48217257267467;93.30320894263018;96.51151780202082;100.69669691848536;106.36689627716801;114.18624457082467;121.9438445929955;131.44476286722045;132.89952197056692;128.66723706757173;123.02191727266553;117.24804024579903;108.65807229740626;97.8998319952639;85.9019226244973;77.41399576338108;65.22957517384259;55.94375549882287;50.431496965124836;41.932099505235385;38.28316171720991;33.991909308162235;33.132229722454944;34.2444417370374;40.57985601634144;48.48871362784757;53.54275235129194;60.40210953154574;66.0274519557803
81.58730685217907;82.4464828231956;89.69667461894612;93.89603618575492;98.93264040000706;102.84396063904398;101.84369570293617;99.48161936577553;103.72446987170744;101.52602874165925;105.47233318534832;110.8874650928207;116.63878739821737;118.33760521679929;115.35691720383431;109.6401065205642;105.36204357695404;95.3436839814334;90.38061179014488;88.059388437859;83.86923113695943;84.56205662531012;87.28365862770389;95.64825621027138;105.59074673699945;110.68428288159473;121.8947760141932;132.8881890162577;142.90308667441295;146.93476778328534;144.6269476646078;140.659614138831;135.4210824190807;123.94446047022718;114.30755634077882;104.87529522554446;89.30847718976605;76.76350502908167;68.17407318658348;56.26251273519714;49.008527893940986;42.92664715235776;38.46422027027058;35.58340923027558;36.76456183535716;39.77116269182716;45.04206308512818;50.12925348393458;55.89506638434913;57.642346345972655
83.89115101883147;87.27053356065908;91.1896021387085;96.93471375926822;101.50204249193101;105.79675834233741;103.8829662088107;107.05624650633341;105.23912763509001;106.53306591532626;110.69003478631113;115.80479302862503;115.75040971967384;114.4552633366221;113.778203250633;106.00112441680139;99.03130122045367;91.0360091052789;82.09182736396806;77.89531800292234;75.84982507475355;78.73256375924431;88.18176123706954;95.04087074826107;108.65036485265631;121.52768458304529;132.7006357153558;148.22190549694554;156.71348233997338;165.19988587741943;166.71250336046234;169.9773508138239;164.502543659353;157.71876859918936;143.74501513889842;129.96017690387228;113.60737572902424;96.94495005258464;82.54307051064622;69.97979229478122;60.25953791860771;49.86278899852762;46.19089368703472;40.91298871301635;42.288506769170844;41.458018749010186;44.17832613025629;50.744827723767976;52.93216211528405;53.20440422253338
86.35659315592513;85.63092141300399;93.35587482084892;96.2166890651628;101.19375343395627;104.09407990613404;108.2930861390271;110.30550486917227;109.23893018358226;111.89627147258524;114.694552972381;116.08406939520782;116.34847751057544;114.66046967932931;111.46308345920919;103.74272835139985;94.39800626430755;85.37560617943252;76.7302489358546;73.82703244933106;70.98755835380595;76.67910644422945;82.42475041787766;95.71069441017698;114.89499029808589;127.39809890477014;145.15452046675043;158.9080488777521;175.39127387617262;188.00631373800252;198.9186175288885;208.69840735423125;210.1807828092695;196.6502837375899;178.99781598232423;163.92154101561695;139.6272126348963;117.66772399002262;100.17120311782072;85.25769320581483;70.30857162716326;60.92614009300651;53.04404108306581;49.66643328539102;48.50765847809435;46.47998887099949;47.13513367031405;50.773053459535326;53.50610494680925;52.92590836811302
83.69837399622817;85.17558806401352;89.72482225509408;94.46190823122184;98.63315697017947;105.65714844200906;107.40731458608175;111.74685593557807;113.20288108714202;117.16092854037484;116.87998456726966;118.14646405744782;122.62338469008415;118.15131869518343;109.53569054259677;102.28101229401912;91.99704214228035;83.42908700785398;75.54768712640126;67.898553872489;67.86475441295235;73.34506321888917;80.31751699338571;93.49168333261797;113.73282024892362;134.263278002243;152.72943201056637;175.1851841666395;196.03359708209544;216.1260154354103;230.90507868056355;241.20327770949444;246.16873788282223;234.01301055466007;222.6987022422188;196.35625833753005;174.42594892780747;146.52943352859;123.39759198059022;104.57897144976452;86.14487440722591;72.16801150614242;62.65948830900578;57.9996798898742;54.140697619461776;52.16500515914593;55.65040534215584;55.77338110793727;56.254502570179284;55.376117041051295
73.23859461811668;79.1520652600407;84.3541490444603;90.64382343655429;97.94998931504657;103.27496681781581;108.24113841244917;109.13499974610366;113.46144545762199;114.8113350223553;118.57959653240412;121.38536067627646;118.99207574796355;119.61553388088747;115.32375712046088;105.90842099486493;94.4062292633098;81.81444584613345;73.93501844950967;67.57293547269761;68.37535014659008;69.73046795420014;78.89033373367988;95.13622372432886;113.85949209514375;135.020778905843;159.99661551821794;184.03490639882818;212.76570019499886;236.7170520931386;259.4493787094234;276.90892438095796;283.44486497094476;279.88548539566483;259.5251998132134;236.7188610906275;210.0151964649965;177.8310748486382;144.8828344368533;122.50782865526465;102.20938681618927;84.87666006359044;76.3203023266707;68.93779077784613;65.43228889194465;65.29742460570303;65.4241269482962;65.45842302117904;66.65449615535508;64.25651865720927
71.25493536420841;73.29131247619813;78.31333773207241;83.35468679547493;92.67889425511939;95.8951920875985;103.40808563742605;109.71255560616008;111.47945413736204;112.13009110520157;117.39372051989041;119.8001606875552;122.44816093453515;117.25927334095967;113.02240005423407;104.7567700191521;95.81770810121243;83.30083880660261;78.81341494143568;69.8813601708168;67.85156072673851;70.39092456276336;79.3815317453834;93.89843667638912;114.41597748713538;134.62285211435426;160.645102627214;189.21410778218635;220.89485612258693;249.87081096551256;284.33969193588945;299.7869093083209;313.75841545016;314.5862729288507;295.84619313630935;272.1901356689741;235.6582954528672;200.36427640227743;165.281773197574;136.96968555650423;114.91042067510494;98.8182922339687;89.22693918587427;85.0270322588845;79.26983840918756;76.86730926776973;76.89380712573058;78.42886200643547;79.61848132085929;77.68492454587671
68.83563645887888;70.13800381696718;69.83258906557575;76.69229046026715;83.87973476488614;90.12981936201338;95.07053496119687;99.51742859603327;104.6132049205574;109.10891749761022;114.12143585880355;116.7033275507106;117.32674830119818;119.11792764998928;113.59139884239954;107.29663360765116;95.03498699058129;86.68226673482712;79.74773587750084;71.47252650217979;71.86253779938781;72.86969595643603;81.25243660243194;93.96650446039845;115.13874113972187;134.97114299983255;156.40891973644415;187.93232434950943;227.17428517872227;262.38366481700575;295.10171458471973;324.713288700327;335.62046114315194;335.21152987446607;321.7688794749591;294.16525920536037;253.05882409203446;217.975531379444;179.7087194351711;148.6341646006457;123.35870285833079;110.48961881628739;102.67987454145893;98.3819118733688;94.06847036413507;90.95723686566406;91.88915039451389;94.02777989403847;98.26314890068579;94.95409880042703
62.848377179475975;60.740131784877185;65.71528292389878;68.81889654626474;75.82839770312047;80.13592081102743;86.46820036283792;96.43798684285663;100.3689190519664;106.52470233390308;112.10070051717169;112.4269363351731;113.76317845592271;114.31754831101406;114.280658369137;104.92635809878472;96.51384309626583;88.2021248603904;81.58047337221372;76.69341848080668;75.12984646205383;78.00607273162187;84.21469204236828;93.96922465154287;111.74910547326874;132.2744869233764;149.7108352317171;186.1666265249379;222.2726844313074;260.63365192337113;292.2753098079407;321.6266943297027;344.59613894113727;346.02405674737577;323.81800784540945;294.12162117020773;264.11239416151324;223.28644579973476;182.8776541948984;155.11203474948502;132.90120389298102;118.62758349496274;110.29435280571424;108.36969077387052;104.66517589125365;105.2381844481023;110.2287532464029;110.08117900555449;113.72700088176352;114.12607923950225
60.092542587658905;59.395104764402;59.18139836364055;62.70476430129393;67.74593484105611;72.3748348948646;79.4521505031234;84.95596876081693;93.81653495268758;98.04344249490686;101.18600292565638;104.63411352791827;108.62428327934138;108.40718345067187;111.08449626022437;101.72844902519485;97.24226443385048;92.7335426667965;85.96954872725777;82.40783531976186;81.14198868417996;81.75205909711583;87.13652324433183;95.56978911289238;111.82249576865705;126.94834540422842;146.01916052915826;169.66318373870243;210.86296554262904;245.00851824324744;274.0667083055849;306.1400281658247;316.4202638864386;317.2619810002291;304.9175534014512;284.2548981149626;240.15753520651782;210.4801203078805;175.8872714294808;151.05522132305092;134.5628139785389;121.90684492033608;114.58764511864626;111.44815166508542;114.40243552487614;115.71693427237649;121.30452965327643;127.58177258107301;127.18767047740624;131.201790533985
57.68692244773314;56.37822936832337;57.02045937487895;59.45300666914467;60.37736044418976;65.58487803315094;69.26259720421199;74.55772864866617;86.29517844983259;87.41440055634403;93.05291922591705;96.09531006458387;98.92596735080669;102.26843693656454;102.8001751796345;99.81400881164461;96.17917065573774;93.33452538605631;87.8938429261129;83.55456148113304;84.50829159377531;84.40578135901549;88.20957110217046;93.26043651517477;105.17737117635872;115.93470725436335;136.26391803633007;157.63704254213928;185.50142726629656;210.67843404889865;244.2030199618063;262.9536120590571;274.7422067246754;273.31608158807177;267.44813091123945;243.53063275342862;222.74690117231773;188.0891131293477;162.49140015320629;140.40260600133973;128.48301809101582;117.67199734574582;112.9208442531806;113.82935327490921;117.29933088348112;120.80134814450037;124.19021207550114;129.890462129423;134.24954865142786;140.76947725235138
55.86736708299357;53.726313138907656;52.362359670086704;54.1872104548861;55.86860302296363;58.59494001754146;62.088397403279416;68.23072355595883;75.58601140667446;78.92643294241272;78.6215873588059;82.693601176517;87.15914759916691;92.10299902483752;92.11571615286603;94.63353152749457;90.47800392596504;89.27017030599983;91.23137705146492;83.8196274326992;86.84029381983687;86.03387753945083;90.17693860938486;91.80184395930081;100.7624353856115;109.40831701810366;124.15921158423606;139.37661022258146;157.61866672071233;181.5526472021193;203.25713696209814;221.77152710956136;230.53693885004262;229.12876268331945;223.0994732349153;202.60887705370448;184.73263736389274;159.56739493767213;142.81112477945453;125.38442370511359;115.78079754436548;111.3723172403175;107.01457749466572;108.02424716119931;109.31027798880358;117.88073680789154;117.00261486308452;125.85997679557137;132.5036088432858;132.27812001700548
52.359266168203945;49.433568919367936;47.28109674765768;48.10029878435022;51.37248822924326;54.32202784181175;56.23863659936496;60.41508066033041;64.22348318053568;66.49286537026475;67.70153282281997;70.77818469500673;75.77225394842156;80.26112424670559;83.20701622558869;82.38895369180615;82.73881918482904;83.64112963025794;82.77623475433444;83.20754746247596;84.7338624882046;87.84408677745358;87.92933831161413;93.00810753331221;97.39125142984491;101.47562002229691;108.2733371004007;120.2883604538165;131.00769065011968;151.59256678462637;162.08067823161636;175.79539059058214;181.92402594146782;179.1661328044006;172.73312526361718;157.51183438166885;147.0057203147594;131.80110095406866;117.62012795419783;105.84902528896174;101.0140071987872;97.4373330190217;96.64019400049763;96.00229512928743;97.73103665252859;102.25203328746362;107.91126692746694;113.18427746342363;118.79946445395416;121.14068131900751
43.90287449524938;43.28249876801632;42.2978352752578;44.232011566278686;48.110031870796085;48.58061172155097;50.54001133944361;53.85066321748984;58.47156369672473;58.65334233041891;58.10564839490909;59.42999868411477;62.40046893651519;65.11047536342545;67.1887034058609;69.25613690881401;71.65358354168043;74.81158022458025;76.24028285398731;79.35206712777114;83.72562866007169;83.80989557979181;83.74739873208037;86.34778687206338;89.84198916068013;91.57044704660215;94.58475846791168;99.81758682425172;109.62088037954054;116.58292304789718;125.93997628132763;136.80829113998783;139.11400388680065;131.91604097080625;128.52043777478445;121.59245868633286;113.87118325270042;101.3185905083139;94.29973448383912;85.93019826334479;83.28830613840071;84.768897445172;82.41347699380171;81.01649279026762;85.66316304906636;87.57796464478955;90.96834893099073;96.0487362906273;101.43716548847397;104.29748559661886
38.22866014755034;38.047573746523234;38.2411009119453;39.34594451028352;41.5156580570275;42.426775556318724;43.20157924095949;46.86366117670161;46.109591958188254;46.87798428797627;47.359303248389956;48.78769470561211;50.50012686641241;54.2312650288575;53.60230147084582;57.20804702496079;60.828894919678675;65.39538665100305;67.22542563129367;70.97436736702305;72.70127162878617;76.82989364190999;78.93187875919922;81.9113767064452;83.72661272638125;82.50481857006199;84.96459467558955;87.2020398022072;89.2635689829386;92.52051172937992;95.70870491340001;102.26351606199864;99.529194614721;98.52116390727713;93.85392516672418;90.19166649172197;83.00807508496821;80.37051075077757;72.64112925199665;68.04506605977029;65.62127089987086;65.86423364496432;65.59751812277736;66.34225619889445;68.31984346999833;70.65280703539166;75.90559386598153;78.38000074881337;80.4809660071481;83.73108160163983
34.19496242003841;33.042013160461195;33.417116200421134;34.78131641011194;35.041163125175565;36.465047495370584;37.20199924190365;38.27855118702375;39.496141945238435;40.63320323290226;38.87852607016437;41.23977436090185;40.299972502682714;41.18042233236507;42.816694667718174;44.521349405895755;48.272088698309155;54.14061846759798;59.28754585391335;62.88863801297668;65.1344594867412;69.644066181028;70.82122927780927;72.29058133987354;73.43098799747143;73.35340124647675;73.45185180712397;73.26137878775305;72.21361219865867;70.67212644065893;73.25970277737657;73.54111694067065;75.3816733776911;72.34705410824549;68.26319493863997;65.4659799027108;61.38777521902972;57.74776409375143;54.18656283531281;52.19135925766938;50.364602512616855;50.28140553652725;48.70855149596139;50.40784691377914;51.72752884003246;55.243586248072326;57.49429133774682;58.87348003146764;60.77507333638366;62.53805462780508
28.534010193078572;28.39368613483016;28.647091916240942;29.044756480491305;30.057723818981867;31.456695789881653;31.60369765717569;32.85025197564024;32.467894321168636;32.28160765615765;31.467087877906874;31.497805068331832;31.229074828341854;32.17847249924766;33.15475735947835;34.51917406517968;39.32887830199391;44.61179541307743;48.06356380989213;55.43516747767461;58.13546581623408;59.5151741356738;62.869631394016004;65.46719528116996;63.54046710743774;64.69650119072563;62.642084044636256;59.7535862428305;59.18564089870016;53.84232009416232;52.523699356882105;52.75952473019893;52.692293502875934;49.65793304482935;49.41838785848182;44.503435461532625;43.00752244660159;40.7425847519686;38.50202576483817;37.66371783878619;36.77655950389301;37.64637085312583;36.72246888125715;36.358553392599134;37.73319587850623;40.45129812319008;41.88158212868626;43.780517236761426;43.63559748262538;42.69635711427037
22.786366550491543;23.005357593589643;24.357699926147397;24.358755491838394;27.396154183491944;27.03105966752566;26.55474310112268;26.777307537682127;26.46928093456034;26.190984324478514;25.239882176404375;24.058487736834056;23.3961556206083;24.15283233128897;24.53529718026243;26.189223054432436;29.491971044783327;33.23864914938619;37.723577747583505;43.231497714805464;49.203275547352995;50.97920397355754;53.93866095230519;53.99897894889846;58.21396964802835;54.59366759933842;51.2550955934166;47.64427782786714;44.589135920421896;41.76917257196268;38.81521390465636;37.81885078675649;36.09970042101165;35.467592910241265;33.867494726135284;32.10110246939748;29.996466166629116;31.09244423230835;28.593673385842433;26.712450779227286;25.35976033665849;25.113248809839973;25.36717593576778;26.85119097743059;26.503200784650964;26.743947246773384;27.68563278713129;29.148446435390266;29.940589722197327;28.614293341231278
18.514665362739876;19.299602008725355;20.82212233949237;20.50976452788542;20.992356734949844;22.05853444379799;22.974552421130696;21.829151280719245;21.734556892446236;21.430151936501957;20.24039739040599;19.091338117674834;17.763471695256772;17.62086636287825;19.128597827822855;20.149329824516297;22.564383304184783;25.340496383894955;30.415525870701305;32.83074583590125;37.20724012944785;42.509379443877926;45.43018111321522;47.45554261263533;46.852310847332824;44.99632407584407;42.336323225613675;40.466832852301515;36.57176923397764;32.18907852046077;29.545852493856703;27.589847117452617;27.289110787176586;24.628205881055322;24.02720148448899;22.80563958077582;20.991625234880175;19.912449893908132;19.721990967562526;18.319336129080764;19.170254451748175;17.65001119802912;17.597755187298446;17.51721208810699;18.523445813517043;18.189084347854422;19.63513790041234;19.182193585456126;19.323796318025575;20.736292242749215
15.433532517410516;15.88435701805951;17.489669367778966;17.693579046549424;17.776213854684165;18.554498290657534;18.144807056289213;18.326180757758763;17.598977239275193;17.05755691157755;16.208575534067794;14.976612087653454;14.31330349885256;14.317655718386266;14.075940510707147;16.380110024690552;17.581910566824497;19.807018836252205;22.374053166771418;26.08548987653908;31.709624473539;33.9580155423377;35.50843731992502;37.724078622609596;37.664053470263774;36.67438551779012;34.00253452505747;30.687948673801607;29.57272851578134;26.97516644712839;22.23449819848777;19.868069859736146;18.31025421600398;18.50829294514006;16.12040836601758;15.67855076038001;14.466982303649331;13.606366366889006;13.900425440294217;12.870190424541443;13.733566096809145;13.674108127781777;12.699763362557647;12.033950564608537;12.677184091589586;12.76733150672136;13.915755425533032;14.139758591769171;13.118090971646243;12.515141153129262
12.373231698302957;13.858073484769806;14.353689670936346;14.05308739820515;15.245809249843951;14.166613642541147;14.222004035555948;13.99804587423165;16.078157465023597;13.757442402882853;12.9474340576504;12.244424099330459;12.339249130708929;11.023323639423738;11.131673914831774;11.818614310779346;13.25866851837199;14.513329093123371;16.5152346068577;19.25108853721978;22.311677661797162;24.758183236270778;28.042605967624276;30.37436391813322;29.039832009757394;28.57827973463013;26.78748940594157;23.771278585732187;21.774567761217927;19.15566618601007;16.65609511174833;15.011464010147971;13.574756261040168;11.722014481955195;10.99319428685227;10.534853041328327;10.016779800839679;9.638944997955424;9.126337748731261;9.156337674706226;9.476584819539957;8.754735529920628;8.50332191682555;8.51487597387756;8.758388851189125;9.417284173120636;9.48219777931823;9.601710917874728;9.67636753900172;8.913217607865253
10.706703832844646;10.390278472011703;11.37612712430627;11.649285862299827;11.352084138990149;11.723917193235883;11.802279480302676;11.25369066573508;11.438127122375302;11.661512644058773;10.785556962280708;10.894015246832508;9.492726835630863;8.977283853938264;8.940471581886205;9.937332138666994;10.152294253250949;10.9259127159159;13.279049030872464;14.129498382657209;16.16710310943539;18.4566058317639;19.92286827147112;21.22863129236069;23.11125326238575;22.114231452985;20.52193648148693;18.208421437941645;17.05289527436331;14.175542092306744;12.239493442973378;10.731399418352314;9.235454913641501;8.865470396609261;7.67177440320788;7.44749399844576;7.073198499406659;6.710684976993552;6.852749495905443;6.326944264279664;6.18944619660833;6.09909820300219;6.041143138137205;6.177029189513686;6.456879269155967;6.73906742880826;6.969904687552539;7.1145832544950744;7.197421252490994;6.866241655022649
7.888906951917306;7.966679117111579;8.35300967364174;9.102429590319693;8.95144370656758;9.190779207968614;8.896509926274973;10.122775812485814;8.834512375263264;9.508665553209529;8.413970898246674;7.995965959043045;7.575170884315017;7.421409134523042;7.343154994709374;7.595156746362577;7.926455283711375;8.500326421852671;9.81496131092095;10.297020699763257;12.213781347318116;13.098059386570691;14.289716902553304;15.177892840214383;15.846598826822762;16.739662871891543;14.765138867471869;14.129658851791678;11.990578858680008;10.618484437777592;9.838594833305873;8.117653867456722;6.677848558943315;5.881236336419102;5.494878353181402;5.997860294785484;5.015649240279301;4.837523937105107;4.696218096217669;4.579051250548012;4.471933970805567;4.443425605211425;4.5356717791944;4.766989797666506;5.107810717199763;5.382041665993202;5.490816397654631;5.532895696281987;5.585337683798354;5.460348937807327
5.873875353754369;5.887292235411032;6.142750056816639;6.4841993341038835;6.5160192897863976;6.582877203110698;7.070946107548427;6.831292882911056;6.922397444775283;6.949898688854941;7.061622395831336;6.310512974059779;6.02877745694064;5.884502630253796;5.914703667412717;6.035952541093955;6.433778089031468;7.366613347984896;6.856570832672557;7.486168826084188;8.275755709899249;9.184952629026066;9.986142696659405;10.675850822302626;11.037143792409774;11.360882656942067;10.79459209732051;10.04378456506917;8.703885514676648;7.696592275188047;7.060424135855703;6.4722413238877134;4.932922297089827;4.375992811246294;4.069196984128872;3.839589794420206;3.7133615340470345;3.6121149269263344;3.5676233071199572;3.5964273993950853;3.4796295856272983;3.4844126928882444;3.5982675590863518;3.8381310631741345;4.336530786104366;5.1426398070618315;4.5381181921237514;4.530277106801308;4.497906752212475;4.490508979110695
4.206451854000775;4.3806968204587955;4.431244055163574;4.539664822651114;4.671417515274031;4.849319162132571;5.0163329431559545;5.184915862042625;5.304538476981635;5.510944750294939;5.350884007564414;5.122700056716273;4.875123267791881;4.752903410959351;4.749159593599657;4.806677672817743;4.910414516019112;5.004086680805206;5.248151030538445;5.425844787572941;5.902658637803675;7.279441501166562;7.0413396110913355;7.482723116782138;8.0033466521605;7.690557255975819;7.4448425420247775;6.908593605583808;6.2858041431889795;6.233153075650365;4.915236483257584;4.260992099324988;3.7914414569340873;3.763397061594639;3.2064391217769677;3.015268549700062;2.9184360348960054;2.8774556039481483;2.880023104556685;2.870264959181389;2.871397027330766;2.8958991155356566;3.001768941539198;3.2021049164633624;3.4795666807624404;3.7327440725996017;4.334560629220961;3.790443163095876;3.734869712960666;3.6972316786684063
3.0298830855365906;3.1157802598636897;3.1981076291110693;3.315413743156499;3.465126176626553;3.6393720732338215;3.8018853303629343;3.9848240007678113;4.165064148996364;4.295057284873521;4.430877000889662;4.140600481203273;3.991664607929504;3.99933633777196;3.8247330295205857;4.39488626648018;3.7615191656599745;3.7996744456213176;3.906142946203678;4.084560918600444;4.367451379273344;5.529619826287807;5.575974980653878;5.348383979113424;5.493279616904916;5.5146536099125;5.337821250841927;5.053875550714022;4.71268901370962;4.226559059554456;3.756322533968803;3.3262653444585224;3.0537085562698825;2.839665463402052;2.6804292763485877;2.516009165595305;2.4411509309600716;2.4150671420624463;2.41204458860456;2.425573872056026;2.458545642233707;2.521912574432659;2.6207072579766044;2.747320033172126;2.894725928286397;3.1062431398581376;3.263612182789115;3.2208783524654856;3.1350331273313787;3.0932643854391935
2.174938986314706;2.2443312501572943;2.336641949583542;2.487255346032521;2.7796097265917337;2.8365319184343334;3.000353581287753;3.1767142896960436;3.352495960857339;3.4743057120928102;3.4754591039248544;3.381777946612749;3.278678428705872;3.199539047484801;3.1352757239683586;3.0382012891114343;2.985093144011589;2.9792233053389356;3.0523354807555076;3.1749339588764482;3.363773250201312;3.6041626732160945;3.818204963374661;3.9905444554274054;4.107366725766198;4.168310638733989;4.087618897895605;3.9142626571243953;3.661990761489644;3.3598550541613923;3.0400080330249803;2.7641512097389573;2.5465130551445307;2.3870116069650815;2.2640603910021095;2.176583851094768;2.122029806090299;2.098978528688508;2.1004283957339736;2.124169005590736;2.1799007752995383;2.2880729281743175;2.3843134869617315;2.4721067422583647;2.5347586557871375;2.639762318694774;3.4850478438000394;2.697111544422637;2.6472850729167132;2.6136549838431558
1.6197574488248665;1.6776120866231476;1.7660209483642149;1.9175604036260716;2.08568776788082;2.2717928294264587;2.43693340817929;2.5923932580231868;2.7430031433497306;2.8996497928837557;2.817380092033809;2.7481785407214794;2.6796853022949634;2.6275564737664956;2.6162619906910805;2.484061815748192;2.4714280204882986;2.486677072273007;2.534055449445886;2.586593706652915;2.7147012325841064;2.8577271384072906;3.000421438353786;3.1337596589960484;3.259914261321974;3.3352099680152727;3.304846256739048;3.1932194533195704;3.028287502848275;2.8241906542874124;2.6057350322698363;2.3988303810065243;2.2237377569640886;2.0883709772407686;1.9936968420173913;1.933718886023614;1.896464965351035;1.8758189025088883;1.8742595287944999;1.8998616477487542;1.963431212105803;2.0771974015860257;2.2729946072944056;2.2401048291541987;2.264946789564519;2.3054175918525805;2.3082589993348925;2.2926437306546497;2.2503695056223165;2.2180792074767077
1.2768318910805492;1.321150842442557;1.3981540779714117;1.5115534936322739;1.6623636699842952;1.834948697486694;2.002239049888187;2.1474971468253408;2.2725168132806233;2.3324209230849124;2.3320773651761098;2.2745538878843448;2.222050180262648;2.1845231905467886;2.1350007359871213;2.098038157710576;2.110472001182016;2.3309299583773093;2.1590907100346737;2.189813855370112;2.285375677361981;2.406516790036577;2.490577571132696;2.5914355399163296;2.6982119906937436;2.772305239695711;2.7808347271559506;2.722414884758513;2.615249587360249;2.474820999612674;2.312715372939013;2.1478065998939595;1.9973276390913293;1.8793891213459353;1.8445848469376174;1.8140355092466136;1.7823488269802903;1.7165930299691965;1.6983742658648167;1.7183775388041973;1.7727168269562616;1.8708073369245968;1.9527771210771339;2.016574538094906;2.054361261387882;2.057446979858729;2.0301480880346934;1.9704826815122842;1.9323570476454424;1.8978047456435003
1.0625606869620274;1.097890630897149;1.162691861923288;1.2599405845845169;1.3889233455830579;1.5380414648984486;1.6872406616616786;1.8159415477561345;1.9074058679265498;1.9535943807440952;1.952882142678943;1.919601606896731;1.8732590371615983;1.8622776423127103;1.83373738582227;1.8266486393332584;1.835230987510585;1.857842676527333;1.8791637620030794;1.8975538286549773;1.9718567452677698;2.0495922397699804;2.124102067339812;2.205464395717153;2.3212318773494647;2.399406702536543;2.424693190367493;2.379941696569027;2.314756795775273;2.2169913503470275;2.0931739970981282;1.957282404379621;1.826123551726096;1.722508818943074;1.7014002792259089;2.080178423621252;1.6732027929581148;1.580647165133046;1.5563757638054818;1.567569636691458;1.6065753544580046;1.6612145311098316;1.7216037753216953;1.7782848088416192;1.8370800446306321;1.921711719039187;1.8018037275428596;1.73178345983124;1.682807556728392;1.6448748252768122
0.9267849310383123;0.9572190401926483;1.0148926008970738;1.100683230641599;1.21285451320458;1.3454329735147281;1.479348228708095;1.5929735733337724;1.6649628090781334;1.6936894324731933;1.6842476286900157;1.6499957494256419;1.6056212947208897;1.600324347687981;2.2153822366978155;1.5879926443228078;1.5918985124563385;1.603322096146557;1.6288757331014603;1.6719485699043894;1.7265521175688676;1.7841424839481224;1.8423187803066052;1.9169769173410764;2.0243009310556235;2.1804372609520746;2.1297171270535546;2.1049131648909074;2.0654482735667776;1.9992182474297056;1.905065993794762;1.7941753489815242;1.6819518137818643;1.5894098383278992;1.5657712453564407;1.5447152540607283;1.5186357353387256;1.4598117123630925;1.4385800468405356;1.4449303765078303;1.4680974431274691;1.5016839672328053;1.5433069623805393;1.5883490306497852;1.640017032829155;1.6421250225977244;1.6069502540534268;1.538723634953404;1.4920397130222123;1.4537945629519138
0.8431731174157548;0.8703618457019626;0.9226748226848582;0.9995240183898955;1.0990411910256153;1.2194306148117742;1.3838675689345847;1.4864051372426572;1.536809419062295;1.5055486789176022;1.4830075605866277;1.4432157750449837;1.3970766800703716;1.3880383929492532;1.3742378695865507;1.3835801384690618;1.3799777258008867;1.4125349079958527;1.4468556445616019;1.4915528403673999;1.5390553263745714;1.5856586791026983;1.6325304549777764;1.6911129828457963;1.7783666619470981;1.8423245395840095;1.8784646456475684;1.870407361780315;1.8538603932052737;1.8074690129751554;1.7325337310634368;1.640623124830533;1.5472438653121092;1.4686166787971513;1.4142877610385498;1.383580683003857;1.3650620120891268;1.3521182384233525;1.3459027858082604;1.3493081092625328;1.3610022367358379;1.3789116400150694;1.407960721803974;1.4621639029036557;1.4882234770165714;1.4835158067709688;1.4354896138991966;1.3956975049022;1.3566254200881753;1.3210435291799865
0.7957087188627338;0.819133661475702;0.8659642903787835;0.934297830250193;1.021685502333701;1.1295157853094997;1.281373897450626;1.687650483274147;1.3980292327117432;1.3555438706727814;1.3226223476852303;1.2788822610470918;1.2311263937537182;1.1921435904853466;1.1737675577212983;1.1782608164107882;1.2045602200527477;1.2450853292371218;1.295706590390035;1.3445301738034174;1.3923603179390063;1.433407545201688;1.4701154812029673;1.5118129282231159;1.559909204453347;1.606904332421836;1.6436341851678218;1.707070078052189;1.7471943058820467;1.711781314897588;1.6048166401894424;1.4890538276579852;1.4156865488813761;1.3549543691597359;1.3124298894190514;1.289118395109735;1.2796495995850918;1.277286126159838;1.2780875325089034;1.2799095383468062;1.2817712065676747;1.2860171906024367;1.3040905121330548;1.3509111875536666;1.4392940565787375;1.3730932573761527;1.3384955124637328;1.309097964231666;1.2746445211912427;1.2405742592352142
0.770603477940842;0.7893065762848585;0.829780323570954;0.8887926565986657;0.9628737341820389;1.0510031682902152;1.1746062893739149;1.2438450498537152;1.2670540216266195;1.2224191937263686;1.1892750821654987;1.1453533598739616;1.097779463233996;1.0582937641466101;1.0366789331544783;1.038029443130431;1.0619534442757672;1.1048268277735158;1.1595203141257748;1.221018511882125;1.2714053911824934;1.3086155927886693;1.3342123711666145;1.3633753973566076;1.396081687634386;1.4275703255050807;1.4590805475331523;1.525936849444409;1.8915053516520874;2.0421045450025037;1.4405171264722332;1.3420729434309624;1.2888611432762271;1.2501033388772536;1.2265335155512072;1.2179710575960507;1.2199946335398328;1.2271940837784947;1.233348309966362;1.2336215542537876;1.225770898782035;1.215882701318029;1.2168575825603702;1.2493747234022399;1.31307712243165;1.3327207749188192;1.3256354694846157;1.2705353931613663;1.2345539476758656;1.1911804542197604
0.7548266098326846;0.7685782057880427;0.8021401320933487;0.8512530699104832;0.9113448178468725;0.9789297134745831;1.0432018755778205;1.0920943609179066;1.112351995535268;1.1056777990835456;1.0770552652978784;1.0366238317255116;0.9924390483108023;0.9551240410307867;0.9337114425199529;0.9330859370274094;0.9534379869715316;0.991427753216586;1.044161048989591;1.1053212348459278;1.1640197030195196;1.1900015584330812;1.2123044818003526;1.2359438377187417;1.2602754783642756;1.2807692907977712;1.2989142199783452;1.347380490919931;1.3832942289739603;1.3585028395558982;1.2794596030753647;1.203154330318422;1.1718316707486536;1.1547176684778457;1.1507638799295687;1.1579438497094832;1.1721551834773303;1.1888545385486113;1.2023637430043774;1.2011978373098717;1.1840299118531747;1.1581839504534033;1.1418058786483942;1.143996428896602;1.2040384550040535;1.739091827831086;1.2646248610793713;1.250551957469703;1.1952263752903571;1.1539976616866212
0.7381990788829736;0.7477096825838914;0.7745377992499515;0.8140482449636572;0.8612761197010712;0.9109418812543371;0.9567840799257673;0.9913846825033357;1.0085195046448079;1.005203214371323;0.983258127578759;0.948494232923271;0.909693158474735;0.876580583087653;0.8576113454328333;0.8574106171267282;0.8752014112403591;0.9073638995621025;0.9503394252676187;1.0009684398369283;1.0442001155647649;1.0766672836455928;1.0988319840261522;1.1209713659404361;1.1396731657224772;1.151581878820993;1.157406851037751;1.1565899789229117;1.14753363026981;1.1273659178012934;1.1015592377464796;1.07923181720399;1.0682701453404628;1.0707118192614204;1.0844762307147386;1.105809871467645;1.1300785556297472;1.1532564874373301;1.1689405300485458;1.1682636578986734;1.139814753726213;1.1034201475971743;1.0730282052669289;1.0609446356263326;1.1032339622412008;1.132332821691069;1.166686968620301;1.1864135821889468;1.1760266772807138;1.1485924531471563
0.7156484527803598;0.7220421485190748;0.7427530983434895;0.7735455387552315;0.8098953258465798;0.847532797245716;0.8820360506413518;0.9085856011685376;0.9225618762510694;0.9210312293867144;0.9042188188413821;0.8761719022154428;0.8441174500605491;0.8167971029552895;0.8020924763356594;0.8042124067681152;0.8217481375954165;0.8482657971222253;0.879467362546795;0.9117537634914631;0.9438194032245313;0.9721740229466923;0.9968275665660017;1.0168308546527496;1.0307790866621689;1.0361226814116107;1.0326945049721064;1.022151019637787;1.007044849173906;0.9908522822569885;0.977857763911387;0.9728476032392145;0.9794304241028131;0.9984163600318563;1.0269115706495093;1.0594217466032374;1.0901500637538424;1.1141620621390504;1.12610796814269;1.1165483565194338;1.0862278399072984;1.0441821348136433;1.0070955102512822;0.985034509320474;0.9807607899474442;0.9929154637298417;1.0175086992312201;1.0787436522666487;1.338137406064504;1.0717607123796924
0.6875550127018212;0.6916893150971279;0.7067706508558979;0.7296051715667882;0.7567940521685355;0.7852410420863644;0.8118657126991289;0.833206033118931;0.8456134025789821;0.8463033144531383;0.8348260908110023;0.8140029360668022;0.7896998724752846;0.7694661314181909;0.7603359258428344;0.7659170478034062;0.7836827606596408;0.8065144601641722;0.8270610842605479;0.8470085074592641;0.8679529997403709;0.8898587511327574;0.910246353548737;0.9262637260423258;0.9351071479618722;0.9353212024341117;0.9273367470210363;0.9136220699650277;0.8979962799523444;0.8850284486811979;0.8794581802572865;0.8853223486875682;0.9047217075529723;0.9365152990482821;0.9759728432587794;1.0159853168615103;1.0493324658207819;1.0702254227972416;1.0735554117635913;1.0569454386734076;1.022565661636289;0.9796185328347198;0.9390924682592013;0.9098576772636405;0.8954214591927551;0.8951228860379368;0.9093185385245598;0.9604932144040059;0.9723397637055023;0.9699508712283912
0.6581153324232756;0.6601664475453151;0.6695815624144901;0.6846222857010464;0.7033245272873159;0.7238152262070143;0.7440332553643719;0.761385666660609;0.7728711499743969;0.7759636361069755;0.7699180434377363;0.7567117233477675;0.7409651714516411;0.728871050501438;0.7262709435125545;0.7357864409573728;0.7542108658604121;0.7735704222588186;0.7889206964242097;0.8009982507733426;0.8138319396756122;0.8282089134416692;0.841975188567204;0.8519072219386972;0.8554068283432626;0.8513114938957891;0.8404153842296955;0.8254271161227522;0.8105407513990208;0.800724027090525;0.8008343486398763;0.8145054812070556;0.8428161548388744;0.8832236603087353;0.9294581600122657;0.9730360512584502;1.0056870056057423;1.0213347238767272;1.0170970257748828;0.9936336608691314;0.9556443866518819;0.9110055163652822;0.8687393331677532;0.8359980030829839;0.8163864615281476;0.8098330728722616;0.8152713791534363;0.8247311473959147;0.831053340709722;0.8254809912701563
0.6327291245204945;0.6321475083930732;0.6353144661997808;0.6421317595892211;0.6521669709164812;0.6647412969779833;0.6786431766843357;0.6919354621553299;0.7021833020196749;0.7072462153240565;0.7063574214525202;0.7008530205822778;0.6941337870688608;0.6908579520112029;0.6953888989341713;0.7093018179830409;0.7290393272650819;0.7472340989258291;0.7595532184195105;0.7672946359546391;0.7746532226292837;0.7829420933032042;0.7903698292626263;0.7942701761377464;0.7926139899733491;0.7847604955149634;0.7717682369339506;0.7564141397076396;0.7428373933941588;0.7358564540920506;0.7400318947082412;0.7585675442233663;0.7921018186321297;0.837293866647139;0.8866672687877997;0.9301514329541613;0.9589128302450179;0.9678261733870297;0.9563787190252676;0.9274047905265552;0.8864153308311565;0.8406376294345008;0.7977118429871711;0.7637865673585192;0.7420635620342645;0.7324587153249197;0.7318260276788445;0.7351783431904265;0.7367668033219845;0.7327644406081733
0.6154339676808586;0.611208586512596;0.6073430446414344;0.6053356135060274;0.6061978858246593;0.6103457883726371;0.6173211421174674;0.6257892969260114;0.6339109485365501;0.6400618274505673;0.6436132976241078;0.6453859310019792;0.6475696607692776;0.6531724055195715;0.6649140567688678;0.6833497364767012;0.7050062751546048;0.7237609451392559;0.7348268992604778;0.7408952296454;0.7454157959395473;0.7496590570042959;0.7522225340019827;0.7510678470803197;0.7449490483301289;0.7339135194026531;0.7194262571142904;0.7042812835256007;0.6922775779164798;0.6876365042202092;0.6942433489485893;0.7148583173640284;0.7502211609741806;0.7975794097757696;0.8477711908401794;0.888729960909088;0.9099950922769857;0.909704034686865;0.8905298510246373;0.8575376628973358;0.8154428488261508;0.7703347313719061;0.728697240494363;0.6957482301270967;0.6741545091210611;0.6635848468384313;0.6611172820807298;0.6622555324940089;0.6621439353009395;0.6573839108583822
0.6070780213540182;0.5982788557290488;0.5869795130431907;0.5759793997822474;0.5674775222393673;0.5628157997522064;0.5622308840509472;0.5650165042600642;0.5700017103041635;0.5761559429773216;0.5830734237002623;0.5911422221679333;0.6014088961008488;0.6152360610172283;0.6336536498255478;0.6561552411037951;0.67965069873103;0.6989713999378988;0.711548887104344;0.7183196335300943;0.7223095469881988;0.724338034576746;0.7234276558961068;0.7182897405324213;0.7085288124566922;0.6949769515888796;0.679569593041771;0.6650787251172725;0.6547641664925372;0.6519477756660633;0.6595710911440299;0.6798567640533649;0.7139286302436786;0.7600909128988561;0.810594557150781;0.846493079033935;0.8585537488823175;0.8463125232979384;0.8207988959966498;0.7859860465453423;0.7453238458692449;0.703331663866418;0.6652222341404126;0.6352451561772973;0.615473616643683;0.6054164997886738;0.6023864097792014;0.6023935089234064;0.6011597559009147;0.5956271252486879
0.6048894230370737;0.5913703465192641;0.5731960674608073;0.5539711606962581;0.536705238175095;0.5234568136343057;0.5151159783994798;0.5116673719662368;0.5126835523423036;0.5177747117230408;0.5267951672509995;0.5397822687644374;0.5567702724798321;0.5776209174874269;0.6017761961972792;0.6277664528748615;0.6527305731850108;0.6735001580598983;0.6881890019078071;0.6972883896496308;0.702049983547502;0.7030155900900777;0.6996129447517367;0.6913692417883575;0.6787709898956747;0.6634129298796831;0.6476616833299084;0.6341951286165172;0.625618607981369;0.6242117419484444;0.6318259358415783;0.6499638911159963;0.679730901853349;0.720478257324099;0.7645525522893483;0.7972552859297081;0.7970269935948345;0.778941144718348;0.7507412667143204;0.7173108317367937;0.6806525870255077;0.6439640363043002;0.6111975145861366;0.5856229145870491;0.568745493853958;0.5599797172864176;0.5569660271311401;0.556305407381634;0.5543727064638654;0.5485035414952117
0.6039325443993608;0.5867755281888662;0.5634404671183216;0.5377968414488676;0.5132695503235549;0.4924134907608633;0.47673610144074113;0.4669763029857416;0.4635201010675526;0.4666535964555778;0.47652640444618705;0.4929158607218677;0.5150205111553089;0.5414448111519733;0.5703170085524715;0.5993617129223786;0.6261264040463853;0.6484677909258018;0.6652435467942751;0.6763297336593954;0.6820279149158752;0.6823342489877332;0.6770516769605723;0.6664390725133303;0.6517807587286951;0.6353259433706335;0.6197618310857834;0.6075962057856804;0.6007506388732045;0.6004697474686054;0.6075049986432919;0.6224536609396458;0.645861099278216;0.6767441426937001;0.7094499902189385;0.7289621726054185;0.7289338270961631;0.7108986424510523;0.685662776633974;0.6567454829637737;0.62611821803526;0.5961222909322418;0.5696563514509774;0.549092602709372;0.535448844610353;0.5281421285678238;0.5252396537579375;0.524022507776294;0.5215927602772421;0.515750555214113
0.5998999439286621;0.581105476300373;0.5550253967797564;0.5254074444232336;0.4957242279304281;0.46882041750050785;0.44676900318956775;0.4310966013288936;0.42304680327802857;0.4236123642928773;0.4332815268914021;0.45167304847192447;0.4773362332388481;0.507892809051963;0.5404658885757573;0.5722097002366767;0.6007541098190586;0.6244934616660724;0.6426002839260994;0.6547610995309922;0.6607701656582445;0.6603857539626361;0.6536227265015805;0.6412947366543489;0.6253032771333554;0.6083850626965283;0.5934194749000284;0.5826943905957157;0.577496952385791;0.578161904721846;0.584465479219066;0.59609981898066;0.6127399724428296;0.6330490777457621;0.6520480525026956;0.663297389324572;0.6620090805624785;0.6497690792750135;0.6305121712951924;0.6081401974667004;0.5845430370515007;0.5616488202939953;0.541519359894137;0.5257718773791483;0.5150508538711857;0.5088712674225453;0.5057973857540388;0.5038386582257086;0.5008589447349782;0.49517940528923093
0.591358802503524;0.5728106120817258;0.5462735308706315;0.5150475891529765;0.48236670321581293;0.45118015782880255;0.4240383151596218;0.40322789316948326;0.3908428008493153;0.3885890717727189;0.3973343874158029;0.416636121970865;0.44456097602186934;0.47797935067096475;0.5132609496968864;0.547078780607361;0.5769894851706443;0.6015834892069468;0.6202232759621373;0.632583203328887;0.638322565269365;0.6371417711404738;0.6292217323496171;0.6157325903604585;0.5989944715037626;0.5820660600279296;0.5679164411896241;0.5586065179225227;0.5548909827477536;0.556382694382854;0.5621025952864056;0.5710370481636846;0.5822685070092505;0.5943072310945415;0.6046550396061129;0.6101759205970649;0.6089331247347066;0.6010022603630928;0.5882013407687011;0.5725647229866269;0.5558637594099981;0.5395762989780961;0.5250767346267876;0.5133786509478936;0.5048729327224107;0.4992432262051723;0.4955750445169801;0.49259212762339966;0.48889682359359166;0.4833446432509943
0.5796357832701604;0.5624040031656912;0.5368471956665548;0.5056367755706376;0.4716537095332458;0.4377701159462913;0.4068891406329089;0.381954062815012;0.36582822076306887;0.36089094203365796;0.3684069886874127;0.38795024800313066;0.4172335158893337;0.4525388291596868;0.48963375016911703;0.5247872266489746;0.5554410433289865;0.5802910928170948;0.5988608538178606;0.6109158133136997;0.6161249337618572;0.6142000745002458;0.6054208460567092;0.5911675215138412;0.574026225180704;0.5572707251631899;0.543918940868474;0.5358429448533962;0.5333842743823333;0.5356195796578833;0.541045314903637;0.5482339024520919;0.5560562220549716;0.5634738815583731;0.5692457587110186;0.5720700417908593;0.5710618242269581;0.5661983112110258;0.5582213563511105;0.5482438928905692;0.5373538732792091;0.526496822574743;0.5164458277892247;0.5077557475846444;0.5006681715164362;0.49506469956205373;0.4905139774938421;0.4864023158835766;0.4819233759697532;0.47644136729735254
0.5673234546862094;0.5517773888346437;0.5272034793644886;0.49669332785653736;0.4623809184788323;0.42697777590266567;0.3935988183554191;0.3656692394518002;0.3466622754640224;0.33953334535094537;0.34592787222715954;0.365488258732795;0.3956648684416511;0.4322540046961745;0.47051511486871117;0.5063839235794826;0.5372313431485571;0.56188717868538;0.5800715427977643;0.5916835641250765;0.5964211495125462;0.5939647315870047;0.5845900991429638;0.5697695507348224;0.5522747105211004;0.5355756773530315;0.522777124112879;0.5156404441400053;0.5142003638396108;0.5171281041517843;0.5225597528652216;0.5288703087893352;0.5349934756190298;0.5402622988774634;0.544104935539954;0.5459478470196252;0.5454057195320934;0.542506791632283;0.5377017041914341;0.531630621477775;0.5248696103615786;0.5178306595377717;0.5108110983324933;0.5040515690877394;0.49772500917738494;0.49188915179328446;0.4864852449938187;0.4814129338090064;0.47660989357107886;0.4710058754466769
0.5552525366404321;0.5370153873750274;0.5134815858399925;0.48380795499229645;0.449768011876201;0.4139173144510561;0.3794209067801792;0.3499230422786364;0.3292493162894684;0.32075696302069684;0.32641177732287824;0.34596016131568236;0.3766793397041899;0.4139833091511703;0.452722595559389;0.488597635190577;0.5190090690248086;0.5430103626828279;0.5605807577668374;0.5717730201869332;0.5762722301189014;0.5736206439333464;0.5639474721231145;0.5486977560416365;0.5307849624182844;0.5139126068458371;0.5013568986595254;0.49486267902001974;0.49423754238593254;0.49781602119980667;0.5034558275774148;0.5094477285970829;0.5148611932417261;0.5193073286580909;0.5225127981842062;0.5241379989260071;0.5239363944088978;0.5219922673517831;0.5187272441228429;0.5146421649150147;0.5100484968391046;0.5050271816990378;0.49958679077743373;0.4938111624421539;0.4878625272007915;0.4819044521659872;0.47606589703869545;0.47050978312343056;0.4655251703131213;0.4630705739454231
