<?xml version="1.0" encoding="UTF-8"?><gmd:MD_Metadata xmlns:gmd="http://www.isotc211.org/2005/gmd" xmlns="http://www.isotc211.org/2005/gmd" xmlns:gco="http://www.isotc211.org/2005/gco" xmlns:gml="http://www.opengis.net/gml" xmlns:xlink="http://www.w3.org/1999/xlink" xmlns:xsi="http://www.w3.org/2001/XMLSchema-instance">
	<gmd:fileIdentifier xmlns:gmd="http://www.isotc211.org/2005/gmd"><CharacterString xmlns="http://www.isotc211.org/2005/gco">{ABA77E02-B5D1-49EE-A51C-880D7783AAA7}</CharacterString></gmd:fileIdentifier>
	<gmd:language xmlns:gmd="http://www.isotc211.org/2005/gmd">
		<gmd:LanguageCode codeList="http://standards.iso.org/ittf/PubliclyAvailableStandards/ISO_19139_Schemas/resources/Codelist/ML_gmxCodelists.xml#LanguageCode" codeListValue="eng" xmlns:gmd="http://www.isotc211.org/2005/gmd">eng</gmd:LanguageCode>
	</gmd:language>
	<gmd:hierarchyLevel xmlns:gmd="http://www.isotc211.org/2005/gmd">
		<gmd:MD_ScopeCode codeList="http://standards.iso.org/ittf/PubliclyAvailableStandards/ISO_19139_Schemas/resources/Codelist/ML_gmxCodelists.xml#MD_ScopeCode" codeListValue="dataset" xmlns:gmd="http://www.isotc211.org/2005/gmd">dataset</gmd:MD_ScopeCode>
	</gmd:hierarchyLevel>
	<gmd:contact xmlns:gmd="http://www.isotc211.org/2005/gmd">
		<gmd:CI_ResponsibleParty xmlns:gmd="http://www.isotc211.org/2005/gmd">
			<gmd:organisationName xmlns:gmd="http://www.isotc211.org/2005/gmd">
				<gco:CharacterString xmlns:gco="http://www.isotc211.org/2005/gco">European Commission, Eurostat (ESTAT), GISCO</gco:CharacterString>
			</gmd:organisationName>
			<gmd:contactInfo xmlns:gmd="http://www.isotc211.org/2005/gmd">
				<gmd:CI_Contact xmlns:gmd="http://www.isotc211.org/2005/gmd">
					<gmd:address xmlns:gmd="http://www.isotc211.org/2005/gmd">
						<gmd:CI_Address xmlns:gmd="http://www.isotc211.org/2005/gmd">
							<gmd:electronicMailAddress xmlns:gmd="http://www.isotc211.org/2005/gmd">
								<gco:CharacterString xmlns:gco="http://www.isotc211.org/2005/gco">estat-gisco@ec.europa.eu</gco:CharacterString>
							</gmd:electronicMailAddress>
						</gmd:CI_Address>
					</gmd:address>
				</gmd:CI_Contact>
			</gmd:contactInfo>
			<gmd:role xmlns:gmd="http://www.isotc211.org/2005/gmd">
				<gmd:CI_RoleCode codeList="http://www.isotc211.org/2005/resources/Codelist/gmxCodelists.xml#CI_RoleCode" codeListValue="pointOfContact" xmlns:gmd="http://www.isotc211.org/2005/gmd"/>
			</gmd:role>
		</gmd:CI_ResponsibleParty>
	</gmd:contact>
	<gmd:dateStamp xmlns:gmd="http://www.isotc211.org/2005/gmd">
		<gco:Date xmlns:gco="http://www.isotc211.org/2005/gco">2011-08-22</gco:Date>
	</gmd:dateStamp>
	<gmd:metadataStandardName xmlns:gmd="http://www.isotc211.org/2005/gmd">
		<gco:CharacterString xmlns:gco="http://www.isotc211.org/2005/gco">INSPIRE Metadata Commission Regulation (EC) No 1205/2008</gco:CharacterString>
	</gmd:metadataStandardName>
	<gmd:metadataStandardVersion xmlns:gmd="http://www.isotc211.org/2005/gmd">
		<gco:CharacterString xmlns:gco="http://www.isotc211.org/2005/gco">03.12.2008</gco:CharacterString>
	</gmd:metadataStandardVersion>
	<gmd:locale xmlns:gmd="http://www.isotc211.org/2005/gmd">
		<gmd:PT_Locale id="eng" xmlns:gmd="http://www.isotc211.org/2005/gmd">
			<gmd:languageCode xmlns:gmd="http://www.isotc211.org/2005/gmd">
				<gmd:LanguageCode codeList="http://www.isotc211.org/2005/resources/Codelist/gmxCodelists.xml#LanguageCode" codeListValue="eng" xmlns:gmd="http://www.isotc211.org/2005/gmd">English</gmd:LanguageCode>
			</gmd:languageCode>
			<gmd:characterEncoding xmlns:gmd="http://www.isotc211.org/2005/gmd">
				<gmd:MD_CharacterSetCode codeList="http://www.isotc211.org/2005/resources/Codelist/gmxCodelists.xml#MD_CharacterSetCode" codeListValue="utf8" xmlns:gmd="http://www.isotc211.org/2005/gmd">UTF-8</gmd:MD_CharacterSetCode>
			</gmd:characterEncoding>
		</gmd:PT_Locale>
	</gmd:locale>
	<gmd:identificationInfo xmlns:gmd="http://www.isotc211.org/2005/gmd">
		<gmd:MD_DataIdentification xmlns:gmd="http://www.isotc211.org/2005/gmd">
			<gmd:citation xmlns:gmd="http://www.isotc211.org/2005/gmd">
				<gmd:CI_Citation xmlns:gmd="http://www.isotc211.org/2005/gmd">
					<gmd:title xmlns:gmd="http://www.isotc211.org/2005/gmd">
						<gco:CharacterString xmlns:gco="http://www.isotc211.org/2005/gco">Urban Audit 2004 - Area management - Dataset</gco:CharacterString>
					</gmd:title>
					<gmd:date xmlns:gmd="http://www.isotc211.org/2005/gmd">
						<gmd:CI_Date xmlns:gmd="http://www.isotc211.org/2005/gmd">
							<gmd:date xmlns:gmd="http://www.isotc211.org/2005/gmd">
								<gco:Date xmlns:gco="http://www.isotc211.org/2005/gco">2009-11-01</gco:Date>
							</gmd:date>
							<gmd:dateType xmlns:gmd="http://www.isotc211.org/2005/gmd">
								<gmd:CI_DateTypeCode codeList="http://www.isotc211.org/2005/resources/Codelist/gmxCodelists.xml#CI_DateTypeCode" codeListValue="publication" xmlns:gmd="http://www.isotc211.org/2005/gmd"/>
							</gmd:dateType>
						</gmd:CI_Date>
					</gmd:date>
					
					
					<gmd:identifier xmlns:gmd="http://www.isotc211.org/2005/gmd">
						<gmd:MD_Identifier xmlns:gmd="http://www.isotc211.org/2005/gmd">
							<gmd:code xmlns:gmd="http://www.isotc211.org/2005/gmd">
								<gco:CharacterString xmlns:gco="http://www.isotc211.org/2005/gco">{26921F03-D217-467C-BAD5-F570486B0742}</gco:CharacterString>
							</gmd:code>
						</gmd:MD_Identifier>
					</gmd:identifier>
				</gmd:CI_Citation>
			</gmd:citation>
			<gmd:abstract xmlns:gmd="http://www.isotc211.org/2005/gmd">
				<gco:CharacterString xmlns:gco="http://www.isotc211.org/2005/gco">This dataset represents the boundaries of the European cities participating in the Urban Audit managed by Eurostat. The cities are defined at several conceptual levels: - the core city, using an administrative definition,â&#128;&#147; the Larger Urban Zone (LUZ), approximating the functional urban region and for 8 capitals, the City Kernel, a concept introduced to improve comparability between large cities. In addition, for 285 participating cities, data is provided at two hierarchical sublevels: - Sub City Districts level 1 (SCD L1) and Sub City Districts level 2 (SCD L2). The data set is based on EuroBoundaryMap 2004 (Eurogeographics), EuroRegionalMap version 3.0 (EuroGeographics) and spatial data supplied by Urban Audot delegates from Member States. The Urban Audit city points are, when possible, synchronised to an Urban Fabric class in Corine Land Cover 2000. The coverage is the EU-27 plus Croatia (HR), Norway (NO) and Switzerland (CH).   
An introduction to Urabn Audit is availabl ehere: http://epp.eurostat.ec.europa.eu/portal/page/portal/region_cities/city_urban 
The public data set is available under &amp;quot;Download link&amp;quot;. The complete data set is available via the &amp;quot;EC restricted download link&amp;quot; under &amp;quot;GISCO.URAU_2004&amp;quot;.</gco:CharacterString>
			</gmd:abstract>
			<gmd:pointOfContact xmlns:gmd="http://www.isotc211.org/2005/gmd">
				<gmd:CI_ResponsibleParty xmlns:gmd="http://www.isotc211.org/2005/gmd">
					<gmd:organisationName xmlns:gmd="http://www.isotc211.org/2005/gmd">
						<gco:CharacterString xmlns:gco="http://www.isotc211.org/2005/gco">European Commission, Eurostat (ESTAT), GISCO</gco:CharacterString>
					</gmd:organisationName>
					<gmd:contactInfo xmlns:gmd="http://www.isotc211.org/2005/gmd">
						<gmd:CI_Contact xmlns:gmd="http://www.isotc211.org/2005/gmd">
							<gmd:address xmlns:gmd="http://www.isotc211.org/2005/gmd">
								<gmd:CI_Address xmlns:gmd="http://www.isotc211.org/2005/gmd">
									<gmd:electronicMailAddress xmlns:gmd="http://www.isotc211.org/2005/gmd">
										<gco:CharacterString xmlns:gco="http://www.isotc211.org/2005/gco">estat-gisco@ec.europa.eu</gco:CharacterString>
									</gmd:electronicMailAddress>
								</gmd:CI_Address>
							</gmd:address>
						</gmd:CI_Contact>
					</gmd:contactInfo>
					<gmd:role xmlns:gmd="http://www.isotc211.org/2005/gmd">
						<gmd:CI_RoleCode codeList="http://www.isotc211.org/2005/resources/Codelist/gmxCodelists.xml#CI_RoleCode" codeListValue="custodian" xmlns:gmd="http://www.isotc211.org/2005/gmd">custodian</gmd:CI_RoleCode>
					</gmd:role>
				</gmd:CI_ResponsibleParty>
			</gmd:pointOfContact>
			<gmd:graphicOverview xmlns:gmd="http://www.isotc211.org/2005/gmd">
				<gmd:MD_BrowseGraphic xmlns:gmd="http://www.isotc211.org/2005/gmd">
					<gmd:fileName xmlns:gmd="http://www.isotc211.org/2005/gmd">
						<gco:CharacterString xmlns:gco="http://www.isotc211.org/2005/gco">https://webgate.ec.europa.eu/inspire/geoportal/rest/thumbnails/{ABA77E02-B5D1-49EE-A51C-880D7783AAA7}</gco:CharacterString>
					</gmd:fileName>
					<gmd:fileDescription xmlns:gmd="http://www.isotc211.org/2005/gmd">
						<gco:CharacterString xmlns:gco="http://www.isotc211.org/2005/gco">UA2004</gco:CharacterString>
					</gmd:fileDescription>
				</gmd:MD_BrowseGraphic>
			</gmd:graphicOverview>
			<gmd:descriptiveKeywords xlink:title="inspire-data-theme-keywords" xmlns:gmd="http://www.isotc211.org/2005/gmd" xmlns:xlink="http://www.w3.org/1999/xlink">
				<gmd:MD_Keywords xmlns:gmd="http://www.isotc211.org/2005/gmd">
					<gmd:keyword xmlns:gmd="http://www.isotc211.org/2005/gmd">
						<gco:CharacterString xmlns:gco="http://www.isotc211.org/2005/gco">Area management/restriction/regulation zones and reporting units</gco:CharacterString>
					</gmd:keyword>
					<gmd:thesaurusName xmlns:gmd="http://www.isotc211.org/2005/gmd">
						<gmd:CI_Citation xmlns:gmd="http://www.isotc211.org/2005/gmd">
							<gmd:title xmlns:gmd="http://www.isotc211.org/2005/gmd">
								<gco:CharacterString xmlns:gco="http://www.isotc211.org/2005/gco">GEMET - INSPIRE themes, version 1.0</gco:CharacterString>
							</gmd:title>
							<gmd:date xmlns:gmd="http://www.isotc211.org/2005/gmd">
								<gmd:CI_Date xmlns:gmd="http://www.isotc211.org/2005/gmd">
									<gmd:date xmlns:gmd="http://www.isotc211.org/2005/gmd">
										<gco:Date xmlns:gco="http://www.isotc211.org/2005/gco">2008-06-01</gco:Date>
									</gmd:date>
									<gmd:dateType xmlns:gmd="http://www.isotc211.org/2005/gmd">
										<gmd:CI_DateTypeCode codeList="http://standards.iso.org/ittf/PubliclyAvailableStandards/ISO_19139_Schemas/resources/Codelist/ML_gmxCodelists.xml#CI_DateTypeCode" codeListValue="publication" xmlns:gmd="http://www.isotc211.org/2005/gmd">publication</gmd:CI_DateTypeCode>
									</gmd:dateType>
								</gmd:CI_Date>
							</gmd:date>
						</gmd:CI_Citation>
					</gmd:thesaurusName>
				</gmd:MD_Keywords>
			</gmd:descriptiveKeywords>
			<gmd:descriptiveKeywords xlink:title="custom-keywords" xmlns:gmd="http://www.isotc211.org/2005/gmd" xmlns:xlink="http://www.w3.org/1999/xlink">
				<gmd:MD_Keywords xmlns:gmd="http://www.isotc211.org/2005/gmd">
					<gmd:keyword xmlns:gmd="http://www.isotc211.org/2005/gmd">
						<gco:CharacterString xmlns:gco="http://www.isotc211.org/2005/gco">INSPIREGEOPORTAL</gco:CharacterString>
					</gmd:keyword>
					
				</gmd:MD_Keywords>
			</gmd:descriptiveKeywords>
			
			<gmd:resourceConstraints xmlns:gmd="http://www.isotc211.org/2005/gmd">
				<gmd:MD_Constraints xmlns:gmd="http://www.isotc211.org/2005/gmd">
					<gmd:useLimitation xmlns:gmd="http://www.isotc211.org/2005/gmd">
						<gco:CharacterString xmlns:gco="http://www.isotc211.org/2005/gco">This data set should be referred as &amp;quot;Urban Audit, 2004 - European Commission, Eurostat/GISCO&amp;quot;.   

The sub-city districts can only be used internally and can be published only in internal documents. Subcity districts cannot be made available to the public because of intellectual property rights hold by Member States. In case an external publication would be useful please contact the responsible unit (ESTAT-GISCO@ec.europa.eu) .

The source and intellectual property have always to be acknowledged. To this end, an acknowledgement as specified below must be visible on any printed or electronic publication using the data.

Acknowledgement notice, depending on the language used in the publication:

English: 
Sub-city districts: Â© National Statistical Offices
Source: European Commission â&#128;&#147; Eurostat/GISCO 
French: 
Quartiers de ville: Â© Instituts nationaux de statistique
Source: Commission europÃ©enne â&#128;&#147; Eurostat/GISCO
German: 
Stadtteile: Â© Nationale Statistische Ã&#132;mter
Quelle: EuropÃ¤ische Kommission - Eurostat/GISCO 

An overview of the use conditions for Cities, Kernels and Large Urban Zones is given below. The detailed use conditions for these elements are available here: https://circabc.europa.eu/d/d/workspace/SpacesStore/6f5186f3-908b-413a-8687-191604976751/EuroGeographics%20Use%20Conditions%20-%20From%20Contract.pdf 
      
Access to the detailed data is restricted to the personnel of the European Commission, the Executive Agencies and contractors, due to intellectual property rights.   

The contractors can access the data after signing an agreement form. The agreement form can be requested by the responsible service from European Commission - Eurostat/GISCO (ESTAT-GISCO@ec.europa.eu). Once the form has been signed, access will be provided by European Commission - Eurostat/GISCO.

Data can be published in the form of electronic images, statistical tables and on paper. 

Subsets of the Cities, Kernels and Large Urban Zones data can be made available to the general public for non commercial use, only if the data covered either has a spatial resolution of 1:3.000.000 or smaller, or less than 20% of the original EuroGeographics data is shown for the extent selected.

The source and intellectual property have always to be acknowledged. To this end, an acknowledgement as specified below must be visible on any printed or electronic publication using the data.

Acknowledgement notice, depending on the language used in the publication:

English: 
Administrative boundaries: Â© EuroGeographics
Source: European Commission â&#128;&#147; Eurostat/GISCO 
French: 
Limites administratives: Â© EuroGeographics
Source: Commission europÃ©enne â&#128;&#147; Eurostat/GISCO 
German: 
Verwaltungsgrenzen: Â© EuroGeographics
Quelle: EuropÃ¤ische Kommission - Eurostat/GISCO 

For publications in languages other than English, French or German, the translation of the Acknowledgement notice in the language of the publication must be used.</gco:CharacterString>
					</gmd:useLimitation>
				</gmd:MD_Constraints>
			</gmd:resourceConstraints>
			<gmd:resourceConstraints xmlns:gmd="http://www.isotc211.org/2005/gmd">
				<gmd:MD_LegalConstraints xmlns:gmd="http://www.isotc211.org/2005/gmd">
					<gmd:accessConstraints xmlns:gmd="http://www.isotc211.org/2005/gmd">
						<gmd:MD_RestrictionCode codeList="http://standards.iso.org/ittf/PubliclyAvailableStandards/ISO_19139_Schemas/resources/Codelist/gmxCodelists.xml#MD_RestrictionCode" codeListValue="otherRestrictions" xmlns:gmd="http://www.isotc211.org/2005/gmd">otherRestrictions</gmd:MD_RestrictionCode>
					</gmd:accessConstraints>
					<gmd:otherConstraints xmlns:gmd="http://www.isotc211.org/2005/gmd">
						<gco:CharacterString xmlns:gco="http://www.isotc211.org/2005/gco">(e) intellectual property rights</gco:CharacterString>
					</gmd:otherConstraints>
				</gmd:MD_LegalConstraints>
			</gmd:resourceConstraints>
			<gmd:spatialResolution xmlns:gmd="http://www.isotc211.org/2005/gmd">
				<gmd:MD_Resolution xmlns:gmd="http://www.isotc211.org/2005/gmd">
					<gmd:equivalentScale xmlns:gmd="http://www.isotc211.org/2005/gmd">
						<gmd:MD_RepresentativeFraction xmlns:gmd="http://www.isotc211.org/2005/gmd">
							<gmd:denominator xmlns:gmd="http://www.isotc211.org/2005/gmd">
								<gco:Integer xmlns:gco="http://www.isotc211.org/2005/gco">3000000</gco:Integer>
							</gmd:denominator>
						</gmd:MD_RepresentativeFraction>
					</gmd:equivalentScale>
				</gmd:MD_Resolution>
			</gmd:spatialResolution>
			
			
			
			<gmd:language xmlns:gmd="http://www.isotc211.org/2005/gmd">
				<gco:CharacterString xmlns:gco="http://www.isotc211.org/2005/gco">eng</gco:CharacterString>
			</gmd:language>
			<gmd:topicCategory xmlns:gmd="http://www.isotc211.org/2005/gmd">
				<gmd:MD_TopicCategoryCode xmlns:gmd="http://www.isotc211.org/2005/gmd">boundaries</gmd:MD_TopicCategoryCode>
			</gmd:topicCategory>
			<gmd:extent xmlns:gmd="http://www.isotc211.org/2005/gmd">
				<gmd:EX_Extent xmlns:gmd="http://www.isotc211.org/2005/gmd">
					<gmd:geographicElement xmlns:gmd="http://www.isotc211.org/2005/gmd">
						<gmd:EX_GeographicBoundingBox xmlns:gmd="http://www.isotc211.org/2005/gmd">
							<gmd:westBoundLongitude xmlns:gmd="http://www.isotc211.org/2005/gmd">
								<gco:Decimal xmlns:gco="http://www.isotc211.org/2005/gco">-67.416690</gco:Decimal>
							</gmd:westBoundLongitude>
							<gmd:eastBoundLongitude xmlns:gmd="http://www.isotc211.org/2005/gmd">
								<gco:Decimal xmlns:gco="http://www.isotc211.org/2005/gco">61.506400</gco:Decimal>
							</gmd:eastBoundLongitude>
							<gmd:southBoundLatitude xmlns:gmd="http://www.isotc211.org/2005/gmd">
								<gco:Decimal xmlns:gco="http://www.isotc211.org/2005/gco">-25.581526</gco:Decimal>
							</gmd:southBoundLatitude>
							<gmd:northBoundLatitude xmlns:gmd="http://www.isotc211.org/2005/gmd">
								<gco:Decimal xmlns:gco="http://www.isotc211.org/2005/gco">74.879394</gco:Decimal>
							</gmd:northBoundLatitude>
						</gmd:EX_GeographicBoundingBox>
					</gmd:geographicElement>
					
				</gmd:EX_Extent>
			</gmd:extent>
		</gmd:MD_DataIdentification>
	</gmd:identificationInfo>


	<gmd:distributionInfo xmlns:gmd="http://www.isotc211.org/2005/gmd">
		<gmd:MD_Distribution xmlns:gmd="http://www.isotc211.org/2005/gmd">
			<gmd:transferOptions xmlns:gmd="http://www.isotc211.org/2005/gmd">
				<gmd:MD_DigitalTransferOptions xmlns:gmd="http://www.isotc211.org/2005/gmd">
					<gmd:onLine xmlns:gmd="http://www.isotc211.org/2005/gmd">
						<gmd:CI_OnlineResource xmlns:gmd="http://www.isotc211.org/2005/gmd">
							<gmd:linkage xmlns:gmd="http://www.isotc211.org/2005/gmd">
								<gmd:URL xmlns:gmd="http://www.isotc211.org/2005/gmd">http:/www.gisco.eurostat.cec/gisco/cfm/mapservices.cfm</gmd:URL>
							</gmd:linkage>
							<gmd:function xmlns:gmd="http://www.isotc211.org/2005/gmd">
								<gmd:CI_OnLineFunctionCode codeList="http://www.isotc211.org/2005/resources/Codelist/gmxCodelists.xml#CI_OnLineFunctionCode" codeListValue="search" xmlns:gmd="http://www.isotc211.org/2005/gmd"/>
							</gmd:function>
						</gmd:CI_OnlineResource>
					</gmd:onLine>
				</gmd:MD_DigitalTransferOptions>
			</gmd:transferOptions>
			<gmd:transferOptions xmlns:gmd="http://www.isotc211.org/2005/gmd">
				<gmd:MD_DigitalTransferOptions xmlns:gmd="http://www.isotc211.org/2005/gmd">
					<gmd:onLine xmlns:gmd="http://www.isotc211.org/2005/gmd">
						<gmd:CI_OnlineResource xmlns:gmd="http://www.isotc211.org/2005/gmd">
							<gmd:linkage xmlns:gmd="http://www.isotc211.org/2005/gmd">
								<gmd:URL xmlns:gmd="http://www.isotc211.org/2005/gmd">https://circabc.europa.eu/d/d/workspace/SpacesStore/475ee0bc-5a40-447f-97ab-94c8e1464d72/GISCO%20DB%20Manual%20v2.2.1.pdf</gmd:URL>
							</gmd:linkage>
							<gmd:function xmlns:gmd="http://www.isotc211.org/2005/gmd">
								<gmd:CI_OnLineFunctionCode codeList="http://www.isotc211.org/2005/resources/Codelist/gmxCodelists.xml#CI_OnLineFunctionCode" codeListValue="information" xmlns:gmd="http://www.isotc211.org/2005/gmd"/>
							</gmd:function>
						</gmd:CI_OnlineResource>
					</gmd:onLine>
				</gmd:MD_DigitalTransferOptions>
			</gmd:transferOptions>
			<gmd:transferOptions xmlns:gmd="http://www.isotc211.org/2005/gmd">
				<gmd:MD_DigitalTransferOptions xmlns:gmd="http://www.isotc211.org/2005/gmd">
					<gmd:onLine xmlns:gmd="http://www.isotc211.org/2005/gmd">
						<gmd:CI_OnlineResource xmlns:gmd="http://www.isotc211.org/2005/gmd">
							<gmd:linkage xmlns:gmd="http://www.isotc211.org/2005/gmd">
								<gmd:URL xmlns:gmd="http://www.isotc211.org/2005/gmd">http://epp.eurostat.ec.europa.eu/portal/page/portal/gisco_Geographical_information_maps/popups/references/administrative_units_statistical_units_1</gmd:URL>
							</gmd:linkage>
							<gmd:function xmlns:gmd="http://www.isotc211.org/2005/gmd">
								<gmd:CI_OnLineFunctionCode codeList="http://www.isotc211.org/2005/resources/Codelist/gmxCodelists.xml#CI_OnLineFunctionCode" codeListValue="download" xmlns:gmd="http://www.isotc211.org/2005/gmd"/>
							</gmd:function>
						</gmd:CI_OnlineResource>
					</gmd:onLine>
				</gmd:MD_DigitalTransferOptions>
			</gmd:transferOptions>
			<gmd:transferOptions xmlns:gmd="http://www.isotc211.org/2005/gmd">
				<gmd:MD_DigitalTransferOptions xmlns:gmd="http://www.isotc211.org/2005/gmd">
					<gmd:onLine xmlns:gmd="http://www.isotc211.org/2005/gmd">
						<gmd:CI_OnlineResource xmlns:gmd="http://www.isotc211.org/2005/gmd">
							<gmd:linkage xmlns:gmd="http://www.isotc211.org/2005/gmd">
								<gmd:URL xmlns:gmd="http://www.isotc211.org/2005/gmd">http://myintracomm.ec.europa.eu/dg/ESTAT/6-tools/GISCO/AccessGeographicalRef%20Database/Pages/AccessGeographicalRefDatabase.aspx</gmd:URL>
							</gmd:linkage>
							<gmd:function xmlns:gmd="http://www.isotc211.org/2005/gmd">
								<gmd:CI_OnLineFunctionCode codeList="http://www.isotc211.org/2005/resources/Codelist/gmxCodelists.xml#CI_OnLineFunctionCode" codeListValue="offlineAccess" xmlns:gmd="http://www.isotc211.org/2005/gmd"/>
							</gmd:function>
						</gmd:CI_OnlineResource>
					</gmd:onLine>
				</gmd:MD_DigitalTransferOptions>
			</gmd:transferOptions>
			
		</gmd:MD_Distribution>
	</gmd:distributionInfo>

	<gmd:dataQualityInfo xmlns:gmd="http://www.isotc211.org/2005/gmd">
		<gmd:DQ_DataQuality xmlns:gmd="http://www.isotc211.org/2005/gmd">
			<gmd:scope xmlns:gmd="http://www.isotc211.org/2005/gmd">
				<gmd:DQ_Scope xmlns:gmd="http://www.isotc211.org/2005/gmd">
					<gmd:level xmlns:gmd="http://www.isotc211.org/2005/gmd">
						<gmd:MD_ScopeCode codeList="http://www.isotc211.org/2005/resources/Codelist/gmxCodelists.xml#MD_ScopeCode" codeListValue="" xmlns:gmd="http://www.isotc211.org/2005/gmd"/>
					</gmd:level>
				</gmd:DQ_Scope>
			</gmd:scope>
			
			
			
			<gmd:lineage xmlns:gmd="http://www.isotc211.org/2005/gmd">
				<gmd:LI_Lineage xmlns:gmd="http://www.isotc211.org/2005/gmd">
					<gmd:statement xmlns:gmd="http://www.isotc211.org/2005/gmd">
						<gco:CharacterString xmlns:gco="http://www.isotc211.org/2005/gco">The third Urban Audit exercise was launched in 2006. The collected data is referenced to 2004.  It is managed by the Directorate General for Regional Policy in collaboration with EUROSTAT.

The URAU_2004 polygonal geometry for UA Cities, UA City Kernels and Large Urban Zones was derived from the GISCO Communes 2004 regional feature class. Information assigning membership of each EBM 2004 commune to each of the 3 UA conceptual levels was provided at the Country level.

The URAU_2004 polygonal geometry for Sub City Districts was either derived from the GISCO Communes 2004 regional feature class (where information assigning membership of each EBM 2004 commune to hierarchical sublevels levels was provided at the Country level), or derived from geometry supplied by URAU delegates which was made coincident with UA City geometry.

Generalised versions were created for display at a scale of 1:3 Million.

The point geometry of the Urban Audit Cities was based on the GISCO STTL_V3 dataset of European Settlements. Points were created in 17 cases where a UA City could not be matched to a Settlement in GISCO STTL_V3 dataset.
  
Geometry: GISCO COMM_2004 (source EuroBoundary Map - EuroGeographics); GISCO STTL_V3 (edited from EuroRegionalMap v3.0 - EuroGeographics, and synchronised to Corine Land Cover Urban Fabric classes); URAU delegate geometry (source Eurostat) Attributes: Country tables listing the UA status (codes) of EBM_2004 communes (source Eurostat); Name tables listing the attributes of UA entities (source Eurostat) Country tables (for IE, PT and MT only) listing the SCD2 L2 status (codes) of EBM_2004 communes (source Eurostat); Name tables listing the attributes of SCD entities (source Eurostat)</gco:CharacterString>
					</gmd:statement>
				</gmd:LI_Lineage>
			</gmd:lineage>
		</gmd:DQ_DataQuality>
	</gmd:dataQualityInfo>
</gmd:MD_Metadata>