0.5798144190434864;1.2084803332913425;2.3042766629793343;5.380994138567659;14.887449956507979;40.37015765083448;67.80102959582797;82.5274861514274;66.16956830976511;38.34286319939375;14.189841679231924;5.160235094569487;2.255369104507088;1.4363388051231702;1.1779088526289807;1.0085689435796612;0.8495540153723856;0.7311560368950476;0.690569623310611;0.7151970761150048;0.7575961427658939;0.77271506712818;0.7186603809891197;0.6542423655027316;0.610541989231209;0.5968153650428712;0.6221628448399633;0.6316299532147972;0.6291133846355941;0.586917895088564;0.5268819124406738;0.49587363773305093;0.5430138922317242;0.6874553718614949;0.9545643237028231;1.4070623257418422;2.137525248759576;3.1577203170546735;4.033674799860003;4.334945113563773;3.7587758633335113;2.805102336861639;1.973466760581488;1.63845205643056;1.7206440556536502;2.0176852390212923;2.1679183450584953;1.757656087850888;1.1688170194058387;0.5696420883158528
0.9281861858189451;1.9918147736451366;3.9791021151628594;9.742253981835717;27.666528110015907;77.3122249687756;196.49455819073273;224.87712126117478;188.77120740628658;72.0435743018976;26.331363515589178;9.262270951332468;4.069293317872536;2.6174128682703377;2.1364878334574575;1.7918337686881216;1.462748868857597;1.2234545931584688;1.1242284095927615;1.1492910214936043;1.2065422959155656;1.2232484507930506;1.1761864410115543;1.0887589945667229;1.0115830492499607;0.9794370406877995;1.001635581984267;1.0586309788727204;1.0758778217384393;1.0239394228916305;0.9231933231735587;0.8755733936981867;0.9602336247307314;1.2392342232911921;1.7982409157566797;2.791441675308523;4.414512512590575;6.483164151901837;8.507284653885476;8.818002933029998;7.575172000885165;5.308041338589111;3.7725965397892516;3.0898545558811246;3.030085459578975;3.2422732798151856;3.235283750628333;2.7399574232864445;1.8927608007226981;0.9522583297613545
1.0298050383379906;2.298086971779062;4.926312963082863;12.527614688886406;35.565530182575344;100.52760836181464;239.97886536104832;528.1029713891043;219.33610314947282;94.84173687926946;32.67415921809022;11.764321417925265;5.357994178001317;3.549272195479384;2.8545036549018254;2.3393231120753186;1.849234432782534;1.5098124485222921;1.378202029986007;1.3838774037644028;1.4294988925654006;1.440748409801758;1.39991023432456;1.3111262593686863;1.2117964148664673;1.1571687763908676;1.1916034290091888;1.2807220488004856;1.332740213827681;1.2961141735082384;1.1982591220218006;1.1430864172684345;1.24973379572489;1.6425799829391832;2.476918275334106;4.03503567042009;6.453116833750845;9.630529541922916;11.955216193238119;12.732468651679506;9.995850334255865;7.294057252161466;5.402078043305323;4.427453496663269;4.057422599189736;3.9122884819405597;3.647642831360166;3.1190227969277062;2.2805841547915984;1.1973911062810842
0.9547752713677359;2.2630851707402755;5.11948793784479;13.08166606317908;35.62513311823993;91.87866928255741;206.41598461158554;244.79796835500335;198.12411396387716;81.82585270171828;31.429759613029542;12.039405399363654;6.036273066750637;4.115936940361039;3.2927915456386723;2.633189272262855;2.092974178254706;1.7788481950035762;1.680135028297924;1.687099913677052;1.682171295853022;1.6285476576628566;1.5299026573876457;1.4101015145875484;1.2823260028076642;1.2183616990336288;1.2626425196094617;1.3707463450803998;1.4633585561821734;1.451151582399732;1.3754578787079887;1.316394128219283;1.4259420555403044;1.8645036908135253;2.856029516127557;4.623576075548262;7.419233277903184;10.557721588287666;13.139177411646044;12.487432705724524;10.52515423259286;8.200663316915797;6.65396812768938;5.717615709505835;4.991369410815231;4.433886152804412;3.9533631338858646;3.386181522360806;2.5675208955721334;1.4001325627283745
0.8266248501109063;2.0406622045182474;4.667014706458433;11.412581605407288;28.28313609448932;63.564037384454224;104.99332287863875;117.18086266749823;92.66168895652935;55.14241938369111;23.505128480315904;10.500667389806312;5.905334871402816;4.250110399176172;3.3594342397274053;2.737420793125731;2.351146931241083;2.229172528120873;2.278416718630282;2.3041424990518156;2.1922597315251617;1.9570533292029484;1.7087479745225627;1.4945022999419304;1.3351596408277482;1.2564546929576692;1.2901639184030522;1.412817279812027;1.4993207935121495;1.5355677674144075;1.4798027483152372;1.4308715796888507;1.5183006469079454;1.9309112771277923;2.8344277719181123;4.429543735331624;6.622104148601992;9.115132189286683;10.605925616343479;10.222943513011021;8.981147912296;7.89162217869209;7.2971949778213245;6.821316424486824;5.884808139738402;5.1098265548118675;4.443647117922232;3.7441872631404567;2.8446526991445977;1.5878832779185295
0.7079071321552648;1.740748358907306;3.784674317012941;8.39567290934172;18.14636783249891;33.620526937439735;46.86693835022357;50.66570383856404;41.03356234409886;26.759074419365824;14.918953257101307;8.040884858110735;5.236191867058722;3.917281138080212;3.184122574252272;2.7908639680727427;2.7245133107695843;2.9281335970141136;3.202272815095259;3.2603331414942356;2.963915017058769;2.4644212434316786;1.9881231869317273;1.6497201253133507;1.4461054022526343;1.358045349334078;1.3708239757971707;1.4481754271779936;1.545396705153299;1.5896189586461777;1.5847179625733254;1.541374458209586;1.6082381081784574;1.9203803293107369;2.6066202815000348;3.6740029743308793;5.069835546547984;6.344203348924943;7.100065955133748;7.154754187903118;6.90782729334104;6.839590499774602;6.934887083984916;6.994730037180989;6.531137109126132;5.877414198723045;4.985639007357814;4.059948186373761;3.0238477351509183;1.597861508006313
0.6209309867880582;1.4343635768792733;2.8072451485917953;5.381803629212029;9.887983462194782;15.498647553705666;20.085866231510852;20.94361959457529;18.045850967708787;13.12531620300288;8.702032611932907;5.788469278972604;4.200151152706751;3.388653665829887;2.965753967779733;2.8956020947289374;3.167091136079288;3.698118709714216;4.160309470899144;4.23565066788822;3.756150711903852;3.020432776030593;2.330585450855933;1.8722552921996662;1.6559077820989387;1.591395577058202;1.621686091079896;1.7015804032400323;1.7875870052922862;1.8451513835387727;1.8464091009648742;1.8267793063165405;1.841780882421462;2.0012276217844764;2.367746458685203;2.945375231926972;3.580493748469706;4.170164806693571;4.565028074414544;4.842922971791636;5.138463691132395;5.572621106313805;6.103794267770917;6.526813621705196;6.743208095771016;6.165637952725781;5.276098237045358;4.1548489997224225;2.879658776368098;1.4905679708994435
0.5827451034700896;1.2197689970793886;2.0497552557124386;3.3188026635406005;5.137193854333054;7.271800716064655;8.99083045015478;9.650505645034665;8.984333546044947;7.453519875306351;5.658557893089284;4.2420743206389915;3.3561203411056826;2.925026338804227;2.8519345126498195;3.0777992706705675;3.5477531929948993;4.178352345211866;4.729157270736129;4.710474864523199;4.237656066203615;3.4108123174580633;2.618106200218603;2.128360100786151;1.967229582307092;2.062608751058032;2.2861335247318517;2.5355338298840975;2.692808766069337;2.718178175730419;2.662518872509426;2.561624436607068;2.4301559918021005;2.3238722710012962;2.3247758212019423;2.4504169083571017;2.6625337833433056;2.8810192943973876;3.1189330659155;3.42919536319207;3.87094436820704;4.386132432776969;5.003049932652733;5.6963457949668435;6.126351801051656;6.051689718857754;5.174109182073018;3.9604803002349476;2.6576803071684814;1.3243303731263918
0.6115792258376861;1.1646343552401033;1.7143325675306036;2.352922204121255;3.1870830962435464;4.173377622449498;5.125332174118668;5.742092515827495;5.805967749198862;5.186685607571685;4.279233195924427;3.433888280568009;2.917932302140275;2.7708660479820297;2.9481921133618445;3.3391228927526835;3.829444859473553;4.328761723487913;4.616746371833232;4.618109870775517;4.195782567697878;3.455771299174249;2.7746428763106197;2.4023165358505336;2.4947600856355567;3.1234727431496703;4.151067331097966;5.134512543688696;5.5921661656995045;5.395316408008874;4.838225829102011;4.189106782671287;3.560127238776401;2.9671036563861866;2.5328964353372565;2.2915799334190363;2.2187271834550737;2.247449329508477;2.364612745073203;2.596824145681664;2.932814819175616;3.4136778827615473;4.075462706855959;4.898537661788329;5.631592058250347;5.780146700923106;5.127200526530727;3.9218618635086164;2.598796264782619;1.2877278137535106
0.6978472316108462;1.2937331473912166;1.7673153655711238;2.2367382778178198;2.781525821183793;3.4725040570225874;4.233166709962341;4.795860402098718;4.861724284073673;4.391967950683848;3.6989673291496827;3.13934172939658;2.881859698153068;2.9690421131675966;3.2894623404689107;3.7313297189798544;4.132328176284846;4.348470809726868;4.374887031404225;4.184036517420831;3.7853142952935492;3.287320659659599;2.8418070524816366;2.7678734661808524;3.6128814480152;6.075093892675869;10.112252100838308;14.139601724331879;15.873957378236232;14.403852788010381;11.00201352122178;7.712265729710665;5.338896163925926;3.902427471211118;2.976253679492098;2.4263034931771035;2.1250591126111966;2.004028209834855;2.014204994931479;2.125596575155905;2.378955039842573;2.8935195042658464;3.837779634597625;5.1928790425396265;6.516351853487126;7.06358375222659;6.415797299246678;4.912367575799069;3.164877748245728;1.5242927702248164
0.8811737749818901;1.5887086255998168;2.133555556895686;2.6538982880353212;3.3379764285083384;4.221691459330756;5.224332560677691;5.895175014898034;5.685143595594893;4.85143989742504;3.8817304815976503;3.291366648705095;3.1791519294939823;3.4063681962498573;3.8013181064965855;4.1745836267053305;4.473653809292927;4.539014087305425;4.314492348247816;3.923383355400765;3.5452429462744957;3.2249803212832022;3.061339247561913;3.4278155728608612;5.796370382620105;14.014421430133282;29.746000755805046;47.443346659822055;54.988749187921485;47.005631585878916;29.947271808426986;15.380438279555209;7.8341978502066985;4.985480880149233;3.657081588535227;2.8280338272288006;2.2957749910004512;2.006566203051676;1.9213845026198062;1.987382621096137;2.244352724283396;3.0158660075920456;4.931102332893199;8.085731839899445;11.515541158256143;13.160600483843773;11.952571627251789;8.613580049737827;5.015931856663263;2.135291147787685
1.2018574192659088;2.1222811896091596;2.7493974423355754;3.4752695170522823;4.916548667294324;7.236002592857838;9.811579505255802;11.00602982260188;10.123632508211596;7.580129736857681;5.223399906801109;3.936946551134541;3.7461988573701284;3.9925790396326946;4.286505041158849;4.571347192346841;4.80544225152576;4.81302661359643;4.494752081071563;4.119413250711226;3.836684689692462;3.706986298816457;3.7629567980766403;4.6429756033883605;9.169649504331176;27.137403109027186;88.38147737537275;164.8497754304447;205.146798130134;159.44116056685044;84.03573433262093;27.095907342905694;10.728127208405095;6.226852585589288;4.581226410945603;3.473218279996503;2.630153767786854;2.1424163665668567;2.0036995123690593;2.08429126629911;2.4400926761782884;3.6697452947485973;7.266723635048361;15.278155936805522;24.45094486751316;29.743395086354244;25.88404157793637;17.06077312607297;8.263934739830903;3.1085841910652876
1.6120698891666614;2.7337948598359194;3.4835165552977476;4.582284442517947;7.726238874029473;14.51263600441001;21.75735981731837;25.458190024381537;21.418289111219103;14.160066285808332;7.674664099731842;5.104811368215135;4.6069335645896246;4.776052437804785;4.8648163157695645;4.949678204250762;5.031419848563635;4.986302312306316;4.859468139886973;4.7354392031905475;4.7424160726826345;4.8770903413263635;5.1920945297787995;6.444712127376915;12.813220964832848;41.34187948679455;150.66111312214915;568.2878283610379;676.6362987133917;540.6488634122992;138.80691466602457;39.52015955258929;13.300459130632635;7.387239652433862;5.5383873495067775;4.151114260330288;2.9355626874925984;2.2827288545986364;2.115280325738094;2.238597810318059;2.716293395951371;4.426301386676303;9.863373037777489;23.044569467627998;47.00057811872702;57.11276000720244;49.97585111894862;26.79611364060675;11.751000877427483;4.141829470808641
1.7515457324688544;3.0789674085242487;3.850289803677167;5.603011504755035;11.140555091553855;23.712705566113893;44.008579938240665;49.914358223063886;41.61747589732278;21.081094268840207;10.58495865114923;6.723084084526804;6.089954553999635;6.156140020672947;6.036714750007965;5.617591736432748;5.253183954300723;5.123426768514399;5.258373594069776;5.508371358581522;5.854079659664624;6.3572449289462325;6.948928922472869;8.31911773168526;15.080987664010244;46.8360973510366;181.85475318072952;627.7916029539836;2530.0818123115732;564.0656921242628;170.11699455330674;43.703263974449726;14.259984309984794;7.778439980569472;5.986313774023449;4.35271279952559;3.048202336855608;2.318478891673179;2.138388329971868;2.2916534480266217;2.8647544514798082;4.854355484521688;10.997905974280084;26.66628584326819;53.95228318309349;87.72271897873554;59.08917170939833;31.190333159298916;13.490558314531068;4.726767826760265
1.5427983368293807;2.658365922115526;3.661008398721197;6.044810212113246;13.145021992154007;29.787064354028498;54.504127815916036;78.9279255756717;47.501250999687635;24.921691484182936;12.382213844359228;8.622888951120348;8.469745281970171;8.952975109417714;8.223891617794338;6.910092884715178;5.713316754839988;5.241479289448153;5.391709586176868;5.905020813874023;6.414905429548345;7.124143545781107;8.021320516923284;9.096216125264375;14.604275968796108;40.69971848462406;137.59871885388463;476.4056503070978;542.384356233563;469.24649823931816;128.76929487290943;37.75203063448423;12.797121282679973;7.071245208023337;5.315846776231815;4.044025499612769;2.9167710121956105;2.2894431539419;2.123456908542912;2.295124620850345;2.9278181425804015;4.834754425352216;10.192860294533823;22.42905269637921;43.684772073753216;53.76611196070317;47.42002402628262;26.659142053545363;12.291462385097127;4.523747309206316
1.1546935014215753;2.0831307303592297;3.132451629014147;5.672202990203133;12.51039642451665;26.458693623314378;46.906837639965524;50.397384390231814;40.64501062803805;21.72019025960088;12.31505374973511;9.969890162785175;11.56008162948001;12.383230570456286;11.28895220684387;8.317342355184989;6.17551480217714;5.227928017323445;5.108413532651561;5.381551343528993;5.971185374802327;6.716829995006573;7.368227858732899;8.295480913974291;11.773847821173195;26.6780060675168;74.4991484484201;127.69151779593341;160.67659586256156;125.33512740379832;72.24054989298595;24.467475592409627;9.856923746777488;5.760636211315955;4.385061245104873;3.4714759257636247;2.77053186006881;2.378384068224775;2.310481841118101;2.542377473036465;3.1947678604100864;4.750171226888667;8.30917350056784;15.285301029727764;23.27421612490833;28.012377788472183;25.032383701701715;17.269298607245887;9.063978794326097;3.642347673727391
0.9568506834953063;1.792114215316568;2.777762964379432;4.8681198906405;9.628852255305556;18.13622753995269;25.50615925622509;27.885054347051092;22.67162857870012;15.457515947470268;10.456951349876036;10.163901666760122;12.612079266694517;15.143156885109292;12.451651702514328;9.052018800043152;6.3822641203907144;5.017819595576516;4.532979963930589;4.562127782862375;4.925699992965319;5.4585980410685035;5.988342323536854;6.508414465313041;8.281499026074217;14.316396362645433;25.0232674849363;37.0731812451742;41.52686892973849;36.180078114517066;23.76682349745001;13.117518691228902;6.856456288424544;4.645641997428203;3.7170437025556167;3.172827306698627;2.888456689812565;2.8202391927237485;2.9666389017829013;3.358219148892877;4.089761431803062;5.280970325457634;7.160949330451594;9.641217846128834;12.094576901224052;13.134611051331076;12.028345039141445;9.097763877559256;5.6432254322543125;2.5493501672916548
1.1249981881366269;2.1290387630316157;3.136792715534025;4.585553324747557;7.051028357113697;10.145131738411186;12.735455863495327;13.2619340570688;11.791568300020518;9.487033095346924;8.23655249230378;8.982663992728234;11.387926202570766;12.537131757672215;11.557199315483722;8.645950340758423;6.3338468862623944;4.931256780052242;4.2526320393316865;4.021938692112635;4.107330764047798;4.431441236389177;4.800347210807278;5.155795300911784;5.796506498761383;7.218436778038476;9.45250411928839;11.562769620528952;12.28346846471503;11.071051865948046;8.700332198365507;6.319231119436346;4.745854048030681;3.881546679837708;3.4389478271334752;3.32866862429;3.4670935090176225;3.7696772652531907;4.197205368381042;4.923604915685252;5.918459239149636;6.964611894359728;7.620189997207278;7.8064743434972605;7.4948923531072;6.918101911237187;6.02016712121482;4.785555822605371;3.287293798899713;1.650110855855675
1.7489515043293424;3.387084370139362;4.913053558567547;6.172145739931539;7.0416785487352875;7.465288873316939;7.458636306645051;7.189799955286761;6.828705759312902;6.506953829670627;6.570701843202124;7.40586788324535;8.63904327305291;9.409989264035454;8.937562071889928;7.6528616773842595;6.14406615767518;5.067989320017557;4.4063561680721595;4.012872132120014;3.9302274485305895;4.091195699112039;4.42153104834522;4.716147167886834;4.905599498964968;4.963490156944256;5.012720734767001;4.977470182503527;4.826070587631749;4.5023391228196115;4.082037012633474;3.669479769606838;3.41011163690456;3.3301336230164478;3.484353300412954;3.899045334384088;4.530428327120133;5.177100887916679;5.883993510849801;6.909539563643266;8.419284754408794;9.378312405780058;9.257021476955522;7.8089839392781855;6.121732438166666;4.69936297878874;3.698944793716367;2.9172838795910225;2.100353162953759;1.1109533457502268
2.6598158704266255;5.592616588150649;8.518887537783211;10.567191424717096;10.798414034302565;9.253665105570954;7.116372890047791;5.592890168919785;5.113867792466049;5.30448407807056;5.589954866890016;6.133264977144332;6.795148115631797;7.119833962495741;6.995800591772625;6.4770560116779725;5.800393094047651;5.185822596677236;4.641157925193664;4.367723730273492;4.268109373202432;4.433037032498128;4.782166924582209;5.120024995128049;5.120891289937592;4.698347724064845;3.9519614948602118;3.2684302963630247;2.8060015847865745;2.579724464143874;2.506147050594577;2.5445492979631634;2.7064628662632515;3.08270769990945;3.747725685650087;4.721686206284138;5.816110832855983;6.804455452635131;7.59341957251864;8.59279461467477;9.996599423938125;11.17903324071128;9.98546702885769;7.900733956998152;5.67519196416678;3.9948517283277143;2.9588177791952073;2.3145619048019546;1.6928988935105476;0.9076489416807005
3.5342647881467673;7.755293747381331;12.767448070203933;16.596614413168965;16.651264657974092;13.184971515937406;8.558128436678457;5.571643658175185;4.510993002037755;4.5205430160362114;4.964015853370466;5.496835300671622;5.946765099460097;6.150195284405337;5.99313534295342;5.619607668008491;5.2535841003975134;4.88700025752141;4.697155975470249;4.715790776400379;4.939845444315857;5.250481284151501;5.573141889692699;5.837218726113588;5.665931508315615;4.847467647585893;3.750367353364415;2.765903432725334;2.1462307463257195;1.8899783442484255;1.9062217420647392;2.1230330908389576;2.5450114694846127;3.2177674143993102;4.203013670514048;5.455008090034507;6.831613574973198;8.009997823334599;8.698397954283692;9.159379746011782;9.792610640588821;9.949954040416879;9.113175709004649;7.200450473171607;5.1985194737898475;3.6949965971042156;2.8591996763658183;2.336293951170268;1.757841033734369;0.9512406817169519
3.8703761011846174;8.615603955797539;14.365775941029185;19.324480540327407;19.97929907836262;14.808998163521993;9.190808787817133;5.533897403024889;4.035422061928395;3.9454107818229724;4.498905840486119;5.27045913110868;5.9255035604573605;6.061985378600622;5.676817209061282;5.049572042743773;4.573215907056179;4.377470367857345;4.443648035955221;4.926858149271188;5.708709797581143;6.264251918688323;6.452383114615386;6.22471540139462;5.764927831980747;4.804199638370636;3.5438823923339515;2.4983185381861777;1.8752623207218153;1.6711246800026889;1.8042488748537922;2.216620805542011;2.865018583138694;3.7068847641717486;4.703168083100731;5.859407100197329;7.055885063124919;8.08256676561801;8.625487006172385;8.343854792021563;8.013307880837056;7.685253782080715;7.006320894466571;5.835271875711117;4.488880506416906;3.5053741710665576;2.9941746342345237;2.6621907044827777;2.090124849854139;1.1468867272465384
3.4904923792797287;7.622044670073037;12.31724484716393;15.713892904957278;15.646188421475408;12.472152778156737;8.001958396632395;4.87512428759839;3.5333452564922956;3.5032488056881115;4.257346239937703;5.298816746374651;6.142068633880197;6.300662982149009;5.565636824944044;4.661504929318682;4.045217453128849;3.8310155766729386;4.08151558769851;4.849174221052919;6.035399931440867;7.048116417484646;6.8492576612642795;6.258612789703282;5.418716237503361;4.377442664369721;3.209255021475465;2.2820664908048762;1.7924891878318525;1.7345205869394986;2.0521444477915356;2.666914870322401;3.492156622406334;4.341731336456872;5.103201140176205;5.7930621568145355;6.520873743307893;7.137683515068945;7.1627535923318995;6.755036560879713;6.1178524937860335;5.675445019360301;5.231990828511588;4.606352965484602;3.920067294576463;3.459149932584548;3.297800708956829;3.1529427982206513;2.575445115225731;1.4506589896785838
2.695615645201389;5.606327374891432;8.39284702739963;9.993388922026844;9.841672868100334;8.045872074788534;5.705516668586154;3.838733184845501;3.0255648503047734;3.2124496966435054;4.119822881308322;5.293534655506417;6.0710893841707145;6.051953149229089;5.291545153605693;4.374541029151285;3.741721208883812;3.5292464186886394;3.749350429138475;4.530351990312426;5.786474169574076;6.771486349341031;6.9103549190567675;6.163755735274406;5.114926850973674;3.932659628307072;2.9015281636494357;2.1734264275989927;1.8668955019452058;1.976602852828718;2.457514933256111;3.258535290194437;4.14811997955507;4.89692789538295;5.282225114141483;5.536246475257221;5.72414777970999;5.7510263923362315;5.540767991552592;5.132263195463121;4.8100356439056595;4.612347770432395;4.4632787610135;4.158899164792941;3.8146116400543058;3.662177053796718;3.780255868728442;3.7821998442704854;3.2211562865845402;1.8408950646283961
1.9249571579709783;3.7224945054701;5.117007204859606;5.794160143330433;5.577350040127286;4.747089052344043;3.7128359905388666;2.934337533624826;2.683720976387432;3.0564650840151835;3.9383138953011034;4.949551084134195;5.524582519132014;5.334367354371537;4.706111351674666;4.02032787580918;3.615525287146932;3.4548237327622444;3.623272959206514;4.188444778099358;5.176168377371109;6.2965663448759095;6.700841157460383;6.1960889750984;4.952276783659761;3.746400701371355;2.8039056419232793;2.228280753096136;2.0533009470975347;2.261915356638868;2.834195513500965;3.7135223966600184;4.706980468712535;5.326718477123282;5.532106026171346;5.418717949780811;5.1470030128164765;4.740873564442831;4.364656113537003;4.130898397793312;4.130094813909145;4.383497080450392;4.50646199657665;4.376397488674258;4.061277132285763;4.020268295307202;4.289191695641192;4.48045490125567;3.863284439175765;2.270939138207274
1.4250246217418325;2.560106295997986;3.2618544594858796;3.4983746121856183;3.388396270311349;3.0708750783062375;2.7754507329505294;2.6456083757021425;2.7677214649354545;3.142337364949686;3.74579790820797;4.342960671016964;4.599346513952497;4.408482856082454;3.95118292094097;3.573998796928444;3.4166582830039767;3.5044400140553393;3.6254726091321605;3.9290398395932047;4.570958965824283;5.593534915337423;6.420149878851798;5.860362328959022;4.804127963288157;3.71141308553634;2.894274204568548;2.420271330959288;2.273309436049859;2.4824546261531895;3.0646216501957704;4.025663361205886;5.113695798837889;5.940096254326024;6.183236489345009;5.828462174647554;5.130641110639909;4.390510483620188;3.8703236059055013;3.6781998437298458;3.842186238127431;4.281358739124048;4.703136401805792;4.50915682602183;4.259355182901221;4.26319635392715;4.529871890547837;4.723238857774273;4.228240416265278;2.4124882311095956
1.1818113200337033;2.025695966135247;2.4289781833600887;2.529316007700295;2.530754146783684;2.63331949288197;2.902831206168814;3.3134672722308;3.649491832512675;3.804097984010712;3.7908983698901006;3.787712250009928;3.7183797056027257;3.507605429622793;3.27599299824321;3.115470012365536;3.140214705089574;3.3183333470562277;3.553418014849984;3.5567396618919696;3.9153968188573156;4.681245873571903;5.240096873503502;5.189602045462662;4.389758032108064;3.6227517642347737;3.0403711396046966;2.632979942675516;2.4641369128069672;2.6253955091857066;3.2210704258138474;4.246776755405;5.5760906757240285;6.830960743345102;7.320052544903317;6.948436251715612;5.880719148666856;4.822161905272762;4.021386430682361;3.620109318274874;3.660606615270203;3.9988488744512147;4.222051485648812;4.224885486456918;4.098514650761606;4.131423665950643;4.314918225946951;4.360673856702623;3.7506572321419815;2.239463751441344
1.0530918144872674;1.777662202448164;2.10779628361092;2.2162952800366096;2.3868573109335074;2.892880584697368;3.9512624626984607;5.1238810666711325;5.7621847381739;5.326236179756133;4.346481796359999;3.4456534855553036;3.0364429722971114;2.8949381711315483;2.819809262664119;2.788224380998678;2.815377516270851;2.946303088599327;3.015643087617277;3.0840189096237776;3.2739124198530116;3.7087354122123624;4.150513218108428;4.237223508944679;3.9693523053946596;3.537797484554158;3.1621709088209444;2.8102419019412914;2.6227988943666176;2.766548008393996;3.357784355160068;4.4611025426951;5.986957862968505;7.577485986137708;8.6610964336336;8.340548052782983;7.369782047351006;6.039972356103122;4.7501615338404495;3.9126838054388053;3.6065292699331857;3.5872674222082765;3.6170464007141763;3.6070061097145905;3.618298441180856;3.6855097843299673;3.750006738299144;3.6235595299275962;3.0089913247743336;1.723027860749108
0.9340856553989128;1.6105438177214924;1.9779015887115665;2.1861040863111607;2.536035018190921;3.4297532298504305;5.2207422292487005;7.7192241406324005;8.621788057751619;7.493291449235934;5.001725177016293;3.3742968222255696;2.6763966101833314;2.5502197711532424;2.6021948609166152;2.5892793016994613;2.5580331603337534;2.5355896645012184;2.566951829982688;2.6624608630622815;2.8960500648829868;3.2868014370709457;3.73935907154301;4.082799520747257;4.132172834485892;3.9239011879185983;3.5235411125337923;3.128253302358825;2.876696692048534;2.959695938192633;3.51888847149498;4.60550233589728;6.197783775155775;8.028756874701005;9.333664318634298;9.813475479747241;9.232854300435665;7.635492058961457;5.839144746337684;4.532392946126936;3.807073496450654;3.426609861539148;3.1983762382824463;3.09512967398759;3.1078624020876;3.1748598091826397;3.1842280359012753;2.943891261515738;2.334057726475306;1.2979099971041836
0.8604083208994987;1.5226344515856105;1.9490655358028197;2.2671714673020236;2.7482979297164554;3.825670790863065;5.971858202256642;8.773342944051832;10.768965930855924;8.235377436203153;5.3910436306024945;3.3728751242957338;2.530015569004264;2.384807219727373;2.450058936857227;2.472355916334399;2.3727555526150788;2.3245033699968887;2.3855748577231504;2.5764671289641945;2.9934699807515823;3.717142262541683;4.71528190168234;5.702410675381939;6.318043143922016;5.936177404811027;5.09441202037798;4.122670048903065;3.4225006304883254;3.2659336129086523;3.683868914983895;4.654758148542036;6.20696462205716;8.167990062040491;10.045225846748833;11.032487626204398;10.657173116755626;9.020405837809658;6.987617571932018;5.4047505503902435;4.358732098392542;3.6436098910729378;3.128383320607719;2.837068929503665;2.80451198617369;2.8978594494181475;2.894389829036576;2.653588117701485;2.047208637081631;1.1103063455414957
0.8860395117799487;1.569390479775708;2.021146877214244;2.370554078551653;2.8827715148239363;3.9175879282109385;5.738638913612544;8.058826490792889;8.80653007938099;7.656633686305261;5.163832954491484;3.3778900796871256;2.502875376876;2.271413165052892;2.296552307669082;2.280350355267416;2.240170420922837;2.257199603286922;2.4086126868532287;2.7425527293777923;3.4922557339692517;5.236575246718576;8.044479201594868;11.27577159040092;13.11097199557196;12.512709763736583;9.769585556692421;6.656397639475281;4.521695177681531;3.6825684581111626;3.8074758922336707;4.559617097021718;5.887908611779138;7.87986619484826;10.14484167518341;11.5065071729141;11.168612313470195;9.636083634380586;7.870251206775138;6.321957971340229;5.160403906828148;4.191165084288975;3.323799886223161;2.845937521137191;2.7888684112831696;3.0100751662947105;3.20560256396404;3.0266535481011223;2.3488037686123704;1.2569646992424048
0.9844097165539868;1.6972639158439498;2.137872674487797;2.4447173753846045;2.92417060652094;3.7982758780829204;5.133298749428896;6.379295580556875;6.924217110052457;6.269853406317211;4.905135128314879;3.510958555923125;2.6210547679809393;2.2165011199535143;2.0940378068780925;2.0816165854927906;2.118809422265007;2.2336070421479497;2.457873799623152;2.9156699563085766;4.165159174458162;7.5229348548658965;14.892196198051373;23.834693940115727;30.011242440457565;27.843982899603425;19.795693998575008;11.116394337360365;6.045138627271647;4.182087917711369;3.8570236139645226;4.242829693373299;5.199616188688506;6.800255717135939;8.743575413328918;10.161236063014782;10.097606598664843;9.30170928828855;7.932957469771017;6.77000526889478;5.8663086486251395;4.66319394187123;3.6230638184906785;3.0066466894900894;3.100725094623466;3.7288298725718225;4.347521184901909;4.375391187399151;3.4754918332348446;1.8928273561893734
0.9954015203282258;1.7597819748109438;2.1597417777753334;2.4939299119175193;2.983176092269559;3.7757055946230555;4.774910730845438;5.726733934999845;6.185080979200513;5.996044173785558;5.1633909594223795;4.022110295602414;2.980142428795212;2.303867318479134;1.995064063181103;1.9528518519359117;2.0530284277011632;2.230740824156981;2.4793871492201425;3.032737656820077;4.720565002094741;9.774888667398335;21.9820134676367;44.238027214341;56.44093957919043;52.58348965883015;32.25220089320494;15.362639297882552;7.480849813657735;4.566122599934142;3.820678029832657;3.8333466309102753;4.280213513447352;5.204980675097572;6.441421605374463;7.425151210090591;7.909177947079631;7.71220462983447;7.147768338226383;6.478506826787006;5.751546630172628;4.82470990904518;3.7368335802939305;3.2353492044643506;3.69182075177352;5.067124442300332;6.526781602017315;6.948043042174135;5.714214636542987;3.167844312263684
0.9036067278158871;1.5845367349944295;2.0769776114340313;2.526746304100959;3.1099516980129738;3.9955839290733346;5.176770212485152;6.296048762508053;7.017936407903175;7.044993142550733;6.287561406281429;4.964280155393142;3.5954674605594916;2.5957017894741363;2.0755326083125385;1.9465157444630494;2.0778177242321307;2.286283449383797;2.5646289251130208;3.1476159358128393;4.991818037701941;10.662776362964797;25.25660396307211;51.27858346796234;81.7107760324421;62.18626913855351;35.51434655101427;17.121504479445594;7.98359714171013;4.636083997911186;3.656174336504078;3.4448008409892004;3.5071452083236734;3.831164823397185;4.3873693499611885;5.051056563583202;5.5826585483925735;5.884600992521649;5.919021621361104;5.717385392023813;5.239412522775357;4.454518640786393;3.7059048050812144;3.5228176048502124;4.461002875216137;6.687821736178057;9.463402545710428;10.47645182862637;8.855596837493506;4.701445661456412
0.8056827075418438;1.465726364037959;1.9987952366945936;2.538068232659791;3.2783839105363612;4.41737582348783;6.2147052965698775;8.188426202756492;9.459563086587854;9.285930683557734;8.011412749394479;6.02894034907581;4.259329649802067;3.008069918337606;2.284298430330722;2.050495923290747;2.1560471564281274;2.4419309992834584;2.7789785572740646;3.3519390925095696;4.920429614225929;9.734189333252962;21.45538380235839;41.770669870952474;53.369574256341224;48.45747216744865;29.665481952428607;14.882276296280484;7.349819546969598;4.3857876113373;3.5053881732600276;3.2212758028796133;3.0819671149825028;3.0358233567450315;3.245436244770742;3.6404986003644844;4.090825890865217;4.512135261316607;4.877969654719867;4.959619813783316;4.684124397593162;4.189387084695548;3.8481519832231506;4.094262928498921;5.402459090970894;8.081774534802122;11.536477949764514;13.571791418802999;10.747299358356958;5.768463555587835
0.8605734336286094;1.5681353141075858;2.14026534550616;2.6980975200618755;3.462365211959405;4.846233542932167;7.357907224104014;10.895712797205919;12.729016443264562;12.158790169114006;9.300416455097404;6.676187500191892;4.689542418288135;3.298280904153202;2.4984920380740903;2.1828823679816813;2.2735957070348185;2.646349246251093;3.1058547134288017;3.598074251793506;4.627876761572185;7.516169425794182;14.09852757778436;22.42184422003215;27.756868360754208;25.72453437342548;18.495356820509556;10.708212315330481;6.016187018665879;4.063334614314704;3.4564354317633175;3.2343859933857053;2.934773480950654;2.772333674175442;2.8604114832299583;3.106281277739009;3.393530923231228;3.724395365710089;4.129803475910994;4.518130023991539;4.623083888187004;4.660111812296907;4.859032948002907;5.453157353371867;6.744225012933414;9.001659973857873;11.74653324283939;12.810743252354456;10.392316628387167;5.498008243328918
1.0515599864858347;1.8963261801542277;2.5304913257285;3.093930875793488;3.7741137653591776;5.113984686591454;7.820857853139978;11.657496993515176;15.04225403756121;12.78552292478401;9.54160631739282;6.59537848412562;4.599208088538012;3.347049967700218;2.5914018054561176;2.2722862582841925;2.3654062993227356;2.80177707779568;3.3644986049898855;3.763777671082929;4.16146265219968;5.335447066888689;7.6665011461720525;10.567927304607942;12.415394423335075;12.031124666018295;9.671495330444822;6.84055666125179;4.830384787607858;3.957845150983369;3.6663691415286532;3.4274941364739693;3.1026956575260805;2.874277363105392;2.871793432152311;3.006809986548668;3.082003162989917;3.279390275362708;3.7717109206632347;4.594705456957816;5.662734437524555;6.740912495755417;7.64775731957783;8.35839629179974;8.993203532859766;9.788635668727885;10.524578265699205;10.144220966695084;8.126374250373372;4.328352256399613
1.2614637122419616;2.2444886225583778;3.0281251000780567;3.5890601842721246;4.125170941138182;5.070743531564253;7.068539007660568;10.095537062566864;11.606698761582905;11.071527436373167;8.253429832202212;5.832223711880035;4.188483735762624;3.1694142500373834;2.5801220141507746;2.3189868124521937;2.4235919246255913;2.8693946455756323;3.400948014937202;3.7191825586519407;3.7843760534916226;3.9113670836974155;4.4233735383677955;5.2138971686584545;5.8553246646138355;5.942018256717957;5.425615347085413;4.724984128234718;4.2610747966852776;4.149391115619086;4.1722030326189605;3.953417056628735;3.6550296090627064;3.3615881274636377;3.138884234786606;2.9618804409764605;2.885762340452049;3.0458305844054623;3.8124969317985764;5.573587941001968;8.382537111268054;11.398815836163344;13.364878741086448;13.594085422328183;12.569227237237811;11.032280975392766;9.312438840801974;7.666011343158837;5.5598741991824365;2.9585593659631324
1.3218384777450358;2.459789047273272;3.3552031154245694;3.985830180443225;4.298608813606231;4.801329456363442;5.8262376896513715;7.046868033778333;7.854543629756842;7.470997896904676;6.292949971879025;4.794817600793121;3.716131441366693;3.0290729172747186;2.6149761561568576;2.448275194005384;2.546835906456224;2.9051788016161977;3.3896302759294383;3.6294461840794616;3.5211910344536483;3.2852305958261834;3.177768312477547;3.3087738134407845;3.565697688521141;3.778289953325364;3.890891212959931;3.980076919569925;4.199281951689845;4.4997812151824235;4.705329474375004;4.781441326863285;4.6475851045202745;4.282925777874213;3.6691841661963767;3.067615893933095;2.734311706912243;2.9564376062130235;4.199713514288885;7.238806108572122;12.488453469437383;18.590288771979033;22.11702451877158;21.27131241819224;17.253590120119277;12.628626942298883;8.898386316232546;6.043626995874854;3.9124695602727764;1.949766030742024
1.2952776380447981;2.4677096107865064;3.4525775224159254;4.118470703274098;4.506768065131879;4.749732591023416;5.010266650242061;5.262282758093186;5.300739572298483;5.050594582053067;4.520398251265106;3.960181346571917;3.4681829561744015;3.1111964527068805;2.876487734440331;2.7760252679241355;2.839233779350718;3.0718937726319138;3.3763804108719513;3.547324030041564;3.3977498791822756;3.0693867766713647;2.8132013176041264;2.7393462034346907;2.8551687413957807;3.0746518825873044;3.352680337350289;3.718117286983174;4.162657185136013;4.61166153956654;5.026003258234264;5.5072919483028535;5.743709267157596;5.36171012372075;4.348108013980694;3.274466349554052;2.721868144659264;2.9791633705814804;4.636888550621116;8.709552073560157;16.036434877289818;25.19124503673213;30.568720583187;28.28154517231798;21.318913024908216;14.343218292857673;8.830549646514921;5.411646205153295;3.167061722505615;1.4979513776952356
1.1969110443884043;2.3536118859084225;3.4046462207797563;4.30316928291366;4.963433139054473;5.258928155614718;5.255782236283876;4.960504321539708;4.489744475333676;4.015509448021948;3.6915973229556953;3.5271848378711024;3.474501879410542;3.4002423061579634;3.306743413595444;3.2382328186573166;3.2680829730231364;3.398614742873511;3.522720553146055;3.548031667462003;3.375997244120837;3.0378019757026435;2.7182590849991484;2.5537986963304613;2.5620576556877466;2.700964981200537;2.9936848606317716;3.4149872198253917;3.8154644263382234;4.25433986696048;4.824408298927236;5.539805002951479;6.2128933358099605;5.914009314708593;4.715257286342394;3.528027402252615;2.855659092747305;3.076321009141571;4.79704799806207;9.033538771495945;16.497821792897266;25.78089642975264;31.499174469849915;29.29161446836164;22.085234579151358;14.189770503834978;9.156549927562907;5.189167783117795;2.995021149020493;1.4117810133497453
1.08953323362811;2.2003734702012854;3.38871920191846;4.601299591230829;5.62088159824594;6.2539083455998155;6.226046445474441;5.538252039007599;4.6471039376633545;3.906188683431618;3.5398075522870154;3.4764274710455885;3.5596948700843813;3.67749972872734;3.6525869547706384;3.632593756320908;3.706138920043232;3.807348557170641;3.853906448204048;3.7552908765503954;3.5068272991733815;3.127259859776184;2.741434335592769;2.471381709580589;2.3628039137640777;2.4157207477890035;2.6346596835593816;2.947302552718218;3.2913707137442403;3.6302365147830584;4.14978650279372;4.91427761666027;5.5113796954085075;5.487833839480501;4.764280055181554;3.8244685597862125;3.1739767122653353;3.249896901585502;4.591756180591757;7.944422866713482;13.602036843754052;19.81684288428286;23.149024945228;21.91478372251822;17.327685727139595;12.115053611449415;7.86379726680098;5.022809253481694;3.050799279661254;1.462708168418504
1.0285967454639153;2.1370691055887145;3.4181263164347273;4.847859898031369;6.244555850001026;7.061695038874715;6.972469267873075;6.051548152951249;4.871990845456573;4.07157227927078;3.6796519657906503;3.552003955370554;3.5956638339071043;3.7138842392341633;3.841612203468375;3.9605270038747626;4.141282740697051;4.284087965382864;4.262479809913438;4.116299793803339;3.811287200622047;3.388113630376014;2.9158098170414046;2.54884343436337;2.3261109502750212;2.2872408258768453;2.3881015924882116;2.586624454953984;2.799234554716662;3.0743432376936886;3.48035706832061;4.055431832285195;4.62686679572108;4.89300975562688;4.7553581082943355;4.261672594458485;3.738389278527047;3.5515741233690026;4.234389622235873;6.198413029694618;9.281981807189943;12.323168021850279;13.886558989050261;13.392360921768976;11.375041479181064;8.878762633674768;6.602035401754328;4.743755527155306;3.099162787903656;1.5454331899458214
1.0481584445003016;2.172373921144467;3.455584513693024;4.878652109724165;6.208427577164839;7.023697011455735;6.685779369269776;5.713541517428386;4.751793056243522;4.1126866239470266;3.8027689080837757;3.6236090258847606;3.580756663126695;3.752881846083396;4.102235522341341;4.52263206595099;4.842568146574094;4.931398536014158;4.772645744633212;4.508655204144513;4.227813420764788;3.7948612643077317;3.3205608224249765;2.8733431048539777;2.573142168859696;2.420284270269631;2.3931280575309968;2.4325059791335018;2.566546932439854;2.772851002478198;3.093345837646798;3.5610751579970605;4.124723769291518;4.670450285250975;4.974282348284199;4.944669505585993;4.473288160282556;4.013855706145268;4.016827180559254;4.710490585968337;5.912299582712917;7.100749499034041;7.7775029827916775;7.782560170029652;7.281416084072829;6.44383718448366;5.4825898912629745;4.383377462000832;3.1102961270316722;1.5880749666544751
1.1132624350665876;2.250972120961706;3.419809158951041;4.555697650564035;5.489352036456842;5.864027338718184;5.530349751453838;4.806922877190543;4.2134124107326345;3.938307519676901;3.7834190553043516;3.647822732473071;3.647077308690226;3.985435552954935;4.773619730568303;5.665467389538901;6.240490265465935;6.099398884028259;5.564851654102226;5.012490313225961;4.639771363135265;4.339723841383248;3.9232141835690126;3.505241921320257;3.1485026757124484;2.8625919411355176;2.642661313148154;2.542275463701147;2.578683391774245;2.736271217955204;3.0176536878824742;3.4420340858273977;4.066957774613511;4.7916668498849795;5.4456705009161235;5.666807637692631;5.265894980665949;4.561931698797893;4.036582050847351;3.9089133560123326;4.110234032521021;4.441031863483295;4.783371990976948;5.104551822761272;5.300788824712106;5.1833864089322494;4.763827078872526;4.078832810153204;2.97590544234487;1.5741044966383677
1.1576660085518513;2.2662891106658725;3.2566932133544215;4.005177016638931;4.44718707501532;4.48909488991954;4.1915878293734945;3.7934785228940013;3.564777520353446;3.5402938446292564;3.585840147076474;3.5966580700025856;3.752592379934275;4.341744566964493;5.5771435037067665;7.295999472407055;8.071235562116822;7.751003271632527;6.533962102984921;5.6446648939101065;5.155709781520713;4.877997570585613;4.616582710386766;4.325551641931469;3.9649002685073937;3.566559224476463;3.148128945630191;2.846951972344562;2.7430110120245437;2.829296267852766;3.0666911931804233;3.522670365362595;4.240574133745853;5.157863631957525;5.973437180654945;6.290248340646562;5.8525962897857955;5.015289471604584;4.193076581219117;3.657788126908279;3.395832997921568;3.3839973143569977;3.607313055745162;4.006648866698616;4.391491104462831;4.491093056581616;4.271700771665543;3.680909222035866;2.740957841099958;1.447924524119297
1.1079586910791177;2.1204870875859174;2.9261833254781098;3.404668516815996;3.5400420191937565;3.41597955357215;3.154588681140141;2.965809345077764;2.9436023463538783;3.0429537307598555;3.1770288634921084;3.3714169437611723;3.69310289435522;4.466333719397915;5.97474561031123;7.909538999402395;9.376213387189027;8.457472228981947;7.209229354931632;6.130351902960338;5.570614568083237;5.238515063843568;5.1127857199960935;4.940028567557549;4.740071645555571;4.308449758791116;3.7436569279139693;3.2179352856065675;2.887029297282651;2.8625018281533112;3.1073722323314015;3.6209458719278445;4.417037272616571;5.439203009855415;6.268509838811258;6.437861139513251;5.97807116283287;5.109823846721001;4.295503090775068;3.64224746093227;3.198544971457084;3.031876555080645;3.153432231974269;3.4623162203276046;3.7520043762138218;3.828312332481375;3.6393163665967037;3.1637659139567504;2.330885748605316;1.2315798196017789
0.9276901026235406;1.75962628767983;2.3866334640225317;2.7367256648833242;2.754684722049438;2.5868342809602476;2.397010196391286;2.2944316200103687;2.3319874981984725;2.4378746116417545;2.594355705235614;2.8298685874603002;3.279953230285401;4.099068134237079;5.448984655328481;7.0838646332003545;7.912742529483422;7.75214818320182;6.744888431003706;5.903370326567609;5.267307619647031;5.094097928915306;4.8968988673208855;4.939386932979861;4.911218830991729;4.632158824056883;4.068019847335506;3.2975075377986185;2.8002315117991725;2.698889697503592;2.968504800330689;3.5229889858599046;4.347457267262887;5.2102711097396215;5.815322199171558;5.735353574461258;5.233315211988239;4.6602620037323605;4.07172093427228;3.5069635663365584;3.0221049623132386;2.7680776991529434;2.8119649317170143;2.976877891749104;3.0823771196933065;3.0472164775476687;2.838145424030984;2.445446035886759;1.8202919886146631;0.9679569446707746
0.6479605248214098;1.214552861196721;1.6503782482351566;1.881190571136839;1.9140020352892384;1.7978767250310235;1.6759920427707207;1.6229181821513388;1.64078059600414;1.7146259043214611;1.815420187036939;2.0333728246338914;2.4494636057462302;3.1391177884606902;4.064930002464031;4.926247217002521;5.468706057803952;5.468461991191464;5.034427425071751;4.464414552126066;4.05867870766207;3.798460225255519;3.8053919028000776;3.968383720582163;4.129919487218568;4.057699203507453;3.499766826071965;2.7926291263464615;2.274471739449085;2.1644733509789815;2.417985258298157;2.9705133002289505;3.621922289221566;4.195487797199686;4.315740679017298;4.153299788417186;3.7998870327079945;3.491792970628099;3.2376735008565904;2.893686459843227;2.4474290526275038;2.2153543681499417;2.228453370497746;2.3109585502526877;2.2780556346826577;2.1191070143540784;1.9114534293123284;1.638537651073426;1.2552403077447871;0.6897434416110909
0.3188383635303134;0.5987863706812167;0.8074656502115616;0.9282708416600023;0.9524600993966043;0.9152443891120509;0.8606364154823818;0.8350251641387685;0.8371924207960469;0.8585509828073776;0.913958928369657;1.0356159343989029;1.2789129708436204;1.658689793420768;2.089415188631639;2.433834596478567;2.652959058704924;2.683922962869115;2.536770121058975;2.3029265111559782;2.0863100266889294;1.976742697531767;1.9922178584892498;2.1342477489601315;2.3173689992677002;2.325023436721538;2.006456152739413;1.558314447233917;1.257967190978657;1.1890217673384824;1.3544796050960737;1.6896382792963103;2.0751404686588835;2.2388284003810286;2.2380622077104237;2.076676066893255;1.9187234200961498;1.8233112231781963;1.7578269163526523;1.5786957830125352;1.3623214539500015;1.2209080325452433;1.2356958827763913;1.2804923575952811;1.204704146883688;1.069771304056317;0.9336465895858389;0.8009834462575668;0.6327792124172925;0.3846480360418358
