1.2;1.25;0.75;1.1;1.25;1.25;1.25;1.25;0.77;0.75;0.75;0.75;0.75;0.75;0.75;0.66;0.33;0.75;0.75;0.75;0.75;0.75;0.36;0.96;1.5;1.5;1.5;1.5;1.5;1.5;1.5;1.5;1.5;1.38;1.44;1.5;1.5;1.5;1.82;2.5;2.5;2.5;2.5;2.5;2.5;2.5;2.5;2.5;2.5;2.41;5.06;5.75;5.75;5.75;4.83;0;1.15;5.75;5.75;5.19;2.25;2.25;2.25;2.25;2.25;2.25;2.25;2.25;2.25;2.07;2.25;2.25;1.98;0.97;0.26;1.17;0;1.17;0.07;0;0;0;2.97;1.98;3.63;4.62;6.27;4;2;2;2;2;2;2;1.68;1.28;0.24;0;0;0
0.65;1.25;1.25;0.6;1.25;1.25;1.25;1.25;0.87;0.75;0.75;0.75;0.75;0.75;0.75;0.75;0.24;0.72;0.75;0.75;0.75;0.75;0.57;0.48;1.26;1.5;1.5;1.5;1.5;1.5;1.5;1.5;1.5;1.08;0.9;1.32;1.5;1.5;1.62;2.5;2.5;2.5;2.5;2.5;2.5;2.5;2.66;4.42;2.5;2.2;4.45;5.75;5.75;5.75;5.52;1.15;2.99;5.75;5.75;5.75;3.65;2.25;2.25;2.25;2.25;2.25;2.25;2.25;2.25;2.25;2.25;2.25;2.29;1.52;2.6;1.69;0.39;1.56;0.08;0;0;0;0.66;4.62;7.59;7.26;3.38;2.17;2;2;2;2;2;2;2;2;1.68;0.16;0;0
0.75;1.25;1.25;1.2;0.95;0.75;1.15;1.25;1.03;0.75;0.75;0.75;0.75;0.75;0.75;0.75;0.57;0.3;0.75;0.75;0.75;0.75;0.75;0.3;0.54;1.5;1.5;1.5;1.52;1.64;1.58;1.6;1.56;1.52;1.6;1;0.88;0.72;1.26;2.5;2.5;2.5;4.18;11.74;6.44;4.42;3.3;5.54;2.5;2.5;2.5;4.06;5.75;5.75;3.45;2.76;5.75;5.75;5.75;5.75;5.61;2.67;2.25;2.25;2.25;2.25;2.25;2.25;2.25;2.25;2.25;2.25;2.93;3.12;3.25;0.91;0.26;0.26;0.04;0.03;0;0;0.33;5.61;8.25;8.25;5;2;2;2;2;1.92;1.92;2;2;2;1.6;1.44;0.56;0
0.45;1.25;1.25;1.25;0.9;0.95;1.15;1.25;1.21;0.77;0.75;0.75;0.75;0.75;0.75;0.75;0.75;0.63;0.75;0.75;0.75;0.75;0.75;0.69;0.42;1.59;1.8;1.88;1.96;2;2;2;2;2;2;2;2;2.12;2.48;2.3;1.5;1.6;2.88;10.12;5.42;5.7;5.22;5.22;3.3;2.5;2.5;2.5;3.8;5.62;2.07;2.3;5.75;5.75;5.75;5.75;5.75;4.91;2.25;2.25;2.25;2.25;2.25;2.25;2.25;2.25;2.29;2.93;3.25;3.25;3.25;1.95;0;0;0.03;0.15;0.25;0.09;0;0.04;3.77;6.33;5;2;2;2;2;1.92;0.8;1.2;2;2;2;2;2;0.48
0.65;1.05;1.25;1.25;0.9;1.25;1.25;1.25;1.25;0.97;0.75;0.75;0.75;0.75;0.75;0.75;0.75;0.75;0.75;0.75;0.75;0.75;0.75;0.75;0.75;1.95;2;2;2;2;2;2;2;2;2;2;2;2;2.2;1.6;0.8;0.6;1.1;1.4;1.5;2.5;2.5;2.5;2.5;2.5;2.5;2.5;1.7;0.63;0.69;3.91;5.75;5.75;5.75;5.75;5.75;5.75;3.09;2.25;2.25;2.25;2.25;2.25;2.25;2.45;3.05;3.25;3.25;3.25;3.25;2.6;0;0;0.06;0.14;0.2;0.25;0.16;0.06;0.23;2.49;3.43;2;2;2;2;2;1.68;0.72;2;2;2;2;2;1.36
0.65;0.4;1.25;1.25;1.25;1.25;1.25;1.25;1.25;1.17;0.75;0.75;0.75;0.75;0.75;0.75;0.75;0.75;0.75;0.75;0.75;0.75;0.75;0.75;1.1;2;2;2;2;2;2;2;2;2;2;2;2;2;2.08;2.5;2.5;1.4;0.6;0.9;0.8;1.3;2.4;2.5;2.5;2.5;2.5;2.3;0.5;0;0.43;4.71;5.75;5.75;5.75;5.75;5.29;5.75;4.49;2.25;2.25;2.25;2.73;3.33;2.61;3.25;3.25;3.25;3.25;3.25;3.25;3.12;1.56;0.65;0;0;0.15;0.25;0.23;0.03;0.04;0.22;1.22;2;2;2;2;2;0.32;1.12;2;2;2;2;2;1.6
0.85;0.15;0.8;1.1;1.25;1.25;1.25;1.25;1.25;1.25;0.89;0.75;0.75;0.75;0.75;0.75;0.75;0.75;0.75;0.75;0.75;0.75;0.75;0.75;1.55;2;2;2;2;2;2;2;2;2;2;1.36;0.4;0.8;1.68;2.34;2.2;1.3;1.8;1.1;2.5;2.56;3.64;2.94;2.5;2.5;2.5;2.5;1.5;0;0.3;2.5;3.41;4.97;5.52;4.37;2.07;5.29;5.73;3.55;1.95;4.47;5.25;5.25;4.21;3.25;3.25;3.25;3.25;3.25;3.25;3.25;35.85;61.28;0.91;0.39;0.01;0.06;0.02;0;0;0.01;0.32;1.2;2;2;2;2;1.94;1.52;0.98;0.56;0.86;1.16;1.46;1.3
0.4;0.3;0.35;0.75;1.25;1.25;1.25;1.25;1.25;1.25;1.05;0.75;0.75;0.75;0.75;0.75;0.75;0.75;0.75;0.75;0.75;0.75;0.72;0.95;2;2;2;2;2;2;2;2;2;2;2;1.92;1.36;2;2;2.02;2.44;2.5;2.5;2.4;4.9;5.86;6.5;4.74;2.5;2.5;2.5;2.5;1;0;0.9;2.5;2.5;3.78;5.25;1.65;5.06;5.61;4.91;2.37;0.93;3.45;5.25;5.25;4.93;3.81;3.25;3.25;3.25;3.25;3.25;3.25;101.46;181.25;3.12;2.21;0;0;0;0;0;0.26;1.37;0.72;0;1.16;1.22;0.8;0.5;0.5;0.5;0.5;0.5;0.5;0.5;0.5
0.95;0.2;0;0.15;1.15;1.25;1.25;1.25;1.25;1.25;1.07;0.75;0.75;0.75;0.75;0.75;0.75;0.75;0.75;0.75;0.66;0.63;0.3;1.32;2;2;2;2;2;2;2;2;2;2;2;2;2;2;2;2;2.3;2.5;2.5;2.5;2.5;2.5;2.5;5.22;2.5;2.5;2.5;2.5;0.5;0;1.6;2.5;2.5;3.14;4.74;3.3;3.78;5.33;4.35;3.27;3.63;5.25;5.25;5.25;5.25;5.25;3.81;3.25;3.25;3.25;3.25;3.25;21.67;95.35;13.06;5.32;0.13;0;0;0.05;0.1;0.02;0;0;0;0;0.2;0.44;0.5;0.5;0.5;0.5;0.5;0.5;0.5;0.5
0.9;0.35;0;0;0.4;1.25;1.25;1.25;1.25;1.25;0.26;0.6;0.75;0.75;0.75;0.75;0.75;0.75;0.75;0.75;0.21;0.18;0.96;2;2;2;2;2;2;2;2;2;2;2;2;2;2;2;2.06;2.36;2.5;2.5;2.5;2.5;2.5;2.82;4.58;5.86;3.78;2.5;2.5;2.3;0.2;0;1.2;2.5;2.5;2.5;5.54;2.19;1.17;5.25;3.63;4.71;3.99;5.25;5.25;5.25;5.25;5.25;5.01;3.33;3.12;2.99;3.25;2.86;3.25;3.25;6.25;4.8;3.96;0.99;0;0.03;0.06;0;0;0;0;0;0;0.04;0.3;0.5;0.5;0.5;0.5;0.5;0.5;0.5
0.8;0.95;0.05;0;0;0.6;1.25;1.25;1.25;1.19;0.88;0.16;0.09;0.72;0.75;0.75;0.75;0.75;0.75;0.69;0.03;0.03;0.32;2;2;2;2;2;2;2;2;2;2;2;2;2;2;2.2;2.48;2.5;2.5;2.5;2.5;2.5;2.82;2.5;2.82;3.46;4.42;2.5;2.5;2;0;0;0;1.89;1.8;1.38;1.44;0.75;1.73;5.25;3.63;0.93;3.81;5.25;5.25;5.25;5.25;5.25;5.25;4.45;2.47;0.13;0.78;0.65;2.6;3.25;4.85;2.35;0.99;6.27;2.75;0.78;0;0;0;0;0;0;0;0;0;0.1;0.38;0.5;0.5;0.5;0.5;0.5
1.2;1.2;0.8;0.3;0;0;0.8;1.25;1.22;1.02;1;1;0.88;0.98;0.86;0.77;0.75;0.75;0.75;0.75;0.06;0.67;1.92;2;2;2;2;2;2;2;2;2;2;2;2;2.06;2.36;2.5;2.5;2.5;2.5;2.5;2.5;2.66;5.38;4.58;4.42;2.98;2.5;2.5;1.87;1.18;0.03;0;0;0.24;0.75;0.75;0.75;0.75;0.72;4.61;5.07;3.09;6.55;5.25;5.25;5.25;5.25;5.25;5.07;2.97;1.43;0.39;1.04;0;0;1.04;3.25;2.86;1.43;1.51;2.9;2.73;0.26;0;0;0;0;0;0;0;0;0;0;0.02;0.4;0.5;0.5;0.5
1.25;1.25;1.25;1.2;0.45;0;0.1;0.99;1.04;1;1;1;1;1;1;0.99;0.89;0.77;0.75;0.75;0.24;1.33;2;2;2;2;2;2;2;2;2;2;2;2;2.2;2.48;2.5;2.5;2.5;2.5;3.55;5.35;2.65;2.5;3.26;5.97;4.89;4.41;2.5;1.8;0.75;0.75;0.45;0;0;0.03;0.72;0.75;0.75;0.75;0.54;2.97;5.25;5.25;9.15;8.89;6.03;5.25;5.25;5.25;2.55;2.08;1.32;1.17;1.56;0;0;0.13;1.69;3.25;3.25;3.25;2.47;0.52;0.75;0.49;0;0;0;0;0;0;0;0;0;0;0.06;0.28;0.48;0.5
1.43;1.25;1.25;1.25;1.25;0.9;0.32;1.06;1;1;1;1;1;1;1;1;1;0.99;0.9;0.79;0.45;1.32;2;1.84;0.56;1.6;2;2;2;2;2;2.02;2.16;2.38;2.5;2.5;2.5;2.5;2.5;2.5;3.55;3.7;2.5;2.5;4.3;4.9;2.95;2.65;1.38;0.75;0.75;0.75;0.75;0.39;0;0;0.12;0.75;0.75;1.29;3.6;2.91;5.07;7.59;9.93;5.77;8.11;5.25;5.07;2.19;2.37;1.93;0.1;0;0.65;0;0;0;0;3.12;3.25;3.25;2.21;0.91;0.05;1;0.7;0;0;0;0;0;0;0;0;0;0;0;0.02;0.26
2.64;2.52;1.38;0.8;1.1;1.15;0.76;1;1;1;1;1;1;1;1;1;1;1;1;1;0.38;0.6;0.64;1.24;1.56;2;2;2;2;2.16;2.27;2.13;2.5;2.5;2.5;2.5;2.5;2.5;2.5;2.5;2.5;2.5;2.5;2.8;4.45;2.5;2.5;2.5;2.43;1.38;0.82;0.75;0.69;0.63;0.12;0;0;0.45;3.09;5.07;5.25;4.53;4.35;5.25;9.67;5.77;2.1;5.25;4.89;3.81;1.65;1.83;0.48;0.02;0;0;0;0;0;0.78;2.86;2.49;0.88;0.05;0.05;0.8;1.25;0.4;0;0;0.3;0.8;0.35;0.17;0.12;0.02;0;0;0;0
0.63;0.81;0.45;0.81;0.22;0.76;1;1;1.05;1.01;1;1;1;1;1;1;1;1;1;1;0.96;0.6;0.58;1.44;1.3;1.78;2.04;2.14;1.84;1.17;0.75;0.75;2.01;2.5;2.5;2.5;2.5;2.5;2.5;2.5;2.5;2.5;2.5;3.1;2.95;2.5;2.5;2.5;2.5;2.5;1.66;0.75;0.12;0.06;0;0;0;0.42;5.25;5.25;5.25;4.71;3.45;10.19;124.26;131.97;2.1;5.25;3.99;2.73;4.89;0.75;0.75;0.29;0;0;0;0;0;0;0.8;1.2;1.25;1;0.2;0;0.75;1.15;0.25;0;0.05;0.3;0.7;1.02;0.53;0.5;0.38;0.14;0.34;0.28
1.08;1.71;1.26;2.07;1.62;0.76;1.4;1.1;1.25;1.09;1;1;1;1;1;1;0.92;1;1;1;1;0.68;1.92;0.4;0.1;1.2;0.6;1.09;0.72;0.75;0.75;0.75;2.01;2.5;2.5;2.5;2.5;2.5;2.5;2.5;2.5;2.5;2.5;2.5;2.5;2.5;2.5;2.5;2.5;2.5;2.16;0.45;0.18;0.03;0.42;0;0;0;3.99;5.25;5.25;5.25;4.53;7.07;122.7;97.56;4.2;5.25;5.25;5.25;5.07;1.23;0.33;0.29;0.17;0;0;0;0;0;0;0.3;1.2;1.1;0.95;0.25;0;0.65;1.25;0.95;0;0;0;0.4;0.37;0.46;0.5;0.5;0.18;0
2.07;1.71;0.27;1.17;2.25;2.03;1.53;1.25;1.25;1.12;1;1;1;1;1;1;0.28;0.76;1;1;1;1.6;1.1;2.3;2.3;1.8;1.4;1.4;1.09;0.86;0.75;0.75;1.45;2.5;2.5;2.5;2.89;2.5;2.5;2.5;2.5;2.5;2.5;2.5;2.5;2.1;1.6;2.5;2.5;2.5;1.8;0.33;0.69;0.54;0.72;0.09;0;0;2.1;5.25;5.25;5.25;5.25;5.25;5.25;0.84;4.41;5.25;5.25;5.25;5.08;2.15;0.4;0.52;0.65;0.2;0;0;0;0;0;0;0.25;0.25;0.15;0.8;0.55;0.2;0.05;0.95;0.95;0.55;0.1;0;0.8;0.82;0.49;0.5;0.12;0
1.98;0.9;0;1.13;1.73;1.37;1.25;1.25;1.25;1.2;1;1;1;1;1;0.52;0.16;0.48;0.76;1;1.42;1.23;0.02;0.36;2.32;2.5;1.8;1.8;1.1;2.22;0.82;0.75;1.45;2.5;2.5;4.45;11.86;8.35;2.5;2.5;2.5;2.5;2.5;2.5;2.5;2;2;2.5;2.5;2.5;1.85;0.72;0.75;0.75;0.75;0.39;0;0;0.42;5.04;5.25;5.25;5.25;5.25;5.25;1.47;4.62;5.25;5.25;3.89;1.51;1;1;0.56;0.12;0.72;0.45;0;0;0;0;0;0;0.2;0.65;0.05;0.65;1.15;0.1;0.55;1.25;1.25;1.25;1.05;0.8;1;0.82;0.29;0.14;0.12
1.8;1.69;1.56;1.41;1.25;1.25;1.25;1.25;1.25;1.25;1.02;1;1;1;1;0.84;0.68;0;0.6;0.68;1.62;0.52;0.47;0.07;0.77;2.41;2.5;2.5;2.1;1.4;1.71;2.01;2.8;2.65;2.5;2.5;4.06;5.62;2.5;2.5;2.5;2.5;2.5;2.5;2.5;1.6;2.4;2.5;2.5;2.5;1.1;0.75;0.75;0.75;0.75;0.51;0.3;0;0;3.36;5.25;5.25;5.25;5.25;5.04;0.42;3.4;2.53;1.51;1;1;1;1;0.12;0;0.04;0.8;0.08;0;0;0;0;0;0;0.1;0;0.2;1;0.85;1.25;1.25;1.25;1.25;1.25;1.25;1.25;1.25;0.85;0.54;0
1.27;1.33;1.25;1.25;1.25;1.25;1.25;1.25;1.25;1.25;1.17;1.09;1.03;1;1;1;0.88;0.4;0.72;0.36;0.14;1.6;2.14;1.69;0.24;0.61;1.87;2.5;2.5;1.37;0.51;0.71;3.81;6.25;3.06;2.01;2.29;2.5;2.29;2.5;2.5;2.5;2.5;2.5;2.5;1.1;2.2;2.5;2.5;1.45;0.75;0.75;0.75;0.75;0.42;0.36;0.63;0.12;0;1.26;5.25;4.41;1.47;1.68;0.21;0.04;0.4;0.72;1;1;1;1;1;0.92;0.76;0.36;0.48;0.32;0;0;0;0;0;0;0;0;0;0.9;1.25;1.25;1.25;1.25;1.25;1.25;1.25;1.25;1.24;0.54;0.63;0.98
2.03;1.25;1.25;1.25;1.25;1.25;1.25;1.25;1.25;1.25;1.25;1.25;1.25;1.23;1.18;1.13;1.07;1.14;1.57;2.62;0.34;0.97;1.69;1.51;0.97;1.78;0.61;2.06;1.03;0.75;0.51;0.09;0.57;1.41;0.75;0.75;0.75;0.75;0.75;1.03;1.45;1.73;2.5;2.5;2.5;2.4;2.43;0.96;1.03;0.75;0.75;0.72;0.6;0.57;0.55;0.5;0.48;2.31;0;0;4.41;3.36;0;0.08;0.24;0.28;0.56;1;1;1;1;1;1;1;0.8;0.04;0;0.6;0.32;0;0;0;0;0;0;0;0.05;1.05;1.25;1.25;1.25;1.2;1.2;1.25;1.25;1.25;1.33;1.47;1.54;1.47
2.25;1.53;1.25;1.25;1.25;1.25;1.25;1.25;1.25;1.25;1.25;1.25;1.25;1.25;1.25;1.25;1.25;1.49;2.5;2.41;0.52;0.97;1.15;0.25;0.34;0.78;0.2;0.55;0.75;0.75;0.54;0;0.03;0.63;0.75;0.75;0.75;0.75;0.75;0.75;0.75;0.75;1.1;1.59;1.03;1.24;1.1;0.75;0.75;0.75;0.7;0.53;0.5;0.5;0.69;3.35;3.78;1.47;0;0;1.89;0.63;0.04;0.8;0.48;0.84;0.96;1;1;1;1;1;1;1;1;1;0.68;0.84;0.88;0;0;0;0;0;0;0;0;0.25;1.15;1.25;0.8;0.1;0.15;0.35;0.5;0.64;1.12;0.07;0.42;0.49
2.25;1.85;1.25;1.25;1.25;1.25;1.25;1.25;1.25;1.25;1.25;1.25;1.25;1.25;1.25;1.25;1.15;0.4;1.46;2.5;1.15;1.15;0.52;0.25;0.25;0.13;0.12;0.72;0.6;0.12;0.24;0;0;0.21;0.75;0.75;0.75;0.75;0.75;0.75;0.75;0.75;0.75;0.75;0.75;0.73;0.51;0.5;0.5;0.55;0.51;0.5;0.5;1.07;4.68;5.25;5.04;5.04;0.63;0;0;0;0.6;0.96;0.68;1;1;1;1;1;1;1;1;0.56;0.64;0.88;0.69;0.85;1.87;0.8;0;0;0.35;0.05;0;0;0.15;0.15;0.35;1.05;0.5;0.55;0;0;0;0;0;0.07;0.49;0.63
2.25;2.17;1.25;1.25;1.25;1.25;1.25;0.75;1.2;1.25;1.25;1.25;1.25;1.25;1.25;1.25;0.83;0;0.22;2.36;2.14;0.69;0.7;0.25;0.2;0.07;0.15;0.15;0.24;0.66;0.75;0.21;0;0.03;0.18;0.57;0.48;0.75;0.75;0.75;0.75;0.75;0.75;0.75;0.75;0.61;0.5;0.5;0.5;0.5;0.5;0.5;0.5;0.88;5.25;5.04;2.1;0.42;0.42;0;0;0.4;1;0.32;0.84;1;1;1;1;1;1;1;1;0.68;1.52;2.95;1.07;2.12;1.52;1.3;0;1.2;2.85;0.05;0.1;0;0.7;0.75;0.5;0.4;0.5;1.2;0.3;0;0;0;0;0.35;0.77;0.7
2.25;2.25;1.57;1.25;1.25;1.25;1.1;0.35;1.15;1.25;1.25;1.25;1.25;1.25;1.25;1.2;0.33;0;0;1.2;2.5;0.55;0.35;0.05;0.01;0;0.45;0;0.15;0.69;0.75;0.75;0.03;0;0.03;0.27;0.45;0.75;0.75;0.75;0.75;0.75;0.75;0.75;0.75;0.61;0.5;0.5;0.5;0.5;0.5;0.5;0.5;0.5;4.3;5.25;4.62;0;0;0;0;0.04;0.4;0.96;0.52;1;1;1;1;1;1;1;1.88;4.04;5;2.8;3.63;4.6;1.42;2.3;0;0.8;2.85;0.5;0.6;0.65;0;0.25;0.45;0.65;0.5;0.5;0.8;0.35;0.07;0;0;0;0;0
2.25;2.25;1.65;1.25;1.25;1.2;0.85;0.5;1.25;1.25;1.25;1.25;1.25;1.25;1.25;0.25;0;0;0;0.06;0.61;0.11;0.03;0.67;0.15;0;0.54;0.33;0.18;0.72;0.75;0.75;0.36;0;0;0.57;0.75;0.75;0.75;0.75;0.75;0.75;0.75;0.75;0.75;0.55;0.5;0.5;0.5;0.5;0.5;0.5;0.5;0.5;4.3;5.25;5.25;3.78;0.63;0;0;0;0.04;0.48;0.72;1;1;1;1;1.18;1.78;2.38;3.3;5;5;2.8;4.3;2.5;2.5;2.5;0.6;0;0;0.77;1.61;1.68;0.35;0.42;1.05;1.05;0;0.21;1.47;1.12;0.49;1.12;0.21;0;0;0
2.25;2.19;1.6;1.25;1.1;0.8;1.25;0.7;1.1;1.25;1.25;1.25;1.25;1.25;1.25;0.2;0;0;0;1.13;1.84;1.12;0;0;0.76;1.02;0.35;0.19;0;0.18;0.6;0.75;0.75;0.06;0.09;0.69;0.75;0.75;0.75;0.75;0.75;0.75;0.75;0.75;0.75;0.5;0.5;0.5;0.5;0.5;0.5;0.5;0.5;0.5;3.16;5.25;5.25;2.52;0.63;0;0;0;0.08;0.44;0.28;0.84;1;1.3;2.08;2.5;2.5;2.5;2.5;3.7;4.3;2.5;2.5;2.5;2.5;2.5;2.1;0.1;0;0;1.54;1.75;1.19;0.42;0.35;0.63;0;0;0.42;0.98;0.91;0.56;0.07;0.07;0;0
1.59;1.5;1.49;1.31;0.85;1.25;1.25;0.55;1.25;1.25;1.25;1.25;1.25;1.25;1.25;0.65;0.11;1.36;1.36;1.84;2;2;0.32;0;0.16;1.2;0.24;0.8;0.72;0.03;0.27;0.75;0.75;0.42;0;0.45;0.75;0.75;0.75;0.75;0.75;0.75;0.75;0.75;0.75;0.6;0.5;0.5;0.5;0.5;0.5;0.5;0.5;0.5;2.02;5.25;5.25;3.7;1.12;0;0;0;0;0.76;0.48;1;1.58;2.74;2.5;2.5;2.5;2.5;2.5;2.5;2.5;2.5;2.5;2.5;2.5;2.5;2.5;1.5;0;0;0.77;1.75;1.75;1.75;0.21;0;0;0;0;0;0.14;1.26;1.26;0.7;0.21;0
1.5;1.5;1.5;1.49;1.29;1.25;1.25;0.8;0.95;0.75;1.25;1.25;1.25;1.25;1.49;1.8;0.56;1.12;0.16;1.92;2;2;1.04;0.64;1.28;0.4;0.8;1.76;1.92;0;0.03;0.51;0.75;0.75;0;0.18;0.75;0.75;0.75;0.75;0.75;0.75;0.75;0.75;0.75;0.74;0.55;0.5;0.5;0.5;0.94;1.93;2.15;2.04;2.98;5.25;5.25;4.29;2.47;0.26;4.65;3.1;0.31;0.2;0.56;0.4;4.6;3.9;2.5;2.9;3.3;2.5;2.5;2.5;2.5;2.6;2.5;2.5;2.5;2.5;2.5;2.3;0.5;0;0.14;1.54;1.75;1.75;1.05;1.12;1.05;0.07;0;0;0;0.07;1.33;1.54;1.05;0.7
1.38;1.5;1.5;1.5;1.5;1.49;1.44;1.36;1.05;0.6;1.25;1.25;1.25;1.25;1.73;2;0.8;0.24;0.88;2;2;2;2;2;2;2;2;2;2;0.48;0.67;0.17;0.75;0.75;0.45;0;0.69;0.75;0.75;0.75;0.95;1.2;1.1;0.75;0.75;0.75;0.72;0.53;0.5;1.16;3.14;3.25;3.25;3.25;3.33;5.01;4.93;3.33;2.6;2.65;7.75;7.75;3.41;0;1;3.21;2.47;2.5;2.5;4.2;4.3;2.5;2.5;2.8;2.7;4;5;3.6;2.5;2.5;2.5;2.5;2.4;0.1;0;0.7;1.75;1.75;1.75;1.75;1.75;1.68;0.63;0;0;0;0;0.7;1.19;0.77
1.26;1.5;1.5;1.5;1.5;1.5;1.5;1.5;1.4;1.25;1.25;1.25;1.2;1.25;1.37;2;2;0.72;1.76;2;2;2;2;2;2;2;2;2;2;1.28;0.72;0.32;0.7;0.8;0.63;0;0.3;0.75;0.75;1.25;2;2;2;1.85;0.9;0.75;0.75;0.92;2.04;3.14;3.25;3.25;3.25;3.25;3.25;4.29;3.57;3.25;3.25;3.25;5.41;5.41;2.21;0;2.8;4.81;0.9;1.06;2.5;2.8;4.8;2.7;3.1;4.4;2.6;2.6;5;3.3;2.5;3.4;2.5;2.7;2.85;1.31;0.14;0.14;1.47;1.75;1.75;1.75;1.75;1.75;1.26;0.21;0;0;0;1.12;0.56;0.28
1.5;1.5;1.5;1.5;1.5;1.5;1.5;1.14;0.78;1.18;1;0.65;0.1;0.85;1.25;1.82;2;1.6;1.44;2;2;2;2;2;2;2;2;2;2;2;0.56;0.96;0.32;1.75;1.55;0.32;0.06;1.85;2;2;2;2;2;2;1.85;0.8;1.55;3.05;3.25;3.25;3.25;3.25;3.25;3.25;3.25;3.25;3.25;3.25;3.25;3.25;3.25;1.33;0.09;0;0.8;1.36;0.97;0.88;1.96;2.5;4.1;3.1;2.5;2.9;2.5;4;4.8;2.7;3.7;5;2.7;4.2;1.64;0.63;0.63;0;0.63;1.75;1.75;1.75;1.75;1.75;1.75;1.26;0.28;0;0;0.49;0.07;0
1.44;1.5;1.5;1.5;1.5;1.5;1.5;1.5;1.38;0.53;0.6;0.25;0;0.15;0.85;1.49;2;2;2;2;2;2;2;2;2;2;2;2;2;2;1.76;0.72;0;1.76;2;0.4;1.04;1.84;2;2;2;2;2;2;2.2;2.6;3.25;3.25;3.25;3.25;3.25;3.25;3.25;3.25;3.25;3.25;3.25;3.25;3.25;2.89;2.65;2.05;1.17;0;0.01;2.47;2.91;0.82;2.32;2.5;2.5;2.8;2.5;2.5;2.5;3.8;2.7;3;5;4.8;2.9;3.61;0;0;0;0.14;0.28;1.68;1.75;1.75;1.75;1.75;0.77;1.4;1.75;0.14;0;0;0;0
1.44;1.5;1.5;1.5;1.5;1.5;1.5;1.44;0.66;0.1;0.05;0.8;0.1;0.5;1.2;1.34;2;2;2;2;2;2;2;2;2;2;2;2;2;2;2;2;0.16;1.28;2;1.12;0.16;0.64;2;2;2;2;2;2.45;3.25;3.25;3.25;3.25;3.25;3.25;3.25;3.25;3.25;3.25;3.25;3.25;3.25;3.25;3.25;2.65;1.93;0.97;2.86;0.39;0;0.6;3.09;0.89;2.23;1.52;2.5;2.6;2.5;2.5;2.5;2.5;2.7;3;4.5;2.8;3.1;3.09;0;0;0;0.84;0.49;0.28;1.75;1.75;1.75;1.75;1.61;0.77;1.75;1.6;0;0;0;0
1.26;1.5;1.5;1.5;1.5;1.5;1.5;1.2;0;0;0;0.1;0.6;1.25;1.53;2.04;2;2;2;2;2;2;2;2;2;2;2;2;2;2;2;2;0.24;0.72;2;0.48;0;1.2;1.92;2;2;2;2;2.95;3.25;3.25;3.25;3.25;3.25;3.25;3.25;3.25;3.25;3.25;3.25;3.25;3.25;3.25;3.25;4.51;3.79;3.01;1.32;1.61;0;0;2.8;1.52;0.61;3.74;3.7;3.9;1.6;1.4;2.5;2.5;3.1;3.9;2.5;2.5;2.5;2.05;0;0.63;1.12;0.63;0.84;0;0.56;1.75;1.75;1.75;1.75;1.12;1.75;1.82;0;0;0;0
1.38;1.5;1.5;1.5;1.5;1.5;1.5;1.5;0.48;0;0;0.2;1.23;1.93;2.25;2.25;2.15;2;2;2;2;2;2;2;2;2;2;2;2;2;2;2;1.52;0.24;1.28;0.08;0;0;0.96;2;2;2;2.7;3.25;3.25;3.25;3.25;3.25;3.25;3.25;3.25;3.25;3.25;3.25;3.25;3.25;3.25;3.25;3.25;3.43;6.49;6.13;4.69;6.33;1.24;0;0.21;0.86;0.79;3.8;3.4;1.8;3;2.6;2.5;2.5;2.5;4.1;4.3;2.5;2.45;0.84;0.98;1.75;1.4;1.26;0.84;0;0;0.63;0.63;1.19;0.63;1.25;2.17;2.25;0.99;0;0;0
1.2;1.5;1.5;1.5;1.5;1.5;1.5;1.5;0.96;1.2;0.72;0.56;1.93;2.25;2.25;2.25;2.25;2.21;2.08;2;2;2;2;2;2;2.02;2.13;2.14;2.1;2.03;2;2;2;0.88;0;0;0;0;0.56;2.25;2.15;2.95;3.25;3.25;3.25;3.25;3.25;3.25;3.25;3.25;60.67;149.99;3.25;3.25;3.25;3.25;3.25;3.25;3.25;3.25;5.05;7.57;7.21;6.19;1.3;0;0.01;0.57;2.14;2.4;0.8;3;4.8;4;2.5;2.6;2.5;4.3;2.43;1.43;1.12;0;1.26;1.54;1.05;1.12;0.14;0.07;0.07;0;0.07;0.91;1.19;1.61;1.71;0.81;0.09;0;0;0
1.2;1.5;1.56;1.47;1.08;1.08;0.6;1.38;1.5;1.5;1.44;0.84;2.25;2.25;2.25;2.25;2.25;2.25;2.25;2.21;2.17;2.13;2.1;2.05;2.14;2.24;2.25;2.25;2.25;2.25;2.16;2.15;2.14;1.76;0;0;0.55;1.02;0.61;3.13;3.25;3.25;3.25;3.25;3.25;3.25;3.25;3.25;3.25;3.25;60.67;79.81;3.25;3.25;3.25;3.25;3.25;3.25;3.25;3.25;3.25;3.79;5.41;2.71;0.46;0.01;0;0.02;0.27;0.01;2;4.8;5;5;4.5;3.8;4.5;2.42;0.56;1.05;0.35;0.56;0.56;0.98;1.75;1.61;0.35;1.47;0.56;0;0.18;0.18;0;0;0;0;0;0;0;0
0.84;1.5;1.95;2.22;0.65;0.13;0.03;0.12;0.6;1.5;1.5;1.98;2.25;2.25;2.25;2.25;2.25;2.25;2.25;2.25;2.25;2.25;2.25;2.25;2.25;1.26;1.71;2.25;2.25;2.25;2.25;2.25;2.25;1.79;1.17;0.42;1.67;2.74;0.79;3.25;3.25;3.25;3.25;3.25;3.25;3.25;3.25;3.25;3.25;3.25;3.25;9.63;3.25;3.25;3.25;3.25;3.25;3.25;3.25;3.25;3.25;3.25;3.25;1.87;1.2;0.34;0;0;0;0;1.2;1.8;4.8;5;4.74;3.57;2.01;1.05;0.84;1.75;1.4;1.68;0.7;1.61;1.75;1.61;1.33;1.75;1.24;1.62;1.98;0.9;0;0;0;0;0.18;1.26;0;0.16
0.33;1.89;2.19;1.61;0.33;0.25;0.24;0.1;0.66;1.5;1.62;2.22;2.25;2.25;2.25;2.25;2.25;2.25;2.25;2.25;2.25;2.25;2.25;2.25;2.25;1.08;0.72;2.25;2.25;2.25;2.25;2.25;2.25;2.17;1.97;3.25;0.65;0.91;0.13;1.44;3.25;3.25;3.25;3.25;3.25;3.25;3.25;3.25;3.25;3.25;3.25;3.25;3.25;3.25;3.25;3.25;3.25;3.25;3.25;3.25;3.25;3.25;3.01;1.01;2.82;3.82;0.4;0.8;0.2;0;0.4;2.6;3.57;2.25;0.7;0.98;0.28;0.07;0.91;1.75;1.75;1.75;1.68;1.61;1.75;1.75;1.75;1.75;2.12;2.25;2.07;0.18;0;0;0;1.08;0.9;2.07;0.54;1.6
0.36;2.25;2.25;1.29;0.25;0.25;0.25;0.25;1.72;1.74;2.18;2.29;2.25;2.25;2.25;2.25;2.25;2.25;2.25;2.25;2.25;2.25;2.25;2.25;2.25;1.62;1.35;2.25;2.25;2.25;2.25;2.25;2.25;2.25;2.21;3.01;3.25;3.25;2.21;2.99;3.25;3.25;3.25;3.25;3.25;3.25;3.25;3.25;3.25;3.25;3.25;3.25;3.25;3.25;3.25;3.25;3.25;3.25;3.25;3.25;3.25;3.25;3.25;3.25;2.86;1.04;1.61;1.6;0.1;0;0.63;1.33;1.75;0.77;0;0.07;0;0;0.14;1.47;1.75;1.75;1.75;1.75;1.75;1.75;1.75;1.87;2.25;2.07;1.08;0.72;0;0;0.09;1.62;0;0.9;2.07;1.12
1.29;2.25;2.25;1.21;0.25;0.25;0.49;0.57;1.85;3.13;3.25;2.73;2.25;2.25;2.25;2.25;2.25;2.25;2.25;2.25;2.25;2.25;2.25;2.25;2.25;2.25;1.08;1.35;2.25;2.25;2.25;2.25;2.25;2.25;2.25;2.29;3.01;3.25;3.25;3.25;3.25;3.25;3.25;3.25;3.25;3.25;3.25;3.25;3.25;3.25;3.25;3.25;3.25;3.25;3.25;3.25;3.25;3.25;3.25;3.25;3.25;3.25;3.25;3.25;2.86;2.47;0.78;0;0;0;0;0.07;0.21;0;0;0;0.07;0.14;0.98;1.75;1.75;1.75;1.75;1.75;1.75;1.75;1.75;2.01;2.25;2.07;1.8;1.98;0.45;0.45;0.63;1.26;0.27;0.45;0.9;0.88
1.28;2.88;2.61;1.45;0.33;0.33;1.62;1.53;3.09;3.25;3.25;2.85;2.25;2.25;2.25;2.25;2.25;2.25;2.25;2.25;2.25;2.25;2.25;2.25;2.25;2.25;2.25;0.54;2.25;2.25;2.25;2.25;2.25;2.25;2.25;2.25;2.33;3.21;3.25;3.25;3.25;3.25;3.25;3.25;3.25;3.25;3.25;3.25;3.25;3.25;3.25;3.25;3.25;3.25;3.25;3.25;3.25;2.29;3.25;3.25;3.25;3.25;3.01;2.41;3.25;1.17;0;0;0;0.06;0;0;0;0;0;0.77;1.54;1.26;1.75;1.75;1.75;1.75;1.75;1.75;1.75;1.75;1.75;2.15;2.25;2.25;1.62;1.53;1.53;1.8;2.07;2.25;0.36;1.62;0.45;1.78
0.5;3.7;4.5;3.38;0.42;0.68;1.78;1.56;1.17;3.12;3.25;3.17;2.53;2.65;2.41;2.25;2.25;2.25;2.25;2.25;2.25;2.25;2.25;2.25;2.25;2.25;2.25;1.8;2.25;2.25;2.25;2.25;2.25;2.25;2.25;2.25;2.25;2.77;3.25;3.25;3.25;3.25;3.25;3.25;3.25;3.25;3.25;3.25;3.25;3.25;3.25;3.25;3.25;3.25;3.25;4.51;3.79;2.17;2.05;2.05;2.29;1.93;0.61;0.25;1.69;1.91;0.39;1.69;1.39;0.24;0;0;0;0;0;0.14;1.4;1.75;1.75;1.75;1.75;1.75;1.75;1.75;1.75;1.75;1.75;1.81;2.25;2.25;0.72;2.16;2.25;2.25;2.25;2.25;1.35;1.89;1.35;0.57
1.78;4.18;4.5;4.34;1.64;2.16;1.53;0.26;1.04;2.86;3.25;3.25;3.25;3.25;3.25;3.13;2.41;2.25;2.25;2.25;2.25;2.25;2.25;2.25;2.25;2.25;2.25;2.25;2.25;2.25;2.25;2.25;2.25;2.25;2.25;2.25;2.17;1.83;2.37;2.77;3.07;2.83;2.41;2.05;2.29;3.25;3.25;3.25;3.25;3.25;3.25;3.25;3.25;3.25;2.99;4.51;5.23;3.25;3.25;2.41;0.25;0.25;0.25;0.25;0.25;0.87;1.04;2.55;0.58;0.03;0;0;0;0;0;0;0.7;1.68;1.75;1.12;1.4;1.75;1.75;1.75;1.75;1.75;1.63;0.75;0.99;1.83;2.25;2.25;2.25;2.25;1.71;2.16;1.98;0.81;0.45;1.87
2.58;4.5;4.5;4.5;1.08;0;1.69;0.91;3.12;3.25;3.25;3.25;3.25;3.25;3.25;3.25;2.89;2.25;2.25;2.25;2.25;2.25;2.25;2.25;2.25;2.25;2.25;2.25;2.25;2.25;2.25;2.25;2.25;2.25;2.25;2.25;1.97;1.75;1.75;1.75;1.75;1.75;1.75;1.75;1.75;3.25;3.25;3.25;3.25;3.25;3.25;3.22;3.04;1.43;2.34;2.95;2.74;2.65;2.68;2.86;1.54;0.97;0.37;0.25;0.25;2.77;2.99;2.17;0.54;0;0;0;0;0.45;0.15;0;0;0.35;0.69;0.66;1.03;0.83;1.15;1.07;0.95;0.95;0.79;0.75;0.75;0.75;1.59;2.25;2.25;1.71;0.63;2.07;2.25;1.17;0;1.36
4.5;4.5;4.5;4.14;2.7;0;0.78;3.25;3.25;3.25;3.25;3.25;3.25;3.25;3.25;3.25;3.25;2.41;2.25;2.25;2.25;2.25;2.25;2.25;2.25;2.25;2.25;2.25;2.25;2.25;2.25;2.25;2.25;2.25;2.25;2.01;1.75;1.75;1.75;0.7;1.26;1.75;1.75;1.75;1.75;3.01;3.25;3.25;3.25;3.25;3.25;3.04;2.59;1.93;2.26;2.5;2.5;2.5;2.5;2.5;2.59;3.07;2.17;0.37;1.45;0.61;2.59;1.41;0.27;0.27;0.39;0.69;0.06;0.57;0.3;0;0;0;0;0.49;0.75;0.75;0.75;0.75;0.75;0.75;0.75;0.75;0.75;0.75;0.75;1.95;2.16;1.62;0.72;2.07;2.25;2.01;0.18;1.05
4.5;4.5;4.5;3.06;1.08;0;0.78;2.73;3.25;3.79;3.61;3.79;3.25;3.25;3.25;3.25;3.25;3.13;2.37;2.25;2.25;2.25;2.25;2.25;2.25;2.25;2.25;2.25;2.25;2.25;2.25;2.25;2.25;2.25;2.09;1.75;1.75;1.75;1.75;1.12;0;1.12;1.54;1.75;1.75;2.41;3.25;3.25;3.25;3.13;2.89;2.59;2.5;2.5;2.5;2.5;2.5;2.5;2.14;0.88;1.15;2.53;2.89;1.93;1.05;1.09;0.88;1.61;0.64;0.4;0.66;0.18;0;0.43;1.91;0.74;0.03;0;0;0;0.39;0.75;0.75;0.75;0.6;0.51;0.75;0.75;0.75;0.75;0.75;1.05;2.16;1.17;1.26;2.25;2.16;0.96;0.75;0.75
4.5;4.5;4.5;4.5;0.54;0;0.39;2.08;3.43;5.95;6.67;5.77;6.13;5.59;3.61;3.25;3.25;3.25;3.17;2.33;2.25;2.25;2.25;2.25;2.25;2.25;2.25;2.25;2.25;2.25;2.25;2.25;2.25;2.25;1.95;1.75;1.75;1.75;1.75;1.68;0.28;0;0.07;1.33;1.75;1.75;1.93;2.05;2.29;2.5;2.5;2.5;2.5;2.5;2.5;2.5;2.5;2.5;1.6;1.69;1.24;2.5;2.5;2.5;0.3;0;0.15;1.06;0.25;0.18;0.01;0;0;0.2;1.26;1.26;0.03;0;0;0;0;0.54;0.75;0.75;0.36;0.15;0.75;0.75;0.75;0.75;0.75;0.75;1.53;2.25;2.25;2.13;0.99;0.42;0.75;0.75
4.5;4.5;4.5;4.5;1.44;1.04;3.12;3.25;3.25;4.51;7.75;7.03;5.95;3.25;3.25;3.25;3.25;3.25;3.25;2.89;2.25;2.25;2.25;2.25;2.25;2.25;2.25;2.25;2.25;2.25;2.25;2.25;2.25;2.25;1.95;1.75;1.75;1.75;1.75;1.75;1.68;1.26;0.63;0.14;0.7;1.68;1.75;1.75;2.23;2.5;2.5;2.5;2.5;2.5;2.5;2.5;2.5;2.5;2.5;2.5;2.5;2.5;2.5;2.5;0.2;0;0;0.11;0.06;0.01;0;0;0;0;0;0;0;0;0;0;0;0.24;0.75;0.75;0.36;0.06;0.72;0.75;0.75;0.75;0.75;0.75;0.75;1.77;1.59;0.81;0.75;0.7;0.7;0.7
4.5;5.76;4.5;4.35;2.23;0.13;2.47;3.25;3.97;3.43;4.15;3.25;3.25;3.25;3.25;3.25;3.25;3.25;3.25;3.25;2.45;2.25;2.25;2.25;2.25;2.25;2.25;2.25;2.25;2.25;2.25;2.25;2.25;2.25;2.15;1.75;1.75;1.75;1.75;1.75;1.75;1.75;1.47;0;0;0.63;1.75;1.75;2.38;2.5;2.5;2.5;2.5;2.5;2.5;2.5;2.5;2.5;2.5;2.5;2.5;2.5;2.5;2.5;1.9;0.5;0.3;0.5;0.4;0;0;0;0;0;0;0;0;0;0;0;0;0;0.45;0.75;0.75;0.48;0.33;0.69;0.75;0.75;0.75;0.75;0.75;0.75;0.75;0.75;0.6;0.5;0.5;0.32
6.81;8.7;5.45;3.4;3.25;2.34;1.95;3.25;6.13;5.41;8;65;88.75;8;3.25;3.25;3.25;3.25;3.25;3.25;2.81;2.25;2.25;2.25;2.25;2.25;2.25;2.25;2.25;2.25;2.25;2.25;2.25;2.25;2.21;1.75;1.75;1.75;1.75;1.75;1.75;1.75;1.4;1.05;1.05;1.61;1.75;1.78;2.5;2.5;2.5;2.5;2.5;2.5;2.5;2.5;2.43;2.08;1.8;1.8;1.8;2.22;2.5;2.5;2.5;2.5;2.5;2.4;0.88;0.12;0;0;0;0;0;0;0;0;0;0;0.21;0.18;0.48;0.75;0.75;0.75;0.54;0.36;0.75;0.75;0.75;0.75;0.75;0.75;0.75;0.6;0.5;0.5;0.5;0.04
6.6;7.44;4.01;3.25;3.25;3.25;3.12;3.43;7.39;4.69;22.25;122;112.5;8;3.25;3.25;3.25;3.25;3.25;3.25;3.17;2.29;2.25;2.25;2.25;2.25;2.25;2.25;2.25;2.25;2.25;2.25;2.25;2.25;2.15;1.75;1.75;1.75;1.75;1.75;1.75;1.75;1.75;1.75;1.75;1.75;1.75;2.2;2.5;2.5;2.5;2.5;2.5;2.5;1.94;1.24;0.75;0.75;0.75;0.75;0.75;0.75;0.62;1.2;1.66;2.5;2.26;1.94;1.14;0.18;0;0;0;0.36;0.06;0.24;0.03;0;0;0;0.06;0.42;0.75;0.75;0.75;0.75;0.75;0.15;0.57;0.75;0.75;0.75;0.75;0.75;0.64;0.5;0.5;0.1;0.12;0.16
3.63;4.82;3.3;3.25;3.25;3.25;3.25;3.25;5.05;4.87;3.25;22.12;17.5;3.25;3.25;3.25;3.25;3.25;3.25;3.25;3.25;2.89;2.25;2.25;2.25;2.25;2.25;2.25;2.25;1.26;0.81;2.16;2.25;2.25;2.29;1.75;1.75;1.75;1.75;1.75;1.75;1.75;1.75;1.75;1.75;1.75;2.11;2.5;2.5;2.5;2.5;2.5;2.22;1.1;0.75;0.75;0.75;0.75;0.75;0.75;0.75;0.75;0.75;0.51;0.43;1.52;1.22;0.96;0.48;0.06;0.36;0;0.42;1.38;0.78;0.75;0.03;0;0;0;0;0.57;0.75;0.75;0.75;0.75;0.75;0.6;0.39;0.45;0.39;0.75;0.75;0.66;0.5;0.5;0.32;0.18;0.5;0.22
4.32;3.75;3.25;3.25;3.25;3.25;3.25;3.25;3.25;3.25;3.25;2.08;3.25;2.86;3.12;3.25;3.25;3.25;3.25;3.25;3.25;3.25;2.57;2.25;2.25;2.25;2.25;2.07;1.26;1.17;0.18;2.17;3.3;3.79;4;2.92;1.75;1.75;1.75;1.75;1.75;1.75;1.75;1.75;1.75;1.75;2.44;2.5;2.5;2.5;1.8;1.31;0.82;0.75;0.75;0.75;0.75;0.75;0.75;0.75;0.75;0.75;0.75;1.24;1.7;1.2;1.38;1.08;0.06;0.72;1.26;0.18;0.84;1.47;0.81;0.75;0.09;0;0;0;0;0.36;0.39;0.75;0.75;0.75;0.75;0.75;0.75;0.54;0.21;0.72;0.71;0.51;0.5;0.5;0.5;0.42;0.5;0.5
4.4;3.25;3.25;3.25;3.25;3.25;3.25;5.23;5.41;3.25;3.25;3.12;1.95;2.34;0.52;2.99;3.25;3.25;3.25;3.25;3.25;3.25;2.89;2.25;2.25;2.25;2.25;1.89;1.62;0.63;3.12;1.28;0.16;2.56;4;4;3.19;1.84;1.75;1.75;1.75;1.75;1.75;1.75;1.75;1.96;2.5;2.5;2.5;1.8;0.75;0.75;0.75;0.75;0.75;0.75;0.75;0.75;0.75;0.75;0.72;0.72;0.81;2.32;2.38;1.02;0.72;1.08;0;0;0.3;0;0;0.57;0.75;0.75;0.51;0.27;0;0;0;0;0.06;0.66;0.75;0.66;0.48;0.57;0.75;0.6;0.09;0.09;0.4;0.5;0.5;0.5;0.44;0.46;0.5;0.5
3.85;3.25;3.25;3.25;3.25;3.25;3.25;5.05;4.51;3.25;3.25;3.25;2.08;3.12;1.56;1.56;3.12;3.12;3.25;3.25;3.25;3.25;3.09;2.25;2.25;2.25;2.25;2.07;1.62;1.82;4;2.4;3.04;3.52;4;4;4;3.46;1.93;1.75;1.75;1.75;1.75;1.75;1.78;2.38;2.5;2.5;1.8;0.75;0.75;0.75;0.75;0.75;0.75;0.75;0.75;0.75;0.75;0.69;0.42;0.24;0.93;1.26;1.5;1.5;1.5;1.5;1.26;0.96;0.54;0.06;0.18;0.33;0.42;0.63;0.57;0.03;0.18;0;0;0;0;0.21;0.24;0.03;0.09;0.24;0.75;0.75;0.21;0;0.22;0.46;0.5;0.5;0.5;0.5;0.5;0.5
3.35;3.25;3.25;3.25;3.25;3.25;3.25;3.25;3.25;3.25;3.25;3.25;3.12;2.47;3.61;3.73;0.39;1.82;3.12;3.25;3.25;3.25;3.25;2.29;2.25;2.25;2.25;2.25;2.39;3.86;4;0.8;3.36;4;4;4;4;4;3.82;3.1;2.41;1.78;1.75;1.75;2.11;2.5;2.5;1.8;0.75;0.75;0.75;0.75;0.75;0.75;0.75;0.75;0.75;0.75;0.75;0.75;0.75;0.99;1.02;1.32;1.5;1.5;1.5;1.5;1.5;1.5;1.44;0.72;1.32;0.84;0.45;0.36;0.03;0.12;0.66;0.42;0.36;0.18;0.3;0.21;0;0;0.45;0.72;0.75;0.45;0.04;0.32;0.3;0.46;0.5;0.5;0.5;0.5;0.5;0.37
3.25;3.25;3.25;3.25;3.25;3.25;3.25;3.25;3.25;3.25;3.25;3.25;3.25;3.25;6.13;4.56;1.43;2.08;1.3;2.86;3.25;3.25;3.37;2.86;2.25;2.25;2.25;2.25;3.02;4;4;1.76;2.56;4;4;4;4;4;4;4;4;3.52;2.32;2.05;2.47;2.5;1.53;0.75;0.75;0.75;0.75;0.75;0.75;0.75;0.75;0.75;0.75;0.75;0.75;0.75;0.87;1.02;0.84;0.9;1.08;1.5;1.5;1.44;1.5;1.5;1.38;0.36;1.02;1.11;0.36;0.63;0.51;0.3;0.06;0;0.21;0.51;0.39;0.09;0;0.54;0.51;0.75;0.75;0.33;0.14;0.48;0.5;0.5;0.5;0.5;0.5;0.5;0.5;0.54
3.25;3.25;3.25;3.25;3.25;3.25;3.25;3.25;3.25;3.25;3.25;3.25;3.25;3.25;3.58;2.34;3.25;3.25;2.34;2.99;3.46;3.73;4;4;3.37;2.53;3.72;4;4;4;4;3.2;0.8;3.68;4;4;4;4;4;4;4;4;4;3.46;1.2;0.98;0.36;0.66;0.75;0.75;0.75;0.75;0.75;0.75;0.75;0.75;0.75;0.75;0.75;0.75;1.23;1.5;1.5;1.44;0.9;0.72;0.66;0.96;1.02;1.38;1.5;1.5;1.38;0.42;0.45;0.48;0.75;0.69;0.24;0;0;0.12;0.03;0;0;0.09;0.72;0.75;0.51;0.12;0.16;0.26;0.38;0.5;0.5;0.5;0.5;0.5;0.5;0.6
3.25;3.25;3.25;3.25;3.25;3.25;3.25;3.25;4.15;6.13;3;1.6;1.71;3.25;0.78;0.26;3.25;3.25;3.37;3.91;4;4;4;4;4;4;4;4;4;4;4;3.84;0.32;3.2;4;4;4;4;4;4;4;4;4;4;0.16;0.21;0.72;0.3;0.66;0.75;0.75;0.75;0.75;0.75;0.75;0.6;0.42;0.57;0.75;0.87;1.5;1.5;1.5;1.5;1.5;1.44;1.26;0.3;0.06;0.06;0.72;1.44;0.78;1.08;0.78;0.18;0.18;0.06;0.36;0;0;0;0;0;0.12;0.66;0.75;0.75;0.42;0.06;0.3;0.24;0.12;0.44;0.5;0.5;0.5;0.5;0.5;0.6
3.25;3.25;3.25;3.25;4.15;4.33;3.97;3.79;5.77;4.86;0;0.29;1.92;3.25;2.21;0.91;3.12;3.46;3.97;4;4;4;4;4;4;4;4;4;4;4;4;3.84;2.72;4;4;4;4;4;4;4;4;4;4;2.56;0.8;0.21;0.66;0.42;0.36;0.75;0.75;0.75;0.75;0.75;0.66;0.03;0.24;0.72;0.75;1.23;1.5;1.5;1.5;1.5;1.5;1.5;1.5;1.5;1.2;0.42;0.06;0.24;0.78;0.78;0.84;0.36;0.06;0.39;0.21;0.12;0;0;0;0;0.06;0;0.24;0.48;0.18;0.36;0.14;0.2;0.28;0.46;0.5;0.5;0.5;0.5;0.5;0.6
3.25;3.25;5.23;6.67;7.75;7.75;7.75;7.39;4.33;3.43;2.61;0.9;2.51;3.25;3.25;3.25;3.55;4;4;4;4;4;4;4;4;4;4;4;4;4;4;4;4;4;4;4;3.76;4;4;4;4;4;4;4;1.28;0.33;0.69;0.75;0.75;0.75;0.75;0.75;0.72;0.48;0.42;0.63;0.75;0.75;0.75;1.5;1.5;1.5;1.5;1.5;1.5;1.5;1.5;1.5;1.5;1.5;1.2;0.3;0.42;1.08;1.26;0.39;0.66;0.75;0.21;0.09;0.69;0.33;0;0;0;0;0.3;0.12;0.12;0.42;0.14;0.42;0.3;0.5;0.5;0.5;0.5;0.5;0.5;0.56
3.25;3.25;7.75;7.75;7.75;7.75;7.75;7.75;5.05;6.85;6.3;1.95;2.66;3.25;3.25;3.7;4;4;4;4;4;4;4.6;5.2;4;4;4;4;4;4;3.92;3.6;3.84;3.68;2.72;2.16;2.4;3.68;3.84;4;4;4;4;3.84;3.04;0.83;0.21;0.27;0.75;0.72;0.51;0.39;0.3;0.69;0.75;0.75;0.84;1.29;0.54;0.84;1.5;1.5;1.5;1.5;1.5;1.5;1.5;1.5;1.5;1.5;1.5;1.26;0.36;0.72;0.96;1.38;1.17;0.27;0;0.33;0.75;0.75;0.06;0;0;0;0.18;0.21;0.51;0.09;0.25;0.48;0.5;0.5;0.5;0.5;0.5;0.5;0.53;0.72
3.25;3.25;7.75;6.67;6.85;4.51;5.77;4.69;4.15;7.57;7.75;7.75;5.62;2.37;3.82;4;4;4;4;4;4.4;6.8;6.6;7.8;5.2;4;4;4;4;4;2.8;2;2;2;2;2;2;2;2;2.18;1.94;3.44;4;3.84;1.76;0;0;0.03;0.39;0.09;0.63;0.75;0.63;0.6;0.75;0.81;1.41;1.26;0.84;1.5;1.5;1.5;1.5;1.5;1.5;1.5;1.5;1.5;1.5;1.5;1.5;1.5;1.26;1.2;1.5;1.5;1.11;0.09;0;0.51;0.75;0.51;0.39;0.21;0.18;0;0;0.28;0.35;0;0;0.12;0.42;0.5;0.5;0.5;0.77;1.07;1.25;1.25
3.61;3.97;6.58;3.28;3.25;3.25;3.25;3.43;6.67;7.75;7.75;7.3;1.78;1.8;1.92;4;4;4;4;4;4;4;4;4;4;4;4;3.68;3.04;3.92;2;2;2;2;2;2;2;2;2;2;1.36;0.72;1.36;1.68;1.36;0.48;0;0;0.18;0.03;0.27;0.3;0.42;0.69;0.75;0.96;1.5;1.32;1.5;1.5;1.5;1.5;1.5;1.32;1.5;1.5;1.5;1.5;1.5;1.5;1.5;1.14;1.5;1.38;0.72;1.38;1.44;0.99;0.84;0.45;0.27;0.09;0.18;0.75;0.33;0;0;0.16;0;0;0.05;0.7;0.9;0.74;0.8;1.13;1.25;1.25;1.25;1.25
4;4;4;3.88;3.34;3.25;3.25;3.61;5.95;3.43;5.68;3.33;1.34;3.2;1.6;2.24;4;4;4;4;4;4;4;4;4;4;4;1.44;3.2;3.52;2;2;2;2;2;2;2;2;2;2;1.52;1.6;1.76;0.4;0.08;0;0.08;0;1.6;1.72;1.36;1.35;1.05;0.75;0.75;1.08;1.5;1.5;1.5;1.5;1.5;1.5;1.44;0.18;0.72;1.14;1.44;1.5;1.5;1.5;1.5;1.32;0.84;1.5;1.08;0.3;0.9;1.44;1.14;0.36;0.6;0.63;0.24;0.45;0;0;0;0;0;0;0.15;1.15;1.25;1.25;1.25;1.25;1.25;1.25;1.25;1.25
4;4;4;4;3.91;3.34;3.25;3.25;4.69;3.46;3.94;3.02;2.46;3.68;0.8;1.44;4;4;4;6.2;4;4;4;4;4;4;4;4;4;3.2;2;2;2;2;2;2;2;2;2;2;2;0.8;0.4;1.12;0.8;0.88;1.28;0.64;1.04;1.84;2;2;2;1.6;1.05;1.2;1.5;1.5;1.5;1.5;1.5;1.5;1.5;0.12;0;0;0.12;1.08;1.5;1.5;1.5;1.5;1.44;0.84;1.5;0.6;0.06;0.06;0.6;0.9;0.48;0.24;0;0;0;0;0;0;0;0;0.55;1.15;1.25;1.25;1.25;1.25;1.25;1.25;1.25;1.25
4;4;4;4;4;3.94;3.43;3.25;5.52;8;5.8;4;4;3.84;2.4;1.44;4;4;4.8;7.4;4;4;4;4;4;4;4;4;4;2.8;2;2;2;2;1.92;2;2;1.84;1.52;1.6;0.8;0.32;1.36;1.44;1.92;2;1.44;2;1.68;0.4;1.44;2;2;2;2;2;2.05;1.55;1.5;1.5;1.5;1.5;1.32;0.42;0.84;1.14;1.2;1.44;1.5;1.5;1.2;1.08;0.84;0.78;0.96;0.3;0.78;0;0.12;0.54;0.84;0.66;0.96;0.42;0;0;0;0;0.1;0.4;0.85;1.25;1.25;1.25;1.25;1.25;1.25;1.25;1.25;1.25
3.52;4;4;4;4;4;3.97;3.85;4;6.2;4;4;4;4;2.4;0;0.96;2.56;6.6;8;4;4;4;4;4;4;4;4;4;2.72;2;2;2;1.12;0.88;0.72;0.64;0.96;0.96;1.04;1.6;2;2;0.32;0.8;1.44;2;2;1.52;0.32;0.8;2;1.36;1.36;2.1;2.63;2.75;2.55;1.7;1.5;1.5;1.38;0.66;1.2;1.5;1.5;1.5;1.5;1.5;1.38;0.48;0;0.06;0.9;1.5;0.6;0.9;0.84;0.48;0;0.84;0.6;0.9;0;0;0;0.1;0;0.15;1.15;1.25;1.25;1.25;1.25;1.25;1.25;1.25;1.25;1.25;1.25
2.18;5.05;4;4;4;4;4;4;4;4;4;4;4;4;2.72;2.08;0.16;0.16;3.28;8.2;4.8;5.4;6;4;4;4;4;4;4;3.84;2.08;2;1.68;0.8;1.36;1.76;1.6;1.68;2;2;2;2;2;1.28;0.48;0.16;2;2;0.72;0.16;0.32;1.76;0.8;0.04;1.05;2.75;2.75;2.75;2.7;2.05;1.55;1.14;1.26;1.5;1.5;1.5;1.5;1.5;1.5;1.26;0.06;0;0.42;1.2;0.78;1.5;0;0.3;0.24;0.24;1.5;1.02;0.42;0.02;0;0.05;1.1;0.8;1.1;1.15;1.25;1.25;1.25;1.25;1.25;1.25;1.25;1.25;1.25;1.25
2.81;5.47;4;4;4;4;4;4;4;4;4;4;4;4;4;4;3.84;0.96;0;2.48;5.6;5;6.4;4;4;4;4;4;4;4;3.2;2.08;2;2;2;2;2;2;2;2;2;2;2;2;2;1.68;1.68;1.2;0.8;1.84;2;2;1.12;1.99;1.85;1.15;2.55;2.75;2.75;2.75;2.65;1.95;1.5;1.5;1.5;1.5;1.02;0.84;1.44;1.38;0.48;0;0;0;0.9;1.2;0;0;0.06;1.08;1.67;0.74;0.34;0.4;0.1;0.9;1.25;1.25;1.25;1.25;1.25;1.25;1.25;1.25;1.25;1.25;1.25;1.25;1.25;1.25
9.25;7.36;5.04;4;4;4;4;4;5.4;4.8;4;4;4;4;4;4;4;2.72;0.8;0;5.72;5;4;4;4;4;4;4;4;4;4;2.88;2;2;2;2;2;2;2;1.36;0.4;0.4;1.76;1.92;1.92;1.2;1.84;1.76;1.84;2;2;2;2.12;2.75;2.75;2.75;2.75;2.75;2.75;2.75;2.75;2.75;2.55;1.95;1.6;1.75;0.9;0.12;0.66;0.3;0;0;0;0;0.06;0.72;0;0;0.35;5.8;5.45;4.69;0.95;1.05;0.15;1.2;1.25;1.25;1.25;1.25;1.25;1.25;1.25;1.25;1.25;1.25;1.25;1.25;1.25;1.25
7.03;9.25;7.76;4;4;4;4;6.2;6.2;5;4;4;4;4;4;4;4;3.52;2.08;0.32;1.8;9;5.6;4.4;5.8;4.4;4;4;4;4;4;3.44;2;2;2;2;2;2;2;1.76;1.68;0.08;0.56;0.96;0.4;1.04;1.2;1.44;2;2;2;2;2.15;2.75;2.75;2.75;2.75;2.75;2.31;1.76;2.2;2.75;2.75;2.05;2.25;1.85;1.65;0.18;0.96;0.18;0.48;0.3;0.6;0.36;0.06;0;0;3.12;5.01;5.57;8.09;8.75;2.05;0.9;0.3;1.15;1.25;1.25;1.25;1.25;1.25;1.25;1.25;1.25;1.57;2.05;2.37;2.45;3.18;4.88
7.03;9.04;5.26;4;4;4;4;3.92;2.24;4;4;4;4;4;4;4;4;4;3.52;0.32;2.16;9;8.4;9;5.6;8.6;8;6.4;4;4;4;4;3.28;2.08;2;2;2;2;2;2;2;1.84;1.76;1.36;1.2;0.56;1.76;1.76;2;2;2;2;2.3;2.75;2.75;2.75;2.75;2.75;1.65;0;2.09;2.64;1.95;0.45;0.25;0.25;0.22;0.07;0.48;0.96;1.79;3.53;3.76;4.84;1.76;2.26;7.35;8.56;7.8;4.78;8.75;8.75;8.15;1.6;0.35;1.25;1.25;1.25;1.25;1.25;1.25;1.25;1.57;2.77;3.25;3.25;3.25;5.07;4.03;4.94
8.2;5.26;4.21;4;4;4;4;4;1.92;3.52;4;4;4;4.8;4.8;4;4.6;4.2;3.52;0.32;3.96;9;9;6;5.4;8.6;8.6;5.2;4;4;4;6.2;6;2.64;2;2;2;2;2;2;2;2;2;2;2;1.84;2;2;2;2;2;2;2.6;2.75;2.75;2.75;2.75;2.75;2.42;0;1.32;0.51;0.25;0.25;0.45;0.25;0.55;0.46;1.87;6.3;8.46;8.75;7.23;8.56;6.24;7.51;8.75;8.75;8.18;3.28;7.85;8.75;8.75;2.26;1.11;0.9;1.25;0.65;1;1.25;1.25;1.73;3.17;3.25;3.25;3.25;3.25;3.38;4.55;4.03
9.25;5.05;4;4;4;4;5.2;7.2;6.6;5.2;4;4;4;6.6;6.6;6.2;8.8;8;4.6;3.04;18.42;80.01;7;4.6;4;4.2;4.8;4;7;8;5.6;5.4;4.8;2;2;1.52;1.76;2;2;2;2;2;2;2;2;1.76;1.6;1.76;2;2;2;2.09;2.75;2.75;2.75;2.75;2.75;2.75;1.98;0;1.54;2.9;1.35;1.85;2.55;1.95;2.45;2.08;5.29;5.76;7.32;8.75;8.75;8.4;5.95;5.6;8.75;8.75;6.09;2.9;2.15;3.95;1.8;1;0.7;0;0.4;0.25;0.95;1.25;1.25;1.65;3.25;3.25;3.25;3.25;3.25;3.25;3.64;4.16
9.25;6.94;4;4;4;4;6.4;9;7.8;4;4;4;4;4;4;5.8;7.8;7.4;60.63;157.71;149.62;37.96;4.4;4;5.8;4.8;4;5.6;9;9;6;3.52;2;2;2;1.2;1.36;0.88;0.64;1.68;2;2;2;2;2;2;1.68;1.04;1.36;1.92;2;2.27;2.75;2.75;2.75;2.75;2.75;2.64;0.99;0;1.54;3.85;2.75;2.75;2.75;2.75;2.75;4.07;5.5;5.5;5.5;7.97;8.75;8.75;8.75;8.4;8.75;8.18;19.7;17.97;1.25;1.25;0.6;0.15;0.6;0.95;1.1;1.25;1.25;1.25;1.25;1.41;3.25;3.25;3.25;3.25;3.25;3.25;3.25;5.59
7.15;4.21;4;4;4;4;4;6;6.8;4;5.4;6.6;6;4;4;4;4;36.36;190.07;206.25;76.81;4;4;6.6;8.4;4.4;4;4.8;9;9;6.6;4.28;2;1.52;1.6;1.36;0;0;0;0;0.72;1.92;2;2;2;2;1.84;0.88;1.04;0.8;1.2;2.32;2.75;2.75;2.75;2.75;2.75;1.43;0;1.98;3.52;5.06;3.41;2.97;2.75;3.08;3.85;5.39;5.5;5.5;4.18;4.81;8.37;8.75;8.75;8.75;8.75;6.47;28.9;7.99;5.59;2.66;0.85;0.25;0.9;1.25;1.25;1.25;1.25;1.25;1.25;1.25;3.25;3.25;3.25;3.25;3.25;3.25;3.64;5.72
6.73;4;4;4;4.8;4;4.2;7.4;6.6;4.8;9;9;9;7.8;6.6;4.8;4;4.8;71.72;166.2;12.09;4;4;5;5;4;4;5;9;9;9;9;3.68;1.04;0;0.4;0.48;0.4;0;0;0;0.88;2;2;1.52;1.52;2;1.76;1.2;0.16;0.43;0.88;0.99;1.65;2.75;2.53;1.21;0.66;1.98;5.28;5.5;4.07;3.96;4.07;4.95;5.5;5.5;5.5;5.5;5.5;4.07;5.65;8.75;8.75;8.75;8.75;7.99;4;3.64;5.62;5.98;1.86;0.15;0;0.7;1.25;1.25;1.25;1.25;1.25;1.25;1.25;3.25;3.25;3.25;3.25;3.25;3.25;3.25;5.07
6.94;4;4;4.56;6.26;3.28;8.6;7;4.6;4.8;9;9;9;9;8;4;4.8;7.8;9;24.18;4;4;4;4;4;4;4;5;7.6;6.6;9;9;7.32;0.8;0.96;0.48;0.72;1.92;1.44;0.16;0;0.08;0.8;1.52;0.32;0.08;2;2;2;1.92;1.92;0;0;0;0.11;1.21;0.88;1.1;5.5;5.5;5.5;4.51;2.97;5.39;5.5;5.5;5.5;5.5;5.5;5.5;5.5;5.39;7.51;8.75;8.75;8.75;5.33;4;2.38;1.25;5.24;1.36;0.3;0.1;1.05;1.25;1.25;1.25;1.25;1.25;1.25;1.25;3.25;3.25;3.25;3.25;3.25;3.64;5.07;5.46
4.84;4;2.6;3.86;4.38;1.2;3.56;7.2;7;5.2;6.8;6.28;9;8.4;6.2;6.2;8.6;8.4;7.8;5.6;4;4;4;4;4;4;5;7.2;6.6;7.2;9;9;7;2.88;2;2;2;2;2;1.6;0.48;1.28;1.04;0.24;0;0.32;1.36;2;2;2.38;4.18;2.09;0.88;0;0;2.2;4.84;1.98;5.5;5.28;4.95;5.5;4.84;3.52;5.06;5.5;5.5;5.5;5.5;5.5;4.84;4.18;4.89;8.75;5.12;8.75;4;3.91;1.03;0.85;1.45;1.32;1.1;1;1.15;1.25;1.25;1.25;1.25;1.25;1.25;1.65;3.25;3.25;3.25;3.25;5.46;4.29;6.5;6.5
4;4;1.62;3.86;3.02;2.46;0.92;4.2;6.4;6;2.52;3.9;8.8;9;9;9;7.8;4;4;4;4;4;4.6;5.4;4.4;6.6;7.8;9;8.2;9;9;9;8;7.32;2;2;2;2;2;2;1.2;1.44;2;1.76;0.48;1.36;0.56;0.24;1.04;3.34;4.95;5.5;4.62;1.76;2.2;1.76;2.86;5.06;5.28;2.86;2.86;5.39;4.73;3.41;5.5;5.17;4.07;4.95;5.5;5.5;2.97;2.75;3.1;7.8;5.26;8.37;3.97;3.16;0.37;0.75;3.42;1.25;1.25;1.25;1.25;1.25;1.25;1.25;1.25;1.25;1.25;2.05;3.25;3.25;4.03;6.24;6.5;6.5;6.5;6.5
4;4.84;5.47;7.03;4;4;3.44;3.72;3.78;5;2.88;3.94;4.8;8.2;9;9;6.8;4.4;4;4;4.2;7.6;5.4;8.8;5.6;4.4;9;9;9;9;9;9;5.8;6;3.44;2;2;2;2;2;2;2;2;2;1.76;1.68;2;1.36;0.32;0.88;5.28;3.96;4.51;4.62;5.5;3.74;2.86;4.84;4.4;2.75;2.75;3.41;4.29;4.95;5.5;3.3;2.75;3.52;4.95;4.29;2.75;2.75;2.95;4;4.21;7.8;3.79;2.89;0.97;1.25;1.62;1.46;1.25;1.25;1.25;1.25;1.25;1.25;1.25;1.25;1.25;2.45;3.25;3.25;5.46;6.5;6.5;6.5;6.5;6.5
4.42;7.57;9.25;8.65;4;4;3.86;1.76;0.92;3.02;4;4;4;6.6;6.8;9;9;7.4;4;4;5.6;9;9;9;8.6;7.8;9;9;9;8;8.2;9;8.8;9;4.08;2;2;2;2;2;2;1.92;2;2;2;2;1.68;0.48;0.08;0.38;0.88;1.32;2.42;2.97;4.84;4.4;4.18;5.5;4.62;2.86;3.96;3.3;4.62;5.5;5.5;5.28;4.95;4.4;5.06;3.3;2.75;2.75;3.25;3.72;1.06;8.37;4;3.44;3.75;3.75;5.5;6.29;3.78;2.28;1.41;1.25;1.67;1.25;1.25;1.25;1.25;3.01;3.25;3.25;3.64;5.85;6.5;6.25;6.25;6.5
5.26;8.83;9.25;8.85;5.2;4;3.58;0.64;0.5;3.3;4;4.2;6.2;4;4.4;9;9;7.6;4;4;4.8;7;8.6;8.66;0.98;5.6;9;9;9;6.2;7.6;9;8.6;7;6.05;4.45;2;2;2;2;2;1.12;1.84;1.04;1.84;1.6;1.12;0.16;0.72;1.9;1.98;0;0;2.75;3.52;4.18;5.5;5.5;5.5;5.06;4.4;5.5;5.5;5.5;5.17;4.73;5.5;5.39;3.3;5.17;5.5;4.29;3.38;1.77;0.5;6.38;4.37;5.71;1.64;4.43;5.2;5.07;6.5;6.5;3.77;5.3;6.5;5.87;5.03;3.01;1.73;3.25;3.25;3.25;3.25;4.42;6.5;3.75;5.5;6.5
4.42;8.62;9.25;9.05;7;3.44;3.86;2.04;1.2;1.2;3.3;4.6;8.2;6;6.2;9;9;8.6;5.8;4;4;4;4.2;5.6;3.04;6.28;9;9;8;7.2;9;9;8.65;4.44;9.12;9.92;3.65;2;2;2;1.52;0.96;1.04;0.88;0.4;0.32;0;0.56;1.28;1.44;0.3;0.66;0.22;0;3.08;2.97;4.73;5.5;4.62;0.22;2.86;5.5;5.5;5.5;5.39;3.96;5.06;4.29;4.07;5.5;5.5;5.5;5.5;1.91;1.9;4.58;3.94;3;2.19;5.47;5.12;7.6;8.18;7.55;4.44;5.72;6.5;6.5;6.5;5.98;3.9;3.25;3.25;3.25;3.25;3.38;5.72;4.5;4.75;6.24
9.25;9.25;9.25;8.85;4.58;0.64;0.5;2.6;1.34;0.5;1.9;4;4.4;5.6;5.2;8;5.8;8.6;7.4;4.2;4;4;4;6.6;9;9;9;9;9;9;9.1;9.7;10.15;6.89;7.52;10.25;9.26;2.66;2;2;1.12;0;0.96;1.76;0.48;0;0;0;0;0.72;0.88;1.76;3.41;0.3;0.51;5.07;4.51;5.5;5.5;5.06;5.5;5.5;5.5;5.5;5.06;4.4;4.29;4.73;5.39;5.5;5.5;5.5;5.5;1.54;1.99;3.5;1.48;0.39;3.42;8.07;7.61;10.83;8.23;11.75;9.68;11.52;11.54;10.7;10.7;9.65;6.82;3.51;3.25;3.25;3.25;3.25;4.42;5.98;4.55;3.77
7.64;9.25;9.25;7.05;2.32;0.5;0.5;1.06;3.58;2.46;4;4;4;4;4;4;4;5;4.2;4;4;4;4;7.4;9;9;9;9.05;9.4;9.8;10.2;10.25;10.25;6.89;5.42;10.04;10.25;8.27;2.33;2;1.36;0.72;1.12;0.96;0.72;0;0;0;0;0;0.4;0.41;2.37;3.05;1.08;1.09;4.87;5.5;5.5;5.5;4.73;3.74;4.51;5.5;5.5;5.5;5.5;5.5;5.5;5.5;5.5;5.5;4.84;0.22;1.65;2.53;1.95;0.3;3.87;10.14;8.67;6.91;2.95;11.75;7.38;11.75;11.75;11.75;11.75;11.75;11.54;5.39;3.25;3.25;3.25;3.25;3.38;4.03;3.25;4.94
2.32;5.75;9.49;5.37;1.34;0.5;0.5;0.5;1.06;2.04;3.44;4;4;4;4;3.72;4;4;4;4;4;4;4;4.6;8.2;7.6;8.52;5.99;9.17;10.25;10.25;10.25;10.25;6.68;5;7.73;10.25;10.25;8.27;2.66;1.36;0.8;0.8;1.44;1.28;0;0;0;0;0;0;0;0.49;1.68;1.64;2.1;2.77;5.5;5.5;5.5;5.17;2.97;4.4;4.18;5.5;5.5;5.5;5.5;5.5;4.95;5.5;5.5;3.52;2.64;2.53;2.67;1.23;0.36;6.01;10.6;2.95;5.15;11.31;11.75;7.61;11.75;11.75;11.75;11.75;11.75;7.38;6.46;3.8;3.25;3.25;3.25;3.51;3.64;3.25;3.25
5.33;9.89;9.49;5.53;2.09;0.5;0.5;0.5;0.5;0.5;0.64;4;4;4;4;2.18;1.34;4;4;4;4;4;4;4;4.4;3.96;2.92;2;1.91;5.99;10.04;10.25;10.04;5.84;5.21;8.78;10.25;10.25;10.25;9.26;2.99;2;1.52;1.52;2;0.32;0.64;0.64;0.48;0.32;0.92;0.07;0.14;0.98;1.75;1.55;2.56;3.96;5.28;5.06;5.5;5.5;5.06;5.5;5.5;5.5;5.5;5.5;5.5;2.57;3.19;5.5;2.64;1.76;2.09;2.75;1.09;2.28;8.53;9.99;1.63;11.31;11.75;11.75;11.06;63.95;11.75;11.75;11.75;10.37;6.23;6;4.13;3.25;3.25;3.51;6.5;6.24;4.42;3.25
5.33;7.17;5.25;5.25;4.83;3.22;0.5;0.5;0.5;1.18;0.92;6.52;6.8;3.58;3.16;4;3.86;4;4;4;4;4;4.2;4;3.52;2.24;2;1.65;0.88;2.12;6.05;8.78;10.04;9.62;7.94;9.83;10.25;10.25;10.25;10.25;7.28;2;2;2;2;1.84;0.8;0.16;1.2;0.71;1.77;1.05;1.33;0.7;1.68;1.75;1.68;1.33;3.33;3.52;4.73;5.5;5.5;5.39;5.17;3.41;4.62;5.5;5.39;2.56;0.25;3.77;0.22;0;2.04;0.91;0.12;4.5;8.4;5.57;4.04;6.79;7.61;9.91;168.35;324.95;77;11.75;11.75;9.22;6;6;5.52;4.42;3.25;3.25;4.94;5.59;5.07;3.25
5.25;5.25;5.25;5.25;5.49;7.99;2.88;1.52;6.62;8.66;6.96;7.98;7;2.6;0.5;0.5;1.2;1.48;2.18;3.3;2.74;3.86;3.96;3.76;2.08;2;2;2;2;2;4.4;5;5;5.21;46.76;77.57;25.55;10.25;10.25;10.25;8.27;2;2;2;2;2;1.84;0.72;1.64;1.67;1.75;1.75;1.75;1.54;1.05;1.75;1.75;1.75;2.5;4.51;5.39;5.5;5.5;5.5;2.97;4.95;5.28;5.5;5.5;4.21;1.51;3.81;2.31;0.49;0.95;0.48;1.28;4.82;3.71;3.48;6.98;10.37;6.23;6;254.32;351.92;68.59;11.75;11.75;7.84;6;6;8.76;5.49;3.25;3.25;5.33;6.24;3.25;3.25
2.55;5.25;5.25;5.25;5.25;5.35;7.4;9;9;7.64;9;8.8;7.4;2.72;0.32;0.42;0.5;0.5;0.5;0.5;1.2;0.92;1.79;2;2;2;2;2;2;2;3.08;5;4.66;7.52;53.09;83.69;19.43;10.25;10.25;10.25;5.63;2;2;2;2;2;1.99;1.85;1.75;1.75;1.75;1.75;1.75;1.75;1.26;1.75;1.75;1.75;2.05;5.5;5.5;5.17;3.85;4.73;4.84;4.51;5.5;5.5;5.5;5.5;5.06;1.93;3.96;1.77;1.34;1.06;9.43;7.79;3.54;4.74;11.06;11.75;11.29;10.83;6;68.36;9.91;7.15;8.3;8.07;6;6.46;9.91;3.8;3.25;3.25;4.16;5.85;3.25;3.25
3.45;5.25;5.25;5.25;5.25;5.25;4.3;5.8;7.8;2.48;5.2;5.4;5.6;3.04;0.16;0.14;0.5;0.5;0.5;0.5;0.5;0.5;2.26;2;2;2;2;2;2;2;1.86;2.66;7.13;10.25;24.5;12.89;10.25;10.25;10.25;9.59;2.33;2;2;2;2;2;1.91;1.75;1.75;1.75;1.75;1.75;1.75;1.75;1.75;1.75;1.75;1.75;1.75;4.75;5.5;3.85;2.75;4.84;4.84;3.68;4.71;6.04;4.56;3.08;2.25;0.25;3.78;3.04;0.82;5.41;11.06;9.68;3.48;7.98;11.75;11.75;11.75;11.29;6.46;7.15;11.75;8.07;6;6;6.23;8.53;11.29;4.03;3.25;3.25;3.25;3.51;3.25;3.25
5.25;5.25;5.25;5.25;5.25;5.25;4.95;5.6;6.4;4.82;4;4;4;4;3.68;1.46;0.3;0.38;0.5;0.5;0.5;0.5;1.98;2;2;2;2;2;2;2;1.93;4.48;5.63;6.05;7.31;9.2;10.25;10.25;9.92;3.98;2;2;2;2;2;2;2;1.84;1.75;1.75;1.75;1.75;1.75;1.75;1.75;1.75;1.75;1.75;1.75;2.8;3.93;3.22;3.2;3.58;4.69;6.76;6.7;4.18;58.69;74.12;2.35;1.65;2.73;3.45;1.4;3.12;5.72;3.94;2.05;5.59;11.75;11.75;11.75;8.07;6;8.07;7.84;6;6;6;8.53;11.75;10.14;6.63;5.59;3.25;3.25;3.25;3.25;3.25
5.25;5.25;5.25;5.25;5.25;5.25;5.25;4.7;4;4;4;4;4;4;4;4.4;4.02;0.4;0.5;0.5;0.64;1.76;1.76;2;2;2;2;2;2;2;2.84;5;5.63;6.26;9.2;10.25;10.25;10.25;5.3;2;2;2;2;2;2;2;2;1.99;1.83;1.75;1.75;1.75;1.75;1.75;1.75;1.75;1.12;1.68;1.75;1.75;2.83;4;4;4;4;6.34;7.6;6.34;61.98;76.55;3.19;2.05;4.13;4.72;1.07;0.75;2.07;11.75;3.37;3.16;10.43;11.75;11.52;6.23;6;6.23;8.3;7.15;6;6.46;11.75;11.75;11.75;8.6;6.11;3.25;3.25;3.25;3.25;3.25
5.25;5.25;5.25;5.25;5.25;5.25;5.25;5.25;4.5;4;4;4;4;4;4;4;5.8;8.12;7.3;7.64;3.84;2.73;2;2;2;2;2;2;2;2;6.17;5.42;5.42;8.57;9.83;10.25;10.25;8.27;2;2;2;2;2;2;2;2;2;2;2;1.85;1.75;1.75;1.75;1.68;1.75;1.05;0;0.07;1.4;1.75;3.46;4;4;4;4;4.18;5.8;8.14;8.5;6.92;2.78;0.25;1.06;3.08;1.8;4.59;2.6;11.19;9.3;7.63;10.14;11.06;7.38;6;6;6.23;11.29;8.53;6.92;7.15;11.75;11.75;9.45;5.81;6.96;8.85;9.41;7.45;8.29;8.85
5.25;5.25;5.25;5.25;5.25;5.25;5.25;5.25;5.25;4.5;4;4;4;4;4;4;4.6;9;9;9;4.8;2;2;2;2;2;2;2;2;3.98;10.25;9.83;7.73;7.1;10.25;10.25;10.25;3.98;2;2;2;2;2;2;2;2;2;2;2;2;1.89;1.75;1.33;0.21;0.7;0.07;0;0;0.63;1.68;3.28;4;4;4;4;4;7.78;8.5;8.5;7.42;3.96;1.75;0.43;1.76;0;7.35;8.09;4.08;6.58;6.22;7.38;6.46;5.76;5.68;6;6.23;11.06;11.75;10.6;11.75;11.75;9.91;7.7;10.08;10.25;10.25;10.62;10.25;10.25;10.25
