accessibility,activesentropy,collcost,constrcost,empentropy,euclpace,expcollab,extdecrepitude,extgrowth,failed,gametype,lambdaacc,realcollab,regionalproba,stability,traveldistance,wantedcollab,withextd
0.8483044609348906,0.9991935241514716,1.0E-4,0.001,0.9968914438566993,5.0,0.0,0.0,10.0,0.0,random,0.005,0.0,0.0,0.02411338486393859,33.53632348994886,0.0,false
0.848312241401928,0.9991011148266622,1.0E-4,0.001,0.996652075782694,5.0,0.0,0.0,10.0,0.0,random,0.005,0.0,0.0,0.026260588657098675,33.53414101804441,0.0,false
0.8483175225662579,0.9989931717386424,1.0E-4,0.001,0.996010512610319,5.0,0.0,0.0,10.0,0.0,random,0.005,0.0,0.0,0.023033735208738138,33.53230719085428,0.0,false
0.8482808203812878,0.999135107654303,1.0E-4,0.001,0.9967873868020622,5.0,0.0,0.0,10.0,0.0,random,0.005,0.0,0.0,0.026357617067369832,33.54186879535876,0.0,false
0.8483190519660369,0.9991675344179529,1.0E-4,0.001,0.9968904964095665,5.0,0.0,0.0,10.0,0.0,random,0.005,0.0,0.0,0.022599211530585257,33.53289520789751,0.0,false
0.8483839659177161,0.9991203114519256,1.0E-4,0.001,0.9966311078806616,5.0,0.0,0.0,10.0,0.0,random,0.005,0.0,0.0,0.021568541320515357,33.516640303716166,0.0,false
0.848147561781744,0.9992433560903772,1.0E-4,0.001,0.997039149617602,5.0,0.0,0.0,10.0,0.0,random,0.005,0.0,0.0,0.02459709334625285,33.57475759173893,0.0,false
0.8483229178856675,0.9992412339110982,1.0E-4,0.001,0.9969586488284742,5.0,0.0,0.0,10.0,0.0,random,0.005,0.0,0.0,0.021672811339744753,33.532062650860155,0.0,false
0.8483684897208482,0.9991178315418613,1.0E-4,0.001,0.9966291085987339,5.0,0.0,0.0,10.0,0.0,random,0.005,0.0,0.0,0.02300613301274361,33.52042545808497,0.0,false
0.8483668353830898,0.9991938111368659,1.0E-4,0.001,0.9968587568624724,5.0,0.0,0.0,10.0,0.0,random,0.005,0.0,0.0,0.021648251251027747,33.521180082908266,0.0,false
0.8483724379226057,0.999182260918372,1.0E-4,0.001,0.9968410420358207,5.0,0.0,0.0,10.0,0.0,random,0.005,0.0,0.0,0.02132970759472906,33.519787970967826,0.0,false
0.8482564873430417,0.9992566276300233,1.0E-4,0.001,0.996998297431205,5.0,0.0,0.0,10.0,0.0,random,0.005,0.0,0.0,0.023014509184017935,33.5481911653712,0.0,false
0.8483706427227303,0.9991439844434169,1.0E-4,0.001,0.9967799967514009,5.0,0.0,0.0,10.0,0.0,random,0.005,0.0,0.0,0.021766069159958212,33.520112368587014,0.0,false
0.8483795124148702,0.9991285195453178,1.0E-4,0.001,0.9966550820896168,5.0,0.0,0.0,10.0,0.0,random,0.005,0.0,0.0,0.022023296826541694,33.51776412917372,0.0,false
0.8483839659177169,0.999120311451925,1.0E-4,0.001,0.9966311078806611,5.0,0.0,0.0,10.0,0.0,random,0.005,0.0,0.0,0.021568541320515215,33.51664030371616,0.0,false
0.7262988664447814,0.9989020160118377,1.0E-4,0.001,0.9969243058566661,5.0,0.0,0.0,10.0,0.0,random,0.01,0.0,0.5,0.02402248777222163,33.216461291503165,0.0,false
0.7261960776279287,0.9990750659142678,1.0E-4,0.001,0.9971585393644264,5.0,0.0,0.0,10.0,0.0,random,0.01,0.0,0.5,0.023917496006682304,33.23258464464325,0.0,false
0.7261784875522632,0.9989034765571134,1.0E-4,0.001,0.9968555765133457,5.0,0.0,0.0,10.0,0.0,random,0.01,0.0,0.5,0.029165040554534595,33.23401288018407,0.0,false
0.7261937020073724,0.9989773412807677,1.0E-4,0.001,0.9970630379986464,5.0,0.0,0.0,10.0,0.0,random,0.01,0.0,0.5,0.027595609177288555,33.23225175081691,0.0,false
0.7262951709081689,0.9988955940424145,1.0E-4,0.001,0.996899535148673,5.0,0.0,0.0,10.0,0.0,random,0.01,0.0,0.5,0.024853523218107663,33.216973757143,0.0,false
0.7262013070432043,0.9990539017125566,1.0E-4,0.001,0.9971530338780361,5.0,0.0,0.0,10.0,0.0,random,0.01,0.0,0.5,0.023343080537074085,33.231885633194615,0.0,false
0.726298866444781,0.9989020160118386,1.0E-4,0.001,0.996924305856667,5.0,0.0,0.0,10.0,0.0,random,0.01,0.0,0.5,0.02402248777222154,33.21646129150317,0.0,false
0.7261784875522638,0.9989034765571129,1.0E-4,0.001,0.996855576513347,5.0,0.0,0.0,10.0,0.0,random,0.01,0.0,0.5,0.029165040554534463,33.23401288018407,0.0,false
0.7262032086149144,0.9988489595758498,1.0E-4,0.001,0.9966267807743137,5.0,0.0,0.0,10.0,0.0,random,0.01,0.0,0.5,0.029082647476960887,33.23027923043114,0.0,false
0.7261784875522621,0.9989034765571134,1.0E-4,0.001,0.9968555765133452,5.0,0.0,0.0,10.0,0.0,random,0.01,0.0,0.5,0.02916504055453443,33.23401288018409,0.0,false
0.7262930298225229,0.9988452177750091,1.0E-4,0.001,0.9968074561953267,5.0,0.0,0.0,10.0,0.0,random,0.01,0.0,0.5,0.024241453396115706,33.217012313466164,0.0,false
0.7262032086149137,0.9988489595758505,1.0E-4,0.001,0.9966267807743133,5.0,0.0,0.0,10.0,0.0,random,0.01,0.0,0.5,0.029082647476960842,33.230279230431144,0.0,false
0.7262687765327357,0.9990008608377443,1.0E-4,0.001,0.9971034965071925,5.0,0.0,0.0,10.0,0.0,random,0.01,0.0,0.5,0.023386113674106174,33.22159661264429,0.0,false
0.7262013070432037,0.999053901712556,1.0E-4,0.001,0.9971530338780357,5.0,0.0,0.0,10.0,0.0,random,0.01,0.0,0.5,0.023343080537074033,33.231885633194636,0.0,false
0.7262687765327356,0.9990008608377452,1.0E-4,0.001,0.9971034965071927,5.0,0.0,0.0,10.0,0.0,random,0.01,0.0,0.5,0.023386113674106163,33.22159661264427,0.0,false
0.7261189076076349,0.9990899024733847,1.0E-4,0.001,0.9971715826842675,5.0,0.0,0.0,10.0,0.0,random,0.01,0.0,0.5,0.025566277724487413,33.24371660933751,0.0,false
0.7262951709081678,0.9988955940424152,1.0E-4,0.001,0.9968995351486735,5.0,0.0,0.0,10.0,0.0,random,0.01,0.0,0.5,0.02485352321810784,33.216973757143016,0.0,false
0.7262750424453368,0.9989801462047609,1.0E-4,0.001,0.9970898521544528,5.0,0.0,0.0,10.0,0.0,random,0.01,0.0,0.5,0.023196514543781056,33.220599021175815,0.0,false
0.7262640273449887,0.9989939253618627,1.0E-4,0.001,0.997093144610834,5.0,0.0,0.0,10.0,0.0,random,0.01,0.0,0.5,0.024251344355992493,33.22221461176584,0.0,false
0.7261958349050672,0.9990825936882685,1.0E-4,0.001,0.9971621351804446,5.0,0.0,0.0,10.0,0.0,random,0.01,0.0,0.5,0.023219581972133602,33.23274108942838,0.0,false
0.7262828349902771,0.998870252216249,1.0E-4,0.001,0.9968088845588282,5.0,0.0,0.0,10.0,0.0,random,0.01,0.0,0.5,0.026185463387464494,33.21866415750342,0.0,false
0.7261784875522632,0.9989034765571132,1.0E-4,0.001,0.996855576513346,5.0,0.0,0.0,10.0,0.0,random,0.01,0.0,0.5,0.029165040554534456,33.23401288018406,0.0,false
0.726197950690277,0.9990382156554303,1.0E-4,0.001,0.9971349474169201,5.0,0.0,0.0,10.0,0.0,random,0.01,0.0,0.5,0.025427717789000732,33.232031014630905,0.0,false
0.7261979506902764,0.99903821565543,1.0E-4,0.001,0.997134947416919,5.0,0.0,0.0,10.0,0.0,random,0.01,0.0,0.5,0.025427717789000822,33.23203101463088,0.0,false
0.7262828349902768,0.9988702522162499,1.0E-4,0.001,0.996808884558827,5.0,0.0,0.0,10.0,0.0,random,0.01,0.0,0.5,0.026185463387464348,33.21866415750345,0.0,false
0.7262032086149142,0.9988489595758502,1.0E-4,0.001,0.996626780774313,5.0,0.0,0.0,10.0,0.0,random,0.01,0.0,0.5,0.029082647476960828,33.23027923043118,0.0,false
0.7262603800721832,0.9989608227944506,1.0E-4,0.001,0.9970489047470973,5.0,0.0,0.0,10.0,0.0,random,0.01,0.0,0.5,0.025762303483567835,33.22253161526682,0.0,false
0.7259737200943222,0.9991466978664094,1.0E-4,0.001,0.9972022448267942,5.0,0.0,0.0,10.0,0.0,random,0.01,0.0,0.5,0.02566754548918749,33.265432628812476,0.0,false
0.7261960776279285,0.9990750659142678,1.0E-4,0.001,0.9971585393644269,5.0,0.0,0.0,10.0,0.0,random,0.01,0.0,0.5,0.02391749600668222,33.23258464464324,0.0,false
0.7261840766885808,0.9987854156082375,1.0E-4,0.001,0.9960450199156762,5.0,0.0,0.0,10.0,0.0,random,0.01,0.0,0.5,0.028239546265500494,33.232829655328466,0.0,false
0.7261244823326817,0.999022819450054,1.0E-4,0.001,0.9971197753585859,5.0,0.0,0.0,10.0,0.0,random,0.01,0.0,0.5,0.02769066642966511,33.24244112163658,0.0,false
0.7262013070432041,0.9990539017125564,1.0E-4,0.001,0.9971530338780361,5.0,0.0,0.0,10.0,0.0,random,0.01,0.0,0.5,0.023343080537074307,33.23188563319466,0.0,false
0.7262603800721824,0.9989608227944496,1.0E-4,0.001,0.997048904747097,5.0,0.0,0.0,10.0,0.0,random,0.01,0.0,0.5,0.02576230348356768,33.22253161526682,0.0,false
0.7262951709081686,0.9988955940424147,1.0E-4,0.001,0.9968995351486738,5.0,0.0,0.0,10.0,0.0,random,0.01,0.0,0.5,0.024853523218107618,33.21697375714301,0.0,false
0.7261840766885812,0.9987854156082382,1.0E-4,0.001,0.9960450199156765,5.0,0.0,0.0,10.0,0.0,random,0.01,0.0,0.5,0.028239546265500376,33.23282965532848,0.0,false
0.7262448633908839,0.9989096635664223,1.0E-4,0.001,0.996933075313776,5.0,0.0,0.0,10.0,0.0,random,0.01,0.0,0.5,0.027735076011423915,33.224502502483496,0.0,false
0.7262988664447811,0.998902016011837,1.0E-4,0.001,0.996924305856667,5.0,0.0,0.0,10.0,0.0,random,0.01,0.0,0.5,0.02402248777222151,33.21646129150313,0.0,false
0.726201307043204,0.9990539017125561,1.0E-4,0.001,0.9971530338780357,5.0,0.0,0.0,10.0,0.0,random,0.01,0.0,0.5,0.023343080537074207,33.23188563319462,0.0,false
0.726188737529155,0.9987297059477446,1.0E-4,0.001,0.9959789822428481,5.0,0.0,0.0,10.0,0.0,random,0.01,0.0,0.5,0.025531942686514774,33.23145431111732,0.0,false
0.726124482332682,0.999022819450054,1.0E-4,0.001,0.9971197753585862,5.0,0.0,0.0,10.0,0.0,random,0.01,0.0,0.5,0.027690666429665257,33.2424411216366,0.0,false
0.7262013070432048,0.9990539017125566,1.0E-4,0.001,0.997153033878035,5.0,0.0,0.0,10.0,0.0,random,0.01,0.0,0.5,0.023343080537074044,33.231885633194636,0.0,false
0.7262988664447811,0.9989020160118375,1.0E-4,0.001,0.9969243058566658,5.0,0.0,0.0,10.0,0.0,random,0.01,0.0,0.5,0.02402248777222155,33.216461291503116,0.0,false
0.726277722053697,0.9989312631195664,1.0E-4,0.001,0.997043312638986,5.0,0.0,0.0,10.0,0.0,random,0.01,0.0,0.5,0.02387097168461498,33.2199677869281,0.0,false
0.726118907607635,0.9990899024733841,1.0E-4,0.001,0.9971715826842672,5.0,0.0,0.0,10.0,0.0,random,0.01,0.0,0.5,0.025566277724487232,33.24371660933753,0.0,false
0.7261960776279284,0.9990750659142674,1.0E-4,0.001,0.9971585393644272,5.0,0.0,0.0,10.0,0.0,random,0.01,0.0,0.5,0.02391749600668239,33.23258464464326,0.0,false
0.7262013070432034,0.9990539017125557,1.0E-4,0.001,0.997153033878035,5.0,0.0,0.0,10.0,0.0,random,0.01,0.0,0.5,0.023343080537073874,33.23188563319462,0.0,false
0.7261189076076349,0.9990899024733844,1.0E-4,0.001,0.9971715826842669,5.0,0.0,0.0,10.0,0.0,random,0.01,0.0,0.5,0.0255662777244875,33.243716609337476,0.0,false
0.7262032086149138,0.9988489595758502,1.0E-4,0.001,0.9966267807743139,5.0,0.0,0.0,10.0,0.0,random,0.01,0.0,0.5,0.02908264747696098,33.23027923043116,0.0,false
0.7262448633908841,0.9989096635664221,1.0E-4,0.001,0.996933075313776,5.0,0.0,0.0,10.0,0.0,random,0.01,0.0,0.5,0.02773507601142394,33.22450250248345,0.0,false
0.7261958349050672,0.9990825936882678,1.0E-4,0.001,0.9971621351804458,5.0,0.0,0.0,10.0,0.0,random,0.01,0.0,0.5,0.023219581972133703,33.232741089428366,0.0,false
0.7262777220536968,0.9989312631195656,1.0E-4,0.001,0.997043312638986,5.0,0.0,0.0,10.0,0.0,random,0.01,0.0,0.5,0.023870971684614946,33.219967786928095,0.0,false
0.7261979506902764,0.9990382156554303,1.0E-4,0.001,0.997134947416919,5.0,0.0,0.0,10.0,0.0,random,0.01,0.0,0.5,0.025427717789000687,33.23203101463089,0.0,false
0.7261050725948112,0.9991319865734156,1.0E-4,0.001,0.997185866636538,5.0,0.0,0.0,10.0,0.0,random,0.01,0.0,0.5,0.02425575551267726,33.24607084649041,0.0,false
0.7261840766885805,0.9987854156082382,1.0E-4,0.001,0.9960450199156755,5.0,0.0,0.0,10.0,0.0,random,0.01,0.0,0.5,0.028239546265500404,33.23282965532844,0.0,false
0.7261050725948103,0.9991319865734155,1.0E-4,0.001,0.9971858666365375,5.0,0.0,0.0,10.0,0.0,random,0.01,0.0,0.5,0.024255755512677477,33.24607084649044,0.0,false
0.7262999060741151,0.9988846331087236,1.0E-4,0.001,0.9968984629623979,5.0,0.0,0.0,10.0,0.0,random,0.01,0.0,0.5,0.0238451831806839,33.216218427049675,0.0,false
0.7261979506902759,0.9990382156554313,1.0E-4,0.001,0.9971349474169198,5.0,0.0,0.0,10.0,0.0,random,0.01,0.0,0.5,0.025427717789000787,33.23203101463087,0.0,false
0.7262640273449891,0.998993925361863,1.0E-4,0.001,0.9970931446108341,5.0,0.0,0.0,10.0,0.0,random,0.01,0.0,0.5,0.024251344355992358,33.22221461176587,0.0,false
0.7262777220536969,0.9989312631195656,1.0E-4,0.001,0.9970433126389859,5.0,0.0,0.0,10.0,0.0,random,0.01,0.0,0.5,0.023870971684614804,33.21996778692813,0.0,false
0.7262930298225223,0.9988452177750093,1.0E-4,0.001,0.9968074561953264,5.0,0.0,0.0,10.0,0.0,random,0.01,0.0,0.5,0.024241453396115876,33.217012313466206,0.0,false
0.7262032086149135,0.9988489595758496,1.0E-4,0.001,0.9966267807743134,5.0,0.0,0.0,10.0,0.0,random,0.01,0.0,0.5,0.02908264747696087,33.23027923043114,0.0,false
0.7262930298225228,0.99884521777501,1.0E-4,0.001,0.9968074561953267,5.0,0.0,0.0,10.0,0.0,random,0.01,0.0,0.5,0.024241453396115872,33.21701231346618,0.0,false
0.7262828349902763,0.998870252216249,1.0E-4,0.001,0.9968088845588268,5.0,0.0,0.0,10.0,0.0,random,0.01,0.0,0.5,0.02618546338746446,33.2186641575034,0.0,false
0.726201307043204,0.9990539017125557,1.0E-4,0.001,0.9971530338780353,5.0,0.0,0.0,10.0,0.0,random,0.01,0.0,0.5,0.023343080537074064,33.231885633194594,0.0,false
0.7262032086149138,0.9988489595758498,1.0E-4,0.001,0.9966267807743133,5.0,0.0,0.0,10.0,0.0,random,0.01,0.0,0.5,0.02908264747696087,33.23027923043114,0.0,false
0.7261050725948107,0.9991319865734152,1.0E-4,0.001,0.9971858666365372,5.0,0.0,0.0,10.0,0.0,random,0.01,0.0,0.5,0.024255755512677262,33.24607084649039,0.0,false
0.7262687465973184,0.9988593512330518,1.0E-4,0.001,0.9969237987928188,5.0,0.0,0.0,10.0,0.0,random,0.01,0.0,0.5,0.02527233116268561,33.22088132892827,0.0,false
0.7260955402886038,0.9991333164893936,1.0E-4,0.001,0.9971865694260521,5.0,0.0,0.0,10.0,0.0,random,0.01,0.0,0.5,0.023924454033183565,33.24762367135826,0.0,false
0.7259737200943218,0.999146697866409,1.0E-4,0.001,0.9972022448267936,5.0,0.0,0.0,10.0,0.0,random,0.01,0.0,0.5,0.025667545489187638,33.26543262881255,0.0,false
0.7262951709081682,0.9988955940424156,1.0E-4,0.001,0.9968995351486731,5.0,0.0,0.0,10.0,0.0,random,0.01,0.0,0.5,0.024853523218107507,33.21697375714297,0.0,false
0.725973720094322,0.9991466978664093,1.0E-4,0.001,0.9972022448267945,5.0,0.0,0.0,10.0,0.0,random,0.01,0.0,0.5,0.025667545489187565,33.26543262881249,0.0,false
0.7261189076076342,0.9990899024733852,1.0E-4,0.001,0.9971715826842678,5.0,0.0,0.0,10.0,0.0,random,0.01,0.0,0.5,0.025566277724487343,33.243716609337525,0.0,false
0.7261887375291558,0.9987297059477455,1.0E-4,0.001,0.9959789822428489,5.0,0.0,0.0,10.0,0.0,random,0.01,0.0,0.5,0.025531942686514777,33.23145431111732,0.0,false
0.7261189076076345,0.9990899024733841,1.0E-4,0.001,0.9971715826842669,5.0,0.0,0.0,10.0,0.0,random,0.01,0.0,0.5,0.025566277724487572,33.243716609337476,0.0,false
0.7262448633908838,0.998909663566422,1.0E-4,0.001,0.9969330753137768,5.0,0.0,0.0,10.0,0.0,random,0.01,0.0,0.5,0.027735076011423918,33.22450250248348,0.0,false
0.726295170908169,0.9988955940424152,1.0E-4,0.001,0.9968995351486731,5.0,0.0,0.0,10.0,0.0,random,0.01,0.0,0.5,0.024853523218107607,33.216973757143,0.0,false
0.7262828349902762,0.998870252216249,1.0E-4,0.001,0.9968088845588277,5.0,0.0,0.0,10.0,0.0,random,0.01,0.0,0.5,0.026185463387464303,33.21866415750343,0.0,false
0.7262777220536971,0.9989312631195664,1.0E-4,0.001,0.9970433126389856,5.0,0.0,0.0,10.0,0.0,random,0.01,0.0,0.5,0.023870971684614835,33.21996778692815,0.0,false
0.726208628519159,0.9989935226653944,1.0E-4,0.001,0.9971238382867185,5.0,0.0,0.0,10.0,0.0,random,0.01,0.0,0.5,0.02432113580094214,33.23058803666212,0.0,false
0.7262777220536967,0.998931263119566,1.0E-4,0.001,0.9970433126389857,5.0,0.0,0.0,10.0,0.0,random,0.01,0.0,0.5,0.02387097168461471,33.21996778692807,0.0,false
0.726196077627928,0.9990750659142671,1.0E-4,0.001,0.9971585393644276,5.0,0.0,0.0,10.0,0.0,random,0.01,0.0,0.5,0.023917496006682446,33.232584644643204,0.0,false
0.7262687465973185,0.9988593512330511,1.0E-4,0.001,0.9969237987928191,5.0,0.0,0.0,10.0,0.0,random,0.01,0.0,0.5,0.0252723311626855,33.220881328928265,0.0,false
0.7262579403201875,0.9988290377557185,1.0E-4,0.001,0.9965916609818534,5.0,0.0,0.0,10.0,0.0,random,0.01,0.0,0.5,0.02753704183374904,33.2221479662997,0.0,false
0.7261244823326822,0.999022819450055,1.0E-4,0.001,0.9971197753585853,5.0,0.0,0.0,10.0,0.0,random,0.01,0.0,0.5,0.02769066642966523,33.24244112163659,0.0,false
0.7262777220536969,0.9989312631195658,1.0E-4,0.001,0.997043312638986,5.0,0.0,0.0,10.0,0.0,random,0.01,0.0,0.5,0.023870971684614883,33.21996778692811,0.0,false
0.7262999060741148,0.9988846331087238,1.0E-4,0.001,0.9968984629623979,5.0,0.0,0.0,10.0,0.0,random,0.01,0.0,0.5,0.02384518318068382,33.216218427049604,0.0,false
0.7261960776279284,0.999075065914268,1.0E-4,0.001,0.9971585393644276,5.0,0.0,0.0,10.0,0.0,random,0.01,0.0,0.5,0.02391749600668241,33.232584644643225,0.0,false
0.7261840766885812,0.9987854156082384,1.0E-4,0.001,0.9960450199156761,5.0,0.0,0.0,10.0,0.0,random,0.01,0.0,0.5,0.02823954626550033,33.232829655328466,0.0,false
0.7262032086149143,0.9988489595758502,1.0E-4,0.001,0.9966267807743134,5.0,0.0,0.0,10.0,0.0,random,0.01,0.0,0.5,0.0290826474769608,33.23027923043118,0.0,false
0.7261244823326828,0.9990228194500539,1.0E-4,0.001,0.9971197753585859,5.0,0.0,0.0,10.0,0.0,random,0.01,0.0,0.5,0.027690666429665195,33.24244112163661,0.0,false
0.7259737200943214,0.999146697866409,1.0E-4,0.001,0.9972022448267939,5.0,0.0,0.0,10.0,0.0,random,0.01,0.0,0.5,0.025667545489187506,33.26543262881252,0.0,false
0.7262640273449887,0.998993925361863,1.0E-4,0.001,0.997093144610834,5.0,0.0,0.0,10.0,0.0,random,0.01,0.0,0.5,0.024251344355992407,33.22221461176588,0.0,false
0.7261244823326817,0.9990228194500546,1.0E-4,0.001,0.9971197753585853,5.0,0.0,0.0,10.0,0.0,random,0.01,0.0,0.5,0.027690666429665403,33.242441121636574,0.0,false
0.726178487552263,0.9989034765571131,1.0E-4,0.001,0.9968555765133463,5.0,0.0,0.0,10.0,0.0,random,0.01,0.0,0.5,0.029165040554534463,33.234012880184096,0.0,false
0.7262687465973178,0.9988593512330516,1.0E-4,0.001,0.9969237987928186,5.0,0.0,0.0,10.0,0.0,random,0.01,0.0,0.5,0.025272331162685638,33.220881328928265,0.0,false
0.7262777220536969,0.998931263119566,1.0E-4,0.001,0.9970433126389864,5.0,0.0,0.0,10.0,0.0,random,0.01,0.0,0.5,0.02387097168461473,33.21996778692811,0.0,false
0.7262999060741149,0.9988846331087232,1.0E-4,0.001,0.9968984629623974,5.0,0.0,0.0,10.0,0.0,random,0.01,0.0,0.5,0.023845183180683897,33.21621842704961,0.0,false
0.7262951709081692,0.9988955940424153,1.0E-4,0.001,0.9968995351486738,5.0,0.0,0.0,10.0,0.0,random,0.01,0.0,0.5,0.024853523218107763,33.21697375714298,0.0,false
0.7262999060741148,0.9988846331087231,1.0E-4,0.001,0.996898462962398,5.0,0.0,0.0,10.0,0.0,random,0.01,0.0,0.5,0.023845183180683807,33.2162184270496,0.0,false
0.7262750424453372,0.9989801462047618,1.0E-4,0.001,0.9970898521544539,5.0,0.0,0.0,10.0,0.0,random,0.01,0.0,0.5,0.023196514543780973,33.22059902117578,0.0,false
0.8482531352565007,0.9992172526628696,1.0E-4,0.001,0.9969513831569917,5.0,0.0,0.0,10.0,0.0,random,0.005,0.0,0.5,0.02435902214406845,33.54882514630852,0.0,false
0.848312241401929,0.9991011148266619,1.0E-4,0.001,0.9966520757826937,5.0,0.0,0.0,10.0,0.0,random,0.005,0.0,0.5,0.02626058865709866,33.53414101804444,0.0,false
0.848356037341692,0.9991813362534584,1.0E-4,0.001,0.9968392830167432,5.0,0.0,0.0,10.0,0.0,random,0.005,0.0,0.5,0.022662559935574974,33.52375651864005,0.0,false
0.8482493831487631,0.99926267536741,1.0E-4,0.001,0.9970126722952416,5.0,0.0,0.0,10.0,0.0,random,0.005,0.0,0.5,0.022616568558549544,33.55002341885707,0.0,false
0.8483170129859529,0.9992305820776894,1.0E-4,0.001,0.9969428153771084,5.0,0.0,0.0,10.0,0.0,random,0.005,0.0,0.5,0.022486469564968824,33.53342315923665,0.0,false
0.8483668353830893,0.9991938111368667,1.0E-4,0.001,0.9968587568624727,5.0,0.0,0.0,10.0,0.0,random,0.005,0.0,0.5,0.021648251251027796,33.52118008290825,0.0,false
0.8483175225662581,0.9989931717386424,1.0E-4,0.001,0.9960105126103195,5.0,0.0,0.0,10.0,0.0,random,0.005,0.0,0.5,0.02303373520873776,33.5323071908543,0.0,false
0.8483175225662587,0.9989931717386423,1.0E-4,0.001,0.9960105126103209,5.0,0.0,0.0,10.0,0.0,random,0.005,0.0,0.5,0.023033735208737777,33.532307190854276,0.0,false
0.84837951241487,0.9991285195453179,1.0E-4,0.001,0.9966550820896166,5.0,0.0,0.0,10.0,0.0,random,0.005,0.0,0.5,0.02202329682654205,33.517764129173706,0.0,false
0.8483494067670075,0.9990928834384419,1.0E-4,0.001,0.9965463092005035,5.0,0.0,0.0,10.0,0.0,random,0.005,0.0,0.5,0.024403138858642752,33.52500483744616,0.0,false
0.8483790078737198,0.9990929661970263,1.0E-4,0.001,0.9965492848221408,5.0,0.0,0.0,10.0,0.0,random,0.005,0.0,0.5,0.02170954722330188,33.51774207478258,0.0,false
0.8482343263094667,0.9991534953428018,1.0E-4,0.001,0.9968571402804124,5.0,0.0,0.0,10.0,0.0,random,0.005,0.0,0.5,0.026546524747944847,33.553164131113256,0.0,false
0.8483122414019284,0.9991011148266624,1.0E-4,0.001,0.9966520757826934,5.0,0.0,0.0,10.0,0.0,random,0.005,0.0,0.5,0.02626058865709873,33.53414101804443,0.0,false
0.848319051966037,0.9991675344179529,1.0E-4,0.001,0.9968904964095663,5.0,0.0,0.0,10.0,0.0,random,0.005,0.0,0.5,0.022599211530585264,33.532895207897475,0.0,false
0.848304460934889,0.9991935241514713,1.0E-4,0.001,0.9968914438566983,5.0,0.0,0.0,10.0,0.0,random,0.005,0.0,0.5,0.024113384863938676,33.53632348994886,0.0,false
0.8483170446004746,0.9990559600473972,1.0E-4,0.001,0.9963806009609584,5.0,0.0,0.0,10.0,0.0,random,0.005,0.0,0.5,0.02596402803057402,33.53280380773683,0.0,false
0.8483724379226063,0.9991822609183714,1.0E-4,0.001,0.9968410420358215,5.0,0.0,0.0,10.0,0.0,random,0.005,0.0,0.5,0.021329707594728887,33.519787970967876,0.0,false
0.8483597985862577,0.9990487449213189,1.0E-4,0.001,0.9963773505143718,5.0,0.0,0.0,10.0,0.0,random,0.005,0.0,0.5,0.022402512256272995,33.52224924230935,0.0,false
0.8481475617817439,0.9992433560903774,1.0E-4,0.001,0.9970391496176013,5.0,0.0,0.0,10.0,0.0,random,0.005,0.0,0.5,0.02459709334625263,33.57475759173893,0.0,false
0.8482560747679,0.9990796630068768,1.0E-4,0.001,0.9965821535218888,5.0,0.0,0.0,10.0,0.0,random,0.005,0.0,0.5,0.027511303062400162,33.54767273658747,0.0,false
0.8482560747679007,0.9990796630068774,1.0E-4,0.001,0.9965821535218882,5.0,0.0,0.0,10.0,0.0,random,0.005,0.0,0.5,0.027511303062399992,33.547672736587465,0.0,false
0.8483839659177175,0.9991203114519263,1.0E-4,0.001,0.9966311078806606,5.0,0.0,0.0,10.0,0.0,random,0.005,0.0,0.5,0.021568541320515295,33.516640303716144,0.0,false
0.8482493831487639,0.999262675367412,1.0E-4,0.001,0.9970126722952416,5.0,0.0,0.0,10.0,0.0,random,0.005,0.0,0.5,0.022616568558549537,33.5500234188571,0.0,false
0.8483668353830887,0.9991938111368662,1.0E-4,0.001,0.9968587568624718,5.0,0.0,0.0,10.0,0.0,random,0.005,0.0,0.5,0.021648251251027796,33.52118008290827,0.0,false
0.8483494067670077,0.9990928834384413,1.0E-4,0.001,0.9965463092005042,5.0,0.0,0.0,10.0,0.0,random,0.005,0.0,0.5,0.02440313885864291,33.52500483744617,0.0,false
0.848339803214149,0.9991469466446989,1.0E-4,0.001,0.9967772329500649,5.0,0.0,0.0,10.0,0.0,random,0.005,0.0,0.5,0.024298371557874388,33.527587790561874,0.0,false
0.848372437922606,0.9991822609183708,1.0E-4,0.001,0.9968410420358218,5.0,0.0,0.0,10.0,0.0,random,0.005,0.0,0.5,0.02132970759472886,33.51978797096786,0.0,false
0.8483597985862571,0.9990487449213196,1.0E-4,0.001,0.996377350514372,5.0,0.0,0.0,10.0,0.0,random,0.005,0.0,0.5,0.02240251225627299,33.52224924230933,0.0,false
0.8482666642159612,0.9990520835490028,1.0E-4,0.001,0.996407212104258,5.0,0.0,0.0,10.0,0.0,random,0.005,0.0,0.5,0.027515178334134645,33.54508996785723,0.0,false
0.8483175225662581,0.998993171738643,1.0E-4,0.001,0.9960105126103197,5.0,0.0,0.0,10.0,0.0,random,0.005,0.0,0.5,0.023033735208737905,33.53230719085426,0.0,false
0.8483684897208498,0.9991178315418622,1.0E-4,0.001,0.9966291085987345,5.0,0.0,0.0,10.0,0.0,random,0.005,0.0,0.5,0.023006133012743762,33.520425458084986,0.0,false
0.8483044609348891,0.9991935241514708,1.0E-4,0.001,0.9968914438566993,5.0,0.0,0.0,10.0,0.0,random,0.005,0.0,0.5,0.024113384863938683,33.53632348994887,0.0,false
0.8483839659177167,0.9991203114519263,1.0E-4,0.001,0.9966311078806618,5.0,0.0,0.0,10.0,0.0,random,0.005,0.0,0.5,0.021568541320515236,33.51664030371612,0.0,false
0.8483684897208477,0.9991178315418617,1.0E-4,0.001,0.996629108598735,5.0,0.0,0.0,10.0,0.0,random,0.005,0.0,0.5,0.023006133012743894,33.520425458084965,0.0,false
0.8483578752879709,0.9990831494097482,1.0E-4,0.001,0.9966510887273973,5.0,0.0,0.0,10.0,0.0,random,0.005,0.0,0.5,0.022967523670198803,33.52302201904507,0.0,false
0.8483790078737202,0.9990929661970247,1.0E-4,0.001,0.9965492848221406,5.0,0.0,0.0,10.0,0.0,random,0.005,0.0,0.5,0.02170954722330201,33.517742074782575,0.0,false
0.8483170446004743,0.9990559600473979,1.0E-4,0.001,0.9963806009609584,5.0,0.0,0.0,10.0,0.0,random,0.005,0.0,0.5,0.0259640280305741,33.53280380773683,0.0,false
0.8482531352565005,0.9992172526628696,1.0E-4,0.001,0.9969513831569919,5.0,0.0,0.0,10.0,0.0,random,0.005,0.0,0.5,0.024359022144068147,33.548825146308516,0.0,false
0.8482560747679007,0.9990796630068768,1.0E-4,0.001,0.9965821535218887,5.0,0.0,0.0,10.0,0.0,random,0.005,0.0,0.5,0.02751130306240003,33.547672736587515,0.0,false
0.8483170446004744,0.9990559600473982,1.0E-4,0.001,0.9963806009609584,5.0,0.0,0.0,10.0,0.0,random,0.005,0.0,0.5,0.02596402803057409,33.53280380773683,0.0,false
0.8483795124148706,0.9991285195453181,1.0E-4,0.001,0.9966550820896168,5.0,0.0,0.0,10.0,0.0,random,0.005,0.0,0.5,0.022023296826541815,33.517764129173706,0.0,false
0.8483231883077204,0.999220689660238,1.0E-4,0.001,0.9969431524875789,5.0,0.0,0.0,10.0,0.0,random,0.005,0.0,0.5,0.021716583199522813,33.53198701125196,0.0,false
0.8482493831487647,0.9992626753674115,1.0E-4,0.001,0.9970126722952416,5.0,0.0,0.0,10.0,0.0,random,0.005,0.0,0.5,0.022616568558549675,33.550023418857094,0.0,false
0.8483231883077204,0.9992206896602374,1.0E-4,0.001,0.9969431524875781,5.0,0.0,0.0,10.0,0.0,random,0.005,0.0,0.5,0.021716583199523062,33.53198701125199,0.0,false
0.8482808203812875,0.9991351076543037,1.0E-4,0.001,0.9967873868020616,5.0,0.0,0.0,10.0,0.0,random,0.005,0.0,0.5,0.026357617067369495,33.54186879535876,0.0,false
0.8481475617817436,0.9992433560903781,1.0E-4,0.001,0.9970391496176019,5.0,0.0,0.0,10.0,0.0,random,0.005,0.0,0.5,0.024597093346252777,33.57475759173892,0.0,false
0.8483398032141491,0.9991469466446985,1.0E-4,0.001,0.9967772329500652,5.0,0.0,0.0,10.0,0.0,random,0.005,0.0,0.5,0.024298371557874537,33.52758779056184,0.0,false
0.8483170129859526,0.9992305820776886,1.0E-4,0.001,0.9969428153771089,5.0,0.0,0.0,10.0,0.0,random,0.005,0.0,0.5,0.022486469564968678,33.53342315923665,0.0,false
0.8482531352565013,0.9992172526628695,1.0E-4,0.001,0.9969513831569927,5.0,0.0,0.0,10.0,0.0,random,0.005,0.0,0.5,0.024359022144068508,33.548825146308516,0.0,false
0.8483170129859522,0.9992305820776887,1.0E-4,0.001,0.9969428153771089,5.0,0.0,0.0,10.0,0.0,random,0.005,0.0,0.5,0.022486469564968376,33.53342315923664,0.0,false
0.848317044600474,0.9990559600473976,1.0E-4,0.001,0.9963806009609584,5.0,0.0,0.0,10.0,0.0,random,0.005,0.0,0.5,0.025964028030573974,33.53280380773683,0.0,false
0.848357875287971,0.9990831494097485,1.0E-4,0.001,0.9966510887273969,5.0,0.0,0.0,10.0,0.0,random,0.005,0.0,0.5,0.022967523670198678,33.5230220190451,0.0,false
0.84832318830772,0.9992206896602375,1.0E-4,0.001,0.9969431524875785,5.0,0.0,0.0,10.0,0.0,random,0.005,0.0,0.5,0.021716583199522937,33.53198701125195,0.0,false
0.8483790078737203,0.9990929661970253,1.0E-4,0.001,0.9965492848221408,5.0,0.0,0.0,10.0,0.0,random,0.005,0.0,0.5,0.02170954722330218,33.51774207478256,0.0,false
0.84835787528797,0.9990831494097493,1.0E-4,0.001,0.9966510887273968,5.0,0.0,0.0,10.0,0.0,random,0.005,0.0,0.5,0.022967523670198685,33.523022019045094,0.0,false
0.8482627785286716,0.999020359766166,1.0E-4,0.001,0.9960548760218803,5.0,0.0,0.0,10.0,0.0,random,0.005,0.0,0.5,0.0266044924598628,33.545970755637654,0.0,false
0.84832318830772,0.9992206896602371,1.0E-4,0.001,0.9969431524875789,5.0,0.0,0.0,10.0,0.0,random,0.005,0.0,0.5,0.02171658319952266,33.53198701125196,0.0,false
0.8482808203812879,0.9991351076543036,1.0E-4,0.001,0.9967873868020622,5.0,0.0,0.0,10.0,0.0,random,0.005,0.0,0.5,0.0263576170673696,33.541868795358745,0.0,false
0.8483560373416918,0.999181336253459,1.0E-4,0.001,0.9968392830167433,5.0,0.0,0.0,10.0,0.0,random,0.005,0.0,0.5,0.02266255993557493,33.52375651864007,0.0,false
0.8483170446004737,0.9990559600473976,1.0E-4,0.001,0.9963806009609584,5.0,0.0,0.0,10.0,0.0,random,0.005,0.0,0.5,0.025964028030573957,33.53280380773684,0.0,false
0.8483170129859521,0.999230582077688,1.0E-4,0.001,0.9969428153771084,5.0,0.0,0.0,10.0,0.0,random,0.005,0.0,0.5,0.022486469564968567,33.53342315923662,0.0,false
0.848249383148763,0.9992626753674119,1.0E-4,0.001,0.9970126722952422,5.0,0.0,0.0,10.0,0.0,random,0.005,0.0,0.5,0.022616568558549502,33.55002341885708,0.0,false
0.848312241401929,0.9991011148266625,1.0E-4,0.001,0.9966520757826928,5.0,0.0,0.0,10.0,0.0,random,0.005,0.0,0.5,0.026260588657098547,33.53414101804445,0.0,false
0.8483170446004734,0.9990559600473984,1.0E-4,0.001,0.9963806009609582,5.0,0.0,0.0,10.0,0.0,random,0.005,0.0,0.5,0.02596402803057401,33.532803807736826,0.0,false
0.8483706427227301,0.9991439844434173,1.0E-4,0.001,0.9967799967514016,5.0,0.0,0.0,10.0,0.0,random,0.005,0.0,0.5,0.021766069159957997,33.52011236858703,0.0,false
0.848249383148764,0.9992626753674128,1.0E-4,0.001,0.9970126722952413,5.0,0.0,0.0,10.0,0.0,random,0.005,0.0,0.5,0.022616568558549426,33.550023418857094,0.0,false
0.8483684897208487,0.9991178315418614,1.0E-4,0.001,0.996629108598734,5.0,0.0,0.0,10.0,0.0,random,0.005,0.0,0.5,0.023006133012743485,33.52042545808497,0.0,false
0.8482808203812884,0.9991351076543037,1.0E-4,0.001,0.9967873868020631,5.0,0.0,0.0,10.0,0.0,random,0.005,0.0,0.5,0.02635761706736981,33.54186879535875,0.0,false
0.848262778528672,0.9990203597661662,1.0E-4,0.001,0.9960548760218809,5.0,0.0,0.0,10.0,0.0,random,0.005,0.0,0.5,0.026604492459862822,33.545970755637676,0.0,false
0.8482343263094672,0.9991534953428014,1.0E-4,0.001,0.9968571402804124,5.0,0.0,0.0,10.0,0.0,random,0.005,0.0,0.5,0.02654652474794489,33.55316413111324,0.0,false
0.848253135256501,0.999217252662869,1.0E-4,0.001,0.9969513831569926,5.0,0.0,0.0,10.0,0.0,random,0.005,0.0,0.5,0.02435902214406828,33.548825146308516,0.0,false
0.8483560373416914,0.9991813362534586,1.0E-4,0.001,0.9968392830167435,5.0,0.0,0.0,10.0,0.0,random,0.005,0.0,0.5,0.02266255993557513,33.523756518640106,0.0,false
0.8482808203812873,0.9991351076543045,1.0E-4,0.001,0.9967873868020622,5.0,0.0,0.0,10.0,0.0,random,0.005,0.0,0.5,0.026357617067369467,33.541868795358745,0.0,false
0.8482560747678997,0.9990796630068769,1.0E-4,0.001,0.9965821535218885,5.0,0.0,0.0,10.0,0.0,random,0.005,0.0,0.5,0.027511303062400103,33.54767273658751,0.0,false
0.8483795124148703,0.9991285195453176,1.0E-4,0.001,0.9966550820896171,5.0,0.0,0.0,10.0,0.0,random,0.005,0.0,0.5,0.022023296826541947,33.51776412917372,0.0,false
0.8483706427227309,0.999143984443417,1.0E-4,0.001,0.9967799967514013,5.0,0.0,0.0,10.0,0.0,random,0.005,0.0,0.5,0.021766069159958,33.52011236858701,0.0,false
0.8482808203812873,0.9991351076543037,1.0E-4,0.001,0.9967873868020631,5.0,0.0,0.0,10.0,0.0,random,0.005,0.0,0.5,0.02635761706736953,33.541868795358745,0.0,false
0.8483684897208483,0.9991178315418616,1.0E-4,0.001,0.9966291085987342,5.0,0.0,0.0,10.0,0.0,random,0.005,0.0,0.5,0.023006133012743832,33.52042545808499,0.0,false
0.8483170446004736,0.9990559600473973,1.0E-4,0.001,0.9963806009609584,5.0,0.0,0.0,10.0,0.0,random,0.005,0.0,0.5,0.02596402803057394,33.53280380773682,0.0,false
0.8483795124148708,0.9991285195453179,1.0E-4,0.001,0.9966550820896171,5.0,0.0,0.0,10.0,0.0,random,0.005,0.0,0.5,0.022023296826541916,33.517764129173706,0.0,false
0.8483706427227307,0.9991439844434169,1.0E-4,0.001,0.9967799967514008,5.0,0.0,0.0,10.0,0.0,random,0.005,0.0,0.5,0.021766069159958226,33.52011236858697,0.0,false
0.8483398032141499,0.9991469466446983,1.0E-4,0.001,0.9967772329500652,5.0,0.0,0.0,10.0,0.0,random,0.005,0.0,0.5,0.02429837155787449,33.52758779056186,0.0,false
0.8483044609348903,0.9991935241514712,1.0E-4,0.001,0.9968914438566984,5.0,0.0,0.0,10.0,0.0,random,0.005,0.0,0.5,0.02411338486393888,33.53632348994889,0.0,false
0.8483044609348894,0.9991935241514716,1.0E-4,0.001,0.9968914438566984,5.0,0.0,0.0,10.0,0.0,random,0.005,0.0,0.5,0.02411338486393869,33.536323489948835,0.0,false
0.8482627785286712,0.9990203597661653,1.0E-4,0.001,0.9960548760218805,5.0,0.0,0.0,10.0,0.0,random,0.005,0.0,0.5,0.026604492459862995,33.54597075563766,0.0,false
0.8483044609348895,0.999193524151471,1.0E-4,0.001,0.9968914438566995,5.0,0.0,0.0,10.0,0.0,random,0.005,0.0,0.5,0.024113384863938627,33.53632348994886,0.0,false
0.8483684897208484,0.9991178315418622,1.0E-4,0.001,0.9966291085987342,5.0,0.0,0.0,10.0,0.0,random,0.005,0.0,0.5,0.023006133012743592,33.520425458085,0.0,false
0.8483706427227304,0.9991439844434165,1.0E-4,0.001,0.9967799967514008,5.0,0.0,0.0,10.0,0.0,random,0.005,0.0,0.5,0.02176606915995803,33.52011236858698,0.0,false
0.8482383721898167,0.9992302836343427,1.0E-4,0.001,0.9969974527960761,5.0,0.0,0.0,10.0,0.0,random,0.005,0.0,0.5,0.023111508768313412,33.55272575813018,0.0,false
0.848356037341693,0.9991813362534587,1.0E-4,0.001,0.9968392830167428,5.0,0.0,0.0,10.0,0.0,random,0.005,0.0,0.5,0.022662559935574818,33.52375651864005,0.0,false
0.8483044609348892,0.9991935241514713,1.0E-4,0.001,0.9968914438566986,5.0,0.0,0.0,10.0,0.0,random,0.005,0.0,0.5,0.024113384863938776,33.536323489948884,0.0,false
0.8483398032141487,0.9991469466446977,1.0E-4,0.001,0.9967772329500649,5.0,0.0,0.0,10.0,0.0,random,0.005,0.0,0.5,0.02429837155787456,33.527587790561846,0.0,false
0.8482493831487639,0.9992626753674116,1.0E-4,0.001,0.9970126722952416,5.0,0.0,0.0,10.0,0.0,random,0.005,0.0,0.5,0.02261656855854965,33.5500234188571,0.0,false
0.8483795124148701,0.9991285195453173,1.0E-4,0.001,0.9966550820896168,5.0,0.0,0.0,10.0,0.0,random,0.005,0.0,0.5,0.022023296826542107,33.51776412917368,0.0,false
0.8482343263094679,0.9991534953428021,1.0E-4,0.001,0.9968571402804131,5.0,0.0,0.0,10.0,0.0,random,0.005,0.0,0.5,0.026546524747944795,33.553164131113256,0.0,false
0.8483494067670069,0.9990928834384413,1.0E-4,0.001,0.9965463092005041,5.0,0.0,0.0,10.0,0.0,random,0.005,0.0,0.5,0.024403138858642592,33.525004837446126,0.0,false
0.8483494067670071,0.9990928834384416,1.0E-4,0.001,0.9965463092005041,5.0,0.0,0.0,10.0,0.0,random,0.005,0.0,0.5,0.024403138858642683,33.52500483744617,0.0,false
0.848249383148764,0.9992626753674113,1.0E-4,0.001,0.9970126722952417,5.0,0.0,0.0,10.0,0.0,random,0.005,0.0,0.5,0.02261656855854929,33.55002341885705,0.0,false
0.8482627785286719,0.9990203597661665,1.0E-4,0.001,0.9960548760218805,5.0,0.0,0.0,10.0,0.0,random,0.005,0.0,0.5,0.026604492459862857,33.54597075563767,0.0,false
0.848238372189817,0.9992302836343436,1.0E-4,0.001,0.9969974527960761,5.0,0.0,0.0,10.0,0.0,random,0.005,0.0,0.5,0.02311150876831339,33.5527257581302,0.0,false
0.7261784875522626,0.9989034765571131,1.0E-4,0.001,0.996855576513346,5.0,0.0,0.0,10.0,0.0,random,0.01,0.0,0.0,0.029165040554534456,33.23401288018408,0.0,false
0.7261189076076348,0.9990899024733856,1.0E-4,0.001,0.9971715826842671,5.0,0.0,0.0,10.0,0.0,random,0.01,0.0,0.0,0.025566277724487343,33.24371660933748,0.0,false
0.7262999060741153,0.9988846331087242,1.0E-4,0.001,0.9968984629623976,5.0,0.0,0.0,10.0,0.0,random,0.01,0.0,0.0,0.023845183180683897,33.216218427049654,0.0,false
0.726257940320188,0.9988290377557194,1.0E-4,0.001,0.996591660981853,5.0,0.0,0.0,10.0,0.0,random,0.01,0.0,0.0,0.027537041833749082,33.22214796629968,0.0,false
0.7262828349902762,0.9988702522162496,1.0E-4,0.001,0.9968088845588274,5.0,0.0,0.0,10.0,0.0,random,0.01,0.0,0.0,0.026185463387464396,33.2186641575034,0.0,false
0.7259737200943215,0.9991466978664094,1.0E-4,0.001,0.997202244826794,5.0,0.0,0.0,10.0,0.0,random,0.01,0.0,0.0,0.025667545489187413,33.26543262881248,0.0,false
0.7262013070432044,0.9990539017125561,1.0E-4,0.001,0.9971530338780357,5.0,0.0,0.0,10.0,0.0,random,0.01,0.0,0.0,0.02334308053707418,33.23188563319464,0.0,false
0.7261189076076344,0.9990899024733846,1.0E-4,0.001,0.9971715826842671,5.0,0.0,0.0,10.0,0.0,random,0.01,0.0,0.0,0.02556627772448736,33.24371660933747,0.0,false
0.7262951709081684,0.9988955940424153,1.0E-4,0.001,0.9968995351486735,5.0,0.0,0.0,10.0,0.0,random,0.01,0.0,0.0,0.024853523218107527,33.216973757142995,0.0,false
0.7261958349050668,0.9990825936882678,1.0E-4,0.001,0.9971621351804458,5.0,0.0,0.0,10.0,0.0,random,0.01,0.0,0.0,0.023219581972133432,33.23274108942837,0.0,false
0.7261189076076344,0.9990899024733849,1.0E-4,0.001,0.9971715826842669,5.0,0.0,0.0,10.0,0.0,random,0.01,0.0,0.0,0.025566277724487475,33.243716609337454,0.0,false
0.7262624751588883,0.9987923079189679,1.0E-4,0.001,0.996585329635057,5.0,0.0,0.0,10.0,0.0,random,0.01,0.0,0.0,0.025057420738932034,33.221158587689445,0.0,false
0.726203208614914,0.9988489595758507,1.0E-4,0.001,0.9966267807743143,5.0,0.0,0.0,10.0,0.0,random,0.01,0.0,0.0,0.029082647476961015,33.23027923043116,0.0,false
0.7261189076076345,0.9990899024733849,1.0E-4,0.001,0.9971715826842668,5.0,0.0,0.0,10.0,0.0,random,0.01,0.0,0.0,0.025566277724487278,33.2437166093375,0.0,false
0.7262013070432043,0.999053901712556,1.0E-4,0.001,0.9971530338780347,5.0,0.0,0.0,10.0,0.0,random,0.01,0.0,0.0,0.023343080537074137,33.23188563319465,0.0,false
0.7262777220536962,0.9989312631195658,1.0E-4,0.001,0.9970433126389872,5.0,0.0,0.0,10.0,0.0,random,0.01,0.0,0.0,0.023870971684614932,33.21996778692811,0.0,false
0.7261960776279276,0.9990750659142676,1.0E-4,0.001,0.9971585393644272,5.0,0.0,0.0,10.0,0.0,random,0.01,0.0,0.0,0.023917496006682148,33.23258464464326,0.0,false
0.7260915114771618,0.999098855560035,1.0E-4,0.001,0.9971791952888609,5.0,0.0,0.0,10.0,0.0,random,0.01,0.0,0.0,0.02444339089364013,33.248220785263726,0.0,false
0.7262951709081688,0.9988955940424147,1.0E-4,0.001,0.9968995351486737,5.0,0.0,0.0,10.0,0.0,random,0.01,0.0,0.0,0.02485352321810774,33.216973757142995,0.0,false
0.7261887375291556,0.9987297059477441,1.0E-4,0.001,0.9959789822428473,5.0,0.0,0.0,10.0,0.0,random,0.01,0.0,0.0,0.02553194268651481,33.23145431111734,0.0,false
0.7261244823326821,0.9990228194500533,1.0E-4,0.001,0.9971197753585861,5.0,0.0,0.0,10.0,0.0,random,0.01,0.0,0.0,0.027690666429665306,33.242441121636624,0.0,false
0.7261050725948102,0.9991319865734158,1.0E-4,0.001,0.9971858666365367,5.0,0.0,0.0,10.0,0.0,random,0.01,0.0,0.0,0.02425575551267737,33.246070846490426,0.0,false
0.726299906074115,0.9988846331087244,1.0E-4,0.001,0.9968984629623979,5.0,0.0,0.0,10.0,0.0,random,0.01,0.0,0.0,0.02384518318068376,33.216218427049654,0.0,false
0.7262448633908841,0.9989096635664221,1.0E-4,0.001,0.9969330753137766,5.0,0.0,0.0,10.0,0.0,random,0.01,0.0,0.0,0.02773507601142395,33.22450250248343,0.0,false
0.7262988664447807,0.9989020160118374,1.0E-4,0.001,0.9969243058566657,5.0,0.0,0.0,10.0,0.0,random,0.01,0.0,0.0,0.02402248777222165,33.21646129150315,0.0,false
0.726268776532735,0.9990008608377448,1.0E-4,0.001,0.9971034965071917,5.0,0.0,0.0,10.0,0.0,random,0.01,0.0,0.0,0.02338611367410607,33.22159661264428,0.0,false
0.7262013070432048,0.9990539017125569,1.0E-4,0.001,0.9971530338780359,5.0,0.0,0.0,10.0,0.0,random,0.01,0.0,0.0,0.023343080537073936,33.23188563319462,0.0,false
0.7262448633908837,0.9989096635664215,1.0E-4,0.001,0.9969330753137768,5.0,0.0,0.0,10.0,0.0,random,0.01,0.0,0.0,0.027735076011423977,33.224502502483475,0.0,false
0.726201307043204,0.9990539017125561,1.0E-4,0.001,0.9971530338780356,5.0,0.0,0.0,10.0,0.0,random,0.01,0.0,0.0,0.023343080537074113,33.23188563319461,0.0,false
0.7262750424453366,0.9989801462047603,1.0E-4,0.001,0.997089852154453,5.0,0.0,0.0,10.0,0.0,random,0.01,0.0,0.0,0.02319651454378106,33.220599021175786,0.0,false
0.7261244823326813,0.999022819450055,1.0E-4,0.001,0.9971197753585856,5.0,0.0,0.0,10.0,0.0,random,0.01,0.0,0.0,0.02769066642966527,33.2424411216366,0.0,false
0.7262448633908837,0.9989096635664224,1.0E-4,0.001,0.9969330753137763,5.0,0.0,0.0,10.0,0.0,random,0.01,0.0,0.0,0.027735076011423818,33.22450250248345,0.0,false
0.7262013070432036,0.9990539017125555,1.0E-4,0.001,0.9971530338780357,5.0,0.0,0.0,10.0,0.0,random,0.01,0.0,0.0,0.023343080537074203,33.231885633194615,0.0,false
0.7261050725948104,0.9991319865734156,1.0E-4,0.001,0.997185866636538,5.0,0.0,0.0,10.0,0.0,random,0.01,0.0,0.0,0.024255755512677092,33.24607084649042,0.0,false
0.7262013070432038,0.9990539017125557,1.0E-4,0.001,0.9971530338780357,5.0,0.0,0.0,10.0,0.0,random,0.01,0.0,0.0,0.023343080537074075,33.23188563319463,0.0,false
0.7262603800721825,0.9989608227944491,1.0E-4,0.001,0.9970489047470974,5.0,0.0,0.0,10.0,0.0,random,0.01,0.0,0.0,0.025762303483567756,33.222531615266846,0.0,false
0.7261050725948107,0.9991319865734158,1.0E-4,0.001,0.9971858666365372,5.0,0.0,0.0,10.0,0.0,random,0.01,0.0,0.0,0.02425575551267737,33.24607084649044,0.0,false
0.7261050725948106,0.9991319865734156,1.0E-4,0.001,0.997185866636537,5.0,0.0,0.0,10.0,0.0,random,0.01,0.0,0.0,0.024255755512677158,33.24607084649045,0.0,false
0.7262579403201882,0.9988290377557191,1.0E-4,0.001,0.9965916609818531,5.0,0.0,0.0,10.0,0.0,random,0.01,0.0,0.0,0.027537041833749068,33.22214796629967,0.0,false
0.7262603800721817,0.9989608227944494,1.0E-4,0.001,0.9970489047470973,5.0,0.0,0.0,10.0,0.0,random,0.01,0.0,0.0,0.025762303483567707,33.22253161526686,0.0,false
0.7262032086149139,0.9988489595758503,1.0E-4,0.001,0.9966267807743133,5.0,0.0,0.0,10.0,0.0,random,0.01,0.0,0.0,0.029082647476960818,33.23027923043115,0.0,false
0.7262579403201871,0.9988290377557199,1.0E-4,0.001,0.9965916609818526,5.0,0.0,0.0,10.0,0.0,random,0.01,0.0,0.0,0.027537041833749096,33.22214796629969,0.0,false
0.7262930298225232,0.9988452177750095,1.0E-4,0.001,0.9968074561953266,5.0,0.0,0.0,10.0,0.0,random,0.01,0.0,0.0,0.02424145339611587,33.21701231346617,0.0,false
0.7262448633908838,0.9989096635664215,1.0E-4,0.001,0.9969330753137766,5.0,0.0,0.0,10.0,0.0,random,0.01,0.0,0.0,0.027735076011423852,33.224502502483496,0.0,false
0.7262750424453366,0.9989801462047616,1.0E-4,0.001,0.997089852154453,5.0,0.0,0.0,10.0,0.0,random,0.01,0.0,0.0,0.02319651454378101,33.22059902117578,0.0,false
0.726275042445336,0.9989801462047607,1.0E-4,0.001,0.9970898521544524,5.0,0.0,0.0,10.0,0.0,random,0.01,0.0,0.0,0.023196514543781188,33.22059902117577,0.0,false
0.7261958349050667,0.9990825936882681,1.0E-4,0.001,0.9971621351804458,5.0,0.0,0.0,10.0,0.0,random,0.01,0.0,0.0,0.023219581972133387,33.23274108942834,0.0,false
0.7262032086149134,0.9988489595758498,1.0E-4,0.001,0.9966267807743134,5.0,0.0,0.0,10.0,0.0,random,0.01,0.0,0.0,0.029082647476960842,33.230279230431144,0.0,false
0.7262687765327348,0.9990008608377454,1.0E-4,0.001,0.9971034965071925,5.0,0.0,0.0,10.0,0.0,random,0.01,0.0,0.0,0.023386113674105927,33.22159661264425,0.0,false
0.7262988664447816,0.9989020160118386,1.0E-4,0.001,0.9969243058566664,5.0,0.0,0.0,10.0,0.0,random,0.01,0.0,0.0,0.024022487772221608,33.21646129150318,0.0,false
0.7261784875522628,0.9989034765571129,1.0E-4,0.001,0.996855576513346,5.0,0.0,0.0,10.0,0.0,random,0.01,0.0,0.0,0.029165040554534366,33.23401288018407,0.0,false
0.7262579403201874,0.9988290377557183,1.0E-4,0.001,0.996591660981853,5.0,0.0,0.0,10.0,0.0,random,0.01,0.0,0.0,0.02753704183374909,33.2221479662997,0.0,false
0.7261244823326826,0.9990228194500533,1.0E-4,0.001,0.9971197753585859,5.0,0.0,0.0,10.0,0.0,random,0.01,0.0,0.0,0.027690666429665296,33.24244112163658,0.0,false
0.7262930298225224,0.9988452177750098,1.0E-4,0.001,0.9968074561953263,5.0,0.0,0.0,10.0,0.0,random,0.01,0.0,0.0,0.02424145339611582,33.21701231346614,0.0,false
0.726095540288604,0.999133316489393,1.0E-4,0.001,0.9971865694260523,5.0,0.0,0.0,10.0,0.0,random,0.01,0.0,0.0,0.023924454033183506,33.24762367135832,0.0,false
0.7261937020073719,0.9989773412807679,1.0E-4,0.001,0.9970630379986465,5.0,0.0,0.0,10.0,0.0,random,0.01,0.0,0.0,0.027595609177288403,33.2322517508169,0.0,false
0.726178487552263,0.9989034765571131,1.0E-4,0.001,0.9968555765133452,5.0,0.0,0.0,10.0,0.0,random,0.01,0.0,0.0,0.02916504055453434,33.23401288018408,0.0,false
0.7261960776279281,0.9990750659142686,1.0E-4,0.001,0.9971585393644276,5.0,0.0,0.0,10.0,0.0,random,0.01,0.0,0.0,0.02391749600668233,33.23258464464327,0.0,false
0.7262603800721826,0.99896082279445,1.0E-4,0.001,0.9970489047470973,5.0,0.0,0.0,10.0,0.0,random,0.01,0.0,0.0,0.025762303483567835,33.22253161526686,0.0,false
0.7260915114771631,0.9990988555600353,1.0E-4,0.001,0.9971791952888602,5.0,0.0,0.0,10.0,0.0,random,0.01,0.0,0.0,0.02444339089364005,33.24822078526371,0.0,false
0.7262777220536969,0.9989312631195661,1.0E-4,0.001,0.9970433126389868,5.0,0.0,0.0,10.0,0.0,random,0.01,0.0,0.0,0.0238709716846149,33.219967786928116,0.0,false
0.7262013070432043,0.9990539017125561,1.0E-4,0.001,0.9971530338780357,5.0,0.0,0.0,10.0,0.0,random,0.01,0.0,0.0,0.023343080537073953,33.231885633194636,0.0,false
0.7262603800721827,0.9989608227944498,1.0E-4,0.001,0.997048904747097,5.0,0.0,0.0,10.0,0.0,random,0.01,0.0,0.0,0.02576230348356774,33.22253161526685,0.0,false
0.7261840766885806,0.9987854156082379,1.0E-4,0.001,0.9960450199156746,5.0,0.0,0.0,10.0,0.0,random,0.01,0.0,0.0,0.028239546265500494,33.23282965532848,0.0,false
0.7261189076076353,0.9990899024733849,1.0E-4,0.001,0.9971715826842668,5.0,0.0,0.0,10.0,0.0,random,0.01,0.0,0.0,0.025566277724487285,33.24371660933751,0.0,false
0.7262032086149145,0.9988489595758498,1.0E-4,0.001,0.9966267807743139,5.0,0.0,0.0,10.0,0.0,random,0.01,0.0,0.0,0.02908264747696092,33.23027923043115,0.0,false
0.7262640273449888,0.9989939253618632,1.0E-4,0.001,0.9970931446108338,5.0,0.0,0.0,10.0,0.0,random,0.01,0.0,0.0,0.02425134435599217,33.22221461176584,0.0,false
0.7261784875522631,0.9989034765571134,1.0E-4,0.001,0.9968555765133458,5.0,0.0,0.0,10.0,0.0,random,0.01,0.0,0.0,0.029165040554534324,33.23401288018406,0.0,false
0.7262032086149139,0.9988489595758502,1.0E-4,0.001,0.9966267807743131,5.0,0.0,0.0,10.0,0.0,random,0.01,0.0,0.0,0.029082647476960898,33.230279230431144,0.0,false
0.7261784875522636,0.9989034765571129,1.0E-4,0.001,0.9968555765133451,5.0,0.0,0.0,10.0,0.0,random,0.01,0.0,0.0,0.02916504055453441,33.23401288018405,0.0,false
0.7262828349902762,0.9988702522162494,1.0E-4,0.001,0.9968088845588268,5.0,0.0,0.0,10.0,0.0,random,0.01,0.0,0.0,0.026185463387464393,33.2186641575034,0.0,false
0.726201307043204,0.9990539017125564,1.0E-4,0.001,0.9971530338780361,5.0,0.0,0.0,10.0,0.0,random,0.01,0.0,0.0,0.023343080537074307,33.23188563319464,0.0,false
0.7262624751588885,0.9987923079189667,1.0E-4,0.001,0.9965853296350572,5.0,0.0,0.0,10.0,0.0,random,0.01,0.0,0.0,0.025057420738932155,33.22115858768942,0.0,false
0.7262013070432047,0.9990539017125557,1.0E-4,0.001,0.9971530338780352,5.0,0.0,0.0,10.0,0.0,random,0.01,0.0,0.0,0.02334308053707409,33.23188563319463,0.0,false
0.726244863390884,0.9989096635664214,1.0E-4,0.001,0.9969330753137765,5.0,0.0,0.0,10.0,0.0,random,0.01,0.0,0.0,0.027735076011423845,33.22450250248346,0.0,false
0.7262999060741151,0.9988846331087236,1.0E-4,0.001,0.9968984629623983,5.0,0.0,0.0,10.0,0.0,random,0.01,0.0,0.0,0.02384518318068401,33.21621842704961,0.0,false
0.7259737200943224,0.999146697866409,1.0E-4,0.001,0.9972022448267935,5.0,0.0,0.0,10.0,0.0,random,0.01,0.0,0.0,0.025667545489187288,33.26543262881248,0.0,false
0.7262032086149139,0.9988489595758502,1.0E-4,0.001,0.9966267807743131,5.0,0.0,0.0,10.0,0.0,random,0.01,0.0,0.0,0.029082647476960967,33.23027923043115,0.0,false
0.7262951709081686,0.9988955940424147,1.0E-4,0.001,0.9968995351486734,5.0,0.0,0.0,10.0,0.0,random,0.01,0.0,0.0,0.024853523218107604,33.216973757142966,0.0,false
0.7261050725948105,0.9991319865734156,1.0E-4,0.001,0.9971858666365367,5.0,0.0,0.0,10.0,0.0,random,0.01,0.0,0.0,0.024255755512677137,33.24607084649041,0.0,false
0.7262687765327351,0.9990008608377454,1.0E-4,0.001,0.9971034965071923,5.0,0.0,0.0,10.0,0.0,random,0.01,0.0,0.0,0.023386113674106052,33.22159661264426,0.0,false
0.7262687765327344,0.9990008608377448,1.0E-4,0.001,0.9971034965071917,5.0,0.0,0.0,10.0,0.0,random,0.01,0.0,0.0,0.023386113674106094,33.22159661264426,0.0,false
0.7261979506902771,0.9990382156554295,1.0E-4,0.001,0.9971349474169198,5.0,0.0,0.0,10.0,0.0,random,0.01,0.0,0.0,0.02542771778900065,33.23203101463087,0.0,false
0.7261887375291551,0.998729705947745,1.0E-4,0.001,0.9959789822428484,5.0,0.0,0.0,10.0,0.0,random,0.01,0.0,0.0,0.025531942686514784,33.23145431111736,0.0,false
0.7262930298225228,0.9988452177750095,1.0E-4,0.001,0.9968074561953257,5.0,0.0,0.0,10.0,0.0,random,0.01,0.0,0.0,0.024241453396115845,33.21701231346613,0.0,false
0.7262930298225236,0.9988452177750093,1.0E-4,0.001,0.9968074561953266,5.0,0.0,0.0,10.0,0.0,random,0.01,0.0,0.0,0.024241453396115692,33.217012313466164,0.0,false
0.7262999060741158,0.9988846331087242,1.0E-4,0.001,0.9968984629623986,5.0,0.0,0.0,10.0,0.0,random,0.01,0.0,0.0,0.023845183180683814,33.21621842704965,0.0,false
0.7261979506902768,0.9990382156554306,1.0E-4,0.001,0.9971349474169192,5.0,0.0,0.0,10.0,0.0,random,0.01,0.0,0.0,0.02542771778900074,33.23203101463086,0.0,false
0.7262603800721823,0.9989608227944498,1.0E-4,0.001,0.9970489047470967,5.0,0.0,0.0,10.0,0.0,random,0.01,0.0,0.0,0.025762303483567624,33.22253161526683,0.0,false
0.7261960776279283,0.9990750659142678,1.0E-4,0.001,0.9971585393644267,5.0,0.0,0.0,10.0,0.0,random,0.01,0.0,0.0,0.023917496006682363,33.23258464464324,0.0,false
0.7261958349050669,0.9990825936882696,1.0E-4,0.001,0.9971621351804458,5.0,0.0,0.0,10.0,0.0,random,0.01,0.0,0.0,0.0232195819721333,33.23274108942836,0.0,false
0.7262951709081681,0.9988955940424149,1.0E-4,0.001,0.9968995351486734,5.0,0.0,0.0,10.0,0.0,random,0.01,0.0,0.0,0.024853523218107618,33.21697375714303,0.0,false
0.7261840766885806,0.9987854156082381,1.0E-4,0.001,0.9960450199156765,5.0,0.0,0.0,10.0,0.0,random,0.01,0.0,0.0,0.028239546265500383,33.23282965532847,0.0,false
0.7262013070432036,0.9990539017125566,1.0E-4,0.001,0.9971530338780356,5.0,0.0,0.0,10.0,0.0,random,0.01,0.0,0.0,0.023343080537073922,33.231885633194636,0.0,false
0.726293029822523,0.9988452177750097,1.0E-4,0.001,0.9968074561953255,5.0,0.0,0.0,10.0,0.0,random,0.01,0.0,0.0,0.024241453396115848,33.21701231346615,0.0,false
0.7262448633908839,0.9989096635664223,1.0E-4,0.001,0.996933075313776,5.0,0.0,0.0,10.0,0.0,random,0.01,0.0,0.0,0.02773507601142391,33.22450250248349,0.0,false
0.7262013070432046,0.999053901712556,1.0E-4,0.001,0.9971530338780353,5.0,0.0,0.0,10.0,0.0,random,0.01,0.0,0.0,0.023343080537074182,33.231885633194615,0.0,false
0.7259737200943218,0.9991466978664091,1.0E-4,0.001,0.9972022448267936,5.0,0.0,0.0,10.0,0.0,random,0.01,0.0,0.0,0.025667545489187385,33.26543262881251,0.0,false
0.7262930298225224,0.9988452177750091,1.0E-4,0.001,0.9968074561953266,5.0,0.0,0.0,10.0,0.0,random,0.01,0.0,0.0,0.02424145339611579,33.21701231346613,0.0,false
0.7261244823326821,0.9990228194500547,1.0E-4,0.001,0.9971197753585855,5.0,0.0,0.0,10.0,0.0,random,0.01,0.0,0.0,0.027690666429665202,33.242441121636574,0.0,false
0.8483839659177168,0.9991203114519259,1.0E-4,0.001,0.9966311078806614,5.0,0.0,0.0,10.0,0.0,random,0.005,0.0,0.0,0.021568541320515163,33.5166403037162,0.0,false
0.8483170129859529,0.9992305820776882,1.0E-4,0.001,0.9969428153771089,5.0,0.0,0.0,10.0,0.0,random,0.005,0.0,0.0,0.02248646956496873,33.53342315923667,0.0,false
0.8483398032141493,0.9991469466446979,1.0E-4,0.001,0.9967772329500661,5.0,0.0,0.0,10.0,0.0,random,0.005,0.0,0.0,0.024298371557874465,33.527587790561874,0.0,false
0.8483190519660372,0.9991675344179523,1.0E-4,0.001,0.9968904964095666,5.0,0.0,0.0,10.0,0.0,random,0.005,0.0,0.0,0.022599211530585167,33.53289520789752,0.0,false
0.8483839659177169,0.999120311451925,1.0E-4,0.001,0.9966311078806608,5.0,0.0,0.0,10.0,0.0,random,0.005,0.0,0.0,0.021568541320515177,33.516640303716166,0.0,false
0.8482560747679001,0.9990796630068778,1.0E-4,0.001,0.9965821535218891,5.0,0.0,0.0,10.0,0.0,random,0.005,0.0,0.0,0.0275113030624002,33.5476727365875,0.0,false
0.8483706427227308,0.9991439844434172,1.0E-4,0.001,0.9967799967514015,5.0,0.0,0.0,10.0,0.0,random,0.005,0.0,0.0,0.021766069159957876,33.52011236858699,0.0,false
0.8482808203812873,0.9991351076543027,1.0E-4,0.001,0.9967873868020626,5.0,0.0,0.0,10.0,0.0,random,0.005,0.0,0.0,0.02635761706736954,33.54186879535874,0.0,false
0.8482627785286726,0.9990203597661659,1.0E-4,0.001,0.9960548760218808,5.0,0.0,0.0,10.0,0.0,random,0.005,0.0,0.0,0.026604492459862846,33.54597075563769,0.0,false
0.848312241401928,0.9991011148266621,1.0E-4,0.001,0.996652075782693,5.0,0.0,0.0,10.0,0.0,random,0.005,0.0,0.0,0.026260588657098877,33.534141018044416,0.0,false
0.848249383148764,0.9992626753674108,1.0E-4,0.001,0.997012672295241,5.0,0.0,0.0,10.0,0.0,random,0.005,0.0,0.0,0.022616568558549682,33.550023418857066,0.0,false
0.8483494067670068,0.9990928834384404,1.0E-4,0.001,0.9965463092005036,5.0,0.0,0.0,10.0,0.0,random,0.005,0.0,0.0,0.024403138858642526,33.52500483744615,0.0,false
0.8483170446004739,0.9990559600473982,1.0E-4,0.001,0.9963806009609579,5.0,0.0,0.0,10.0,0.0,random,0.005,0.0,0.0,0.0259640280305741,33.53280380773685,0.0,false
0.8483684897208491,0.999117831541862,1.0E-4,0.001,0.9966291085987347,5.0,0.0,0.0,10.0,0.0,random,0.005,0.0,0.0,0.02300613301274377,33.520425458084986,0.0,false
0.8483706427227297,0.9991439844434173,1.0E-4,0.001,0.9967799967514012,5.0,0.0,0.0,10.0,0.0,random,0.005,0.0,0.0,0.021766069159957917,33.52011236858701,0.0,false
0.8483231883077205,0.9992206896602389,1.0E-4,0.001,0.9969431524875781,5.0,0.0,0.0,10.0,0.0,random,0.005,0.0,0.0,0.02171658319952281,33.53198701125199,0.0,false
0.8483122414019281,0.9991011148266622,1.0E-4,0.001,0.996652075782693,5.0,0.0,0.0,10.0,0.0,random,0.005,0.0,0.0,0.026260588657098873,33.53414101804443,0.0,false
0.8483597985862573,0.9990487449213193,1.0E-4,0.001,0.9963773505143726,5.0,0.0,0.0,10.0,0.0,random,0.005,0.0,0.0,0.022402512256272846,33.52224924230931,0.0,false
0.8482564873430405,0.9992566276300228,1.0E-4,0.001,0.9969982974312057,5.0,0.0,0.0,10.0,0.0,random,0.005,0.0,0.0,0.023014509184017977,33.54819116537119,0.0,false
0.8483839659177168,0.9991203114519248,1.0E-4,0.001,0.9966311078806614,5.0,0.0,0.0,10.0,0.0,random,0.005,0.0,0.0,0.021568541320515125,33.51664030371613,0.0,false
0.8483190519660366,0.9991675344179526,1.0E-4,0.001,0.9968904964095665,5.0,0.0,0.0,10.0,0.0,random,0.005,0.0,0.0,0.022599211530585125,33.532895207897475,0.0,false
0.8481475617817437,0.9992433560903768,1.0E-4,0.001,0.9970391496176022,5.0,0.0,0.0,10.0,0.0,random,0.005,0.0,0.0,0.024597093346252832,33.574757591738916,0.0,false
0.8483560373416921,0.9991813362534587,1.0E-4,0.001,0.9968392830167438,5.0,0.0,0.0,10.0,0.0,random,0.005,0.0,0.0,0.02266255993557512,33.52375651864008,0.0,false
0.8483398032141483,0.9991469466446985,1.0E-4,0.001,0.9967772329500648,5.0,0.0,0.0,10.0,0.0,random,0.005,0.0,0.0,0.024298371557874517,33.52758779056185,0.0,false
0.8483560373416925,0.9991813362534587,1.0E-4,0.001,0.9968392830167428,5.0,0.0,0.0,10.0,0.0,random,0.005,0.0,0.0,0.022662559935575085,33.52375651864007,0.0,false
0.8483684897208482,0.9991178315418614,1.0E-4,0.001,0.996629108598734,5.0,0.0,0.0,10.0,0.0,random,0.005,0.0,0.0,0.023006133012743662,33.52042545808497,0.0,false
0.8483170129859534,0.9992305820776882,1.0E-4,0.001,0.9969428153771086,5.0,0.0,0.0,10.0,0.0,random,0.005,0.0,0.0,0.022486469564968633,33.53342315923663,0.0,false
0.8482493831487642,0.9992626753674112,1.0E-4,0.001,0.9970126722952414,5.0,0.0,0.0,10.0,0.0,random,0.005,0.0,0.0,0.022616568558549377,33.550023418857066,0.0,false
0.8482666642159611,0.9990520835490021,1.0E-4,0.001,0.996407212104258,5.0,0.0,0.0,10.0,0.0,random,0.005,0.0,0.0,0.027515178334134506,33.54508996785722,0.0,false
0.8483190519660362,0.999167534417953,1.0E-4,0.001,0.9968904964095661,5.0,0.0,0.0,10.0,0.0,random,0.005,0.0,0.0,0.02259921153058505,33.53289520789752,0.0,false
0.8483560373416926,0.999181336253459,1.0E-4,0.001,0.9968392830167433,5.0,0.0,0.0,10.0,0.0,random,0.005,0.0,0.0,0.02266255993557515,33.523756518640084,0.0,false
0.848312241401928,0.9991011148266628,1.0E-4,0.001,0.9966520757826934,5.0,0.0,0.0,10.0,0.0,random,0.005,0.0,0.0,0.026260588657098727,33.53414101804442,0.0,false
0.8483398032141506,0.9991469466446986,1.0E-4,0.001,0.9967772329500652,5.0,0.0,0.0,10.0,0.0,random,0.005,0.0,0.0,0.024298371557874638,33.52758779056185,0.0,false
0.8482531352565013,0.999217252662869,1.0E-4,0.001,0.9969513831569924,5.0,0.0,0.0,10.0,0.0,random,0.005,0.0,0.0,0.024359022144068414,33.5488251463085,0.0,false
0.8483190519660363,0.9991675344179527,1.0E-4,0.001,0.9968904964095665,5.0,0.0,0.0,10.0,0.0,random,0.005,0.0,0.0,0.02259921153058488,33.532895207897504,0.0,false
0.8482383721898162,0.999230283634344,1.0E-4,0.001,0.9969974527960757,5.0,0.0,0.0,10.0,0.0,random,0.005,0.0,0.0,0.023111508768313416,33.55272575813019,0.0,false
0.8483668353830899,0.9991938111368668,1.0E-4,0.001,0.9968587568624724,5.0,0.0,0.0,10.0,0.0,random,0.005,0.0,0.0,0.02164825125102815,33.52118008290826,0.0,false
0.8482808203812868,0.9991351076543034,1.0E-4,0.001,0.9967873868020626,5.0,0.0,0.0,10.0,0.0,random,0.005,0.0,0.0,0.0263576170673694,33.541868795358724,0.0,false
0.8483668353830894,0.9991938111368664,1.0E-4,0.001,0.9968587568624712,5.0,0.0,0.0,10.0,0.0,random,0.005,0.0,0.0,0.021648251251027976,33.521180082908245,0.0,false
0.8482383721898161,0.9992302836343436,1.0E-4,0.001,0.9969974527960754,5.0,0.0,0.0,10.0,0.0,random,0.005,0.0,0.0,0.02311150876831334,33.552725758130144,0.0,false
0.848322917885667,0.9992412339110986,1.0E-4,0.001,0.9969586488284747,5.0,0.0,0.0,10.0,0.0,random,0.005,0.0,0.0,0.021672811339744885,33.53206265086013,0.0,false
0.8483170129859525,0.9992305820776892,1.0E-4,0.001,0.9969428153771083,5.0,0.0,0.0,10.0,0.0,random,0.005,0.0,0.0,0.022486469564968546,33.53342315923669,0.0,false
0.8483706427227291,0.999143984443417,1.0E-4,0.001,0.9967799967514013,5.0,0.0,0.0,10.0,0.0,random,0.005,0.0,0.0,0.02176606915995799,33.52011236858699,0.0,false
0.8482627785286719,0.9990203597661651,1.0E-4,0.001,0.9960548760218811,5.0,0.0,0.0,10.0,0.0,random,0.005,0.0,0.0,0.0266044924598628,33.54597075563768,0.0,false
0.8483795124148711,0.9991285195453179,1.0E-4,0.001,0.9966550820896171,5.0,0.0,0.0,10.0,0.0,random,0.005,0.0,0.0,0.022023296826542138,33.51776412917372,0.0,false
0.84830446093489,0.9991935241514708,1.0E-4,0.001,0.9968914438566989,5.0,0.0,0.0,10.0,0.0,random,0.005,0.0,0.0,0.024113384863938703,33.53632348994886,0.0,false
0.848372437922607,0.9991822609183717,1.0E-4,0.001,0.9968410420358216,5.0,0.0,0.0,10.0,0.0,random,0.005,0.0,0.0,0.02132970759472878,33.519787970967826,0.0,false
0.8483398032141488,0.9991469466446969,1.0E-4,0.001,0.9967772329500649,5.0,0.0,0.0,10.0,0.0,random,0.005,0.0,0.0,0.02429837155787467,33.52758779056186,0.0,false
0.8483684897208486,0.999117831541862,1.0E-4,0.001,0.9966291085987343,5.0,0.0,0.0,10.0,0.0,random,0.005,0.0,0.0,0.02300613301274363,33.520425458085,0.0,false
0.8482627785286712,0.9990203597661663,1.0E-4,0.001,0.9960548760218805,5.0,0.0,0.0,10.0,0.0,random,0.005,0.0,0.0,0.02660449245986307,33.545970755637654,0.0,false
0.8483724379226067,0.9991822609183717,1.0E-4,0.001,0.9968410420358211,5.0,0.0,0.0,10.0,0.0,random,0.005,0.0,0.0,0.021329707594728874,33.51978797096786,0.0,false
0.8483795124148703,0.9991285195453176,1.0E-4,0.001,0.9966550820896172,5.0,0.0,0.0,10.0,0.0,random,0.005,0.0,0.0,0.022023296826541958,33.517764129173685,0.0,false
0.8483839659177166,0.9991203114519245,1.0E-4,0.001,0.9966311078806618,5.0,0.0,0.0,10.0,0.0,random,0.005,0.0,0.0,0.021568541320515302,33.51664030371618,0.0,false
0.8483684897208486,0.9991178315418614,1.0E-4,0.001,0.9966291085987342,5.0,0.0,0.0,10.0,0.0,random,0.005,0.0,0.0,0.023006133012743867,33.52042545808496,0.0,false
0.8482564873430407,0.9992566276300234,1.0E-4,0.001,0.9969982974312054,5.0,0.0,0.0,10.0,0.0,random,0.005,0.0,0.0,0.02301450918401789,33.54819116537121,0.0,false
0.8483231883077197,0.999220689660238,1.0E-4,0.001,0.9969431524875786,5.0,0.0,0.0,10.0,0.0,random,0.005,0.0,0.0,0.021716583199523045,33.53198701125196,0.0,false
0.8482383721898162,0.9992302836343421,1.0E-4,0.001,0.9969974527960748,5.0,0.0,0.0,10.0,0.0,random,0.005,0.0,0.0,0.023111508768313804,33.552725758130194,0.0,false
0.8483560373416921,0.9991813362534587,1.0E-4,0.001,0.9968392830167435,5.0,0.0,0.0,10.0,0.0,random,0.005,0.0,0.0,0.022662559935574908,33.52375651864007,0.0,false
0.8482666642159613,0.9990520835490018,1.0E-4,0.001,0.9964072121042589,5.0,0.0,0.0,10.0,0.0,random,0.005,0.0,0.0,0.027515178334134454,33.54508996785725,0.0,false
0.8483724379226066,0.9991822609183719,1.0E-4,0.001,0.9968410420358219,5.0,0.0,0.0,10.0,0.0,random,0.005,0.0,0.0,0.02132970759472886,33.51978797096783,0.0,false
0.8482531352565008,0.9992172526628695,1.0E-4,0.001,0.9969513831569927,5.0,0.0,0.0,10.0,0.0,random,0.005,0.0,0.0,0.024359022144068206,33.54882514630851,0.0,false
0.8483668353830894,0.9991938111368667,1.0E-4,0.001,0.996858756862472,5.0,0.0,0.0,10.0,0.0,random,0.005,0.0,0.0,0.021648251251027824,33.52118008290826,0.0,false
0.8483839659177168,0.9991203114519256,1.0E-4,0.001,0.9966311078806611,5.0,0.0,0.0,10.0,0.0,random,0.005,0.0,0.0,0.021568541320515333,33.51664030371614,0.0,false
0.8483578752879704,0.9990831494097483,1.0E-4,0.001,0.9966510887273969,5.0,0.0,0.0,10.0,0.0,random,0.005,0.0,0.0,0.02296752367019887,33.52302201904508,0.0,false
0.8483229178856664,0.9992412339110989,1.0E-4,0.001,0.9969586488284754,5.0,0.0,0.0,10.0,0.0,random,0.005,0.0,0.0,0.021672811339744642,33.53206265086015,0.0,false
0.8483597985862564,0.9990487449213183,1.0E-4,0.001,0.996377350514372,5.0,0.0,0.0,10.0,0.0,random,0.005,0.0,0.0,0.022402512256272794,33.5222492423093,0.0,false
0.8482627785286709,0.9990203597661657,1.0E-4,0.001,0.9960548760218809,5.0,0.0,0.0,10.0,0.0,random,0.005,0.0,0.0,0.02660449245986285,33.545970755637676,0.0,false
0.8483597985862574,0.9990487449213193,1.0E-4,0.001,0.9963773505143715,5.0,0.0,0.0,10.0,0.0,random,0.005,0.0,0.0,0.022402512256272964,33.52224924230933,0.0,false
0.8483795124148712,0.9991285195453181,1.0E-4,0.001,0.9966550820896168,5.0,0.0,0.0,10.0,0.0,random,0.005,0.0,0.0,0.022023296826541888,33.51776412917374,0.0,false
0.8482808203812867,0.9991351076543034,1.0E-4,0.001,0.9967873868020629,5.0,0.0,0.0,10.0,0.0,random,0.005,0.0,0.0,0.026357617067369603,33.54186879535873,0.0,false
0.8482808203812875,0.9991351076543036,1.0E-4,0.001,0.9967873868020624,5.0,0.0,0.0,10.0,0.0,random,0.005,0.0,0.0,0.026357617067369395,33.54186879535877,0.0,false
0.8483839659177163,0.9991203114519257,1.0E-4,0.001,0.9966311078806609,5.0,0.0,0.0,10.0,0.0,random,0.005,0.0,0.0,0.021568541320515396,33.516640303716166,0.0,false
0.8483668353830891,0.9991938111368668,1.0E-4,0.001,0.996858756862472,5.0,0.0,0.0,10.0,0.0,random,0.005,0.0,0.0,0.021648251251027612,33.52118008290824,0.0,false
0.8483170446004743,0.9990559600473978,1.0E-4,0.001,0.9963806009609579,5.0,0.0,0.0,10.0,0.0,random,0.005,0.0,0.0,0.025964028030573884,33.532803807736826,0.0,false
0.8482383721898163,0.9992302836343435,1.0E-4,0.001,0.9969974527960761,5.0,0.0,0.0,10.0,0.0,random,0.005,0.0,0.0,0.023111508768313405,33.55272575813021,0.0,false
0.8483724379226065,0.9991822609183719,1.0E-4,0.001,0.9968410420358218,5.0,0.0,0.0,10.0,0.0,random,0.005,0.0,0.0,0.02132970759472903,33.51978797096787,0.0,false
0.8483597985862568,0.9990487449213187,1.0E-4,0.001,0.9963773505143722,5.0,0.0,0.0,10.0,0.0,random,0.005,0.0,0.0,0.02240251225627282,33.52224924230932,0.0,false
0.8483494067670072,0.9990928834384415,1.0E-4,0.001,0.9965463092005045,5.0,0.0,0.0,10.0,0.0,random,0.005,0.0,0.0,0.02440313885864276,33.52500483744615,0.0,false
0.8482343263094673,0.9991534953428017,1.0E-4,0.001,0.9968571402804124,5.0,0.0,0.0,10.0,0.0,random,0.005,0.0,0.0,0.026546524747945072,33.55316413111325,0.0,false
0.8483494067670085,0.9990928834384416,1.0E-4,0.001,0.9965463092005042,5.0,0.0,0.0,10.0,0.0,random,0.005,0.0,0.0,0.024403138858642606,33.52500483744616,0.0,false
0.8482627785286718,0.9990203597661662,1.0E-4,0.001,0.9960548760218799,5.0,0.0,0.0,10.0,0.0,random,0.005,0.0,0.0,0.026604492459862836,33.54597075563767,0.0,false
0.8483790078737198,0.9990929661970246,1.0E-4,0.001,0.9965492848221409,5.0,0.0,0.0,10.0,0.0,random,0.005,0.0,0.0,0.021709547223302043,33.51774207478256,0.0,false
0.8483724379226063,0.9991822609183719,1.0E-4,0.001,0.9968410420358212,5.0,0.0,0.0,10.0,0.0,random,0.005,0.0,0.0,0.021329707594728752,33.51978797096783,0.0,false
0.848304460934891,0.9991935241514716,1.0E-4,0.001,0.9968914438566983,5.0,0.0,0.0,10.0,0.0,random,0.005,0.0,0.0,0.02411338486393845,33.53632348994888,0.0,false
0.848238372189816,0.9992302836343436,1.0E-4,0.001,0.996997452796076,5.0,0.0,0.0,10.0,0.0,random,0.005,0.0,0.0,0.023111508768313447,33.5527257581302,0.0,false
